base_set,meta,split,train_bs,features,seed,macro_f1,binary_f1,binary_recall,binary_fpr,train_time_sec,stack_minus_best_base,best_base_on_test,spearman_oof_vs_test,best_base_macro_f1,base_test_f1__lightgbm,base_test_f1__xgboost,base_test_f1__rf,base_test_f1__lr,base_test_f1__mlp,base_oof_f1__lightgbm,base_oof_f1__xgboost,base_oof_f1__rf,base_oof_f1__lr,base_oof_f1__mlp,coef_mass__lightgbm,coef_mass__xgboost,coef_mass__rf,coef_mass__lr,coef_mass__mlp,weight__lightgbm,weight__xgboost,weight__rf,weight__lr,weight__mlp
diverse,best_single,cross_station,1,full,1011,0.9338886494582508,0.8853375657985745,0.79498176017573,0.003998840915676615,252.35017323493958,-0.03790293747948281,lr,-0.7,0.9717915869377336,0.9331191209866438,0.9338886494582508,0.9271229355354431,0.9717915869377336,0.9663449396508736,0.997176499944308,0.9976192704413608,0.99725900203199,0.9939794842692579,0.9964835311913911,,,,,,,,,,
diverse,best_single,cross_station,1,full,123,0.9342551818209758,0.8879030433926056,0.7990019697964543,0.0032679738562091504,643.7254893779755,-0.0375352528898496,lr,-0.49999999999999994,0.9717904347108254,0.9325832163456178,0.9342551818209758,0.8996919152481,0.9717904347108254,0.9620983829193768,0.9964338201323844,0.9976058890037971,0.9974026404381762,0.9936843271518865,0.9964638839455175,,,,,,,,,,
diverse,best_single,cross_station,1,full,2026,0.9350991662469199,0.8869314121541805,0.7975868852459016,0.00410654194946672,204.09133863449097,-0.03435324079977686,lr,-0.7,0.9694524070466968,0.9053176489955526,0.9350991662469199,0.9276848794778974,0.9694524070466968,0.9662428063868368,0.9980035939047947,0.998434044213093,0.9976465136673808,0.9940098374032621,0.9960881820305105,,,,,,,,,,
diverse,best_single,cross_station,1,full,3141,0.9339227524448567,0.8850254678856174,0.7940856337289358,0.001775690227975713,232.83751034736633,-0.03908914723096435,lr,-0.7,0.973011899675821,0.9330581477229184,0.9339227524448567,0.9271701206519682,0.973011899675821,0.9695891564751928,0.9972505066993871,0.9978927703675515,0.9973121421544958,0.9939837228022055,0.9964002864326417,,,,,,,,,,
diverse,best_single,cross_station,1,full,42,0.9324811206543243,0.8874371126503828,0.798226629415391,0.003185820203892493,665.7447855472565,-0.04141262638476162,lr,-0.7,0.9738937470390859,0.9324811206543243,0.9346363774494358,0.9224179383120349,0.9738937470390859,0.9660060602176688,0.9979602030291093,0.9976893979370508,0.9967865260485395,0.9932482317559952,0.9967036049018448,,,,,,,,,,
diverse,best_single,cross_station,1,full,4242,0.9325383063730119,0.8877035617869895,0.7984256285736665,0.001897751452067399,236.57515621185303,-0.04282977638942931,lr,-0.7,0.9753680827624412,0.9325383063730119,0.9342148209227372,0.904339276186757,0.9753680827624412,0.9667402968509486,0.9974500462861511,0.9973716024376276,0.996811668436686,0.9934707127765771,0.9966386911495666,,,,,,,,,,
diverse,best_single,cross_station,1,full,456,0.9336446163960963,0.8850049623445618,0.7942289808374919,0.002764499222484594,268.78282856941223,-0.0419289856516164,lr,-0.6,0.9755736020477127,0.9283499394603104,0.9336446163960963,0.9038858599098091,0.9755736020477127,0.9575724444462597,0.9972290959223419,0.9978434651090589,0.997089531087144,0.9940045541247551,0.9966821372314756,,,,,,,,,,
diverse,best_single,cross_station,1,full,5555,0.9334765163730325,0.886195649794602,0.7958143313938251,0.0009123047097730642,231.44921278953552,-0.04112421734235816,lr,-0.7,0.9746007337153907,0.9334765163730325,0.9350348540346245,0.9220821096644772,0.9746007337153907,0.9633901950004125,0.9992666964235885,0.99874566282707,0.9983855403119031,0.9929981259251246,0.9958947139417772,,,,,,,,,,
diverse,best_single,cross_station,1,full,6789,0.934628791051307,0.887786381532114,0.7986016727652901,0.002127659574468085,240.16344022750854,-0.03513695245640003,lr,-0.3,0.9697657435077071,0.9343612066633441,0.934628791051307,0.9049106970826786,0.9697657435077071,0.9669525880328435,0.9972258014129101,0.9976607451327685,0.996608238560163,0.9932281991113364,0.9968028961650709,,,,,,,,,,
diverse,best_single,cross_station,1,full,789,0.931975218421566,0.88709618808823,0.7974650463870377,0.001994756639689958,208.8645703792572,-0.04320927238562133,lr,-0.9999999999999999,0.9751844908071874,0.931975218421566,0.9337792225754065,0.9509459531379326,0.9751844908071874,0.9715809109912082,0.9981729944040517,0.9979012735109811,0.9967367189646217,0.9932831335737318,0.995664658696993,,,,,,,,,,
diverse,best_single,cross_station,2,full,1011,0.7951758232605589,0.9228950751552152,0.9902590185797779,0.6902347145754854,328.6840898990631,-0.09696962815050936,rf,-0.6,0.8921454514110683,0.7922690910087833,0.7951758232605589,0.8921454514110683,0.8823984413269845,0.8895118683966474,0.9987487814617657,0.9990101181859298,0.9980769251887102,0.9962350441051194,0.9985386047543329,,,,,,,,,,
diverse,best_single,cross_station,2,full,123,0.7963580127400448,0.9214534922797735,0.9901904136572555,0.694186446508428,334.32779455184937,-0.09496841140368728,rf,-0.7999999999999999,0.8913264241437321,0.7963580127400448,0.7981289817274776,0.8913264241437321,0.8811610205377556,0.8601302034268352,0.9987334605604737,0.9980309758937618,0.9971300898248558,0.9958390937538739,0.9985615134829273,,,,,,,,,,
diverse,best_single,cross_station,2,full,2026,0.8777996467083029,0.9264223394172114,0.999855737704918,0.69007015342497,285.9667363166809,-0.01545633160334181,rf,-0.49999999999999994,0.8932559783116447,0.7984792640043133,0.797287213082832,0.8932559783116447,0.8859424084609534,0.8777996467083029,0.998350054748879,0.9982808068430185,0.9972503907412222,0.995407245516769,0.9985086145443075,,,,,,,,,,
diverse,best_single,cross_station,2,full,3141,0.7519674819577449,0.9217209915097102,0.9908727296570716,0.6952686447473937,336.4132525920868,-0.139846978213241,rf,-0.7,0.8918144601709859,0.7519674819577449,0.7974737395645272,0.8918144601709859,0.8825349757545559,0.8884737264087493,0.9987444012255376,0.9986230257166012,0.9979039190708612,0.9957260511966075,0.998422052868272,,,,,,,,,,
diverse,best_single,cross_station,2,full,42,0.7997118385374589,0.9219862490450725,0.9893886331142854,0.6925393883225208,245.41337537765503,-0.09244509090285735,rf,0.09999999999999999,0.8921569294403162,0.7947277599216951,0.7997118385374589,0.8921569294403162,0.8832007782286169,0.8870023396200694,0.9973002235606526,0.9987161069820628,0.9976488333614102,0.9957087551951164,0.9984712982294851,,,,,,,,,,
diverse,best_single,cross_station,2,full,4242,0.7950659375307642,0.9220336921486347,0.9895955719171823,0.691414112369889,337.0480442047119,-0.09397904451872585,rf,0.0,0.88904498204949,0.7897239305433861,0.7950659375307642,0.88904498204949,0.8813347779078797,0.8705420402020465,0.9983827136313767,0.998745161839141,0.9984894221232854,0.9951563412412716,0.9984467276727264,,,,,,,,,,
diverse,best_single,cross_station,2,full,456,0.8670925372758899,0.9267318317042074,0.9996594496181906,0.6935437424408224,334.5046181678772,-0.02502840593114919,rf,-0.09999999999999999,0.892120943207039,0.7975713897409418,0.799481377129563,0.892120943207039,0.8850029290558036,0.8670925372758899,0.9976082869188865,0.9982506848229988,0.9977742298579554,0.9950308154508024,0.9984648413553173,,,,,,,,,,
diverse,best_single,cross_station,2,full,5555,0.7970710144327434,0.921243232697654,0.9901058866698118,0.6935226365606112,287.44534039497375,-0.0854414953609226,rf,-0.6,0.882512509793666,0.7735464961099705,0.7970710144327434,0.882512509793666,0.88225878102527,0.8709856738171262,0.9984755609112435,0.998814316239177,0.9982424727813473,0.9958533257521994,0.9985243018120978,,,,,,,,,,
diverse,best_single,cross_station,2,full,6789,0.8796736978813557,0.9271287200712653,0.9996863565081024,0.6901092581943645,332.2294270992279,-0.012702850268331622,rf,0.19999999999999998,0.8923765481496874,0.7898338348468807,0.8029711049628615,0.8923765481496874,0.8840835654044031,0.8796736978813557,0.9966112397174229,0.9977226998748073,0.9973358997472077,0.9967268981547479,0.9988533511322635,,,,,,,,,,
diverse,best_single,cross_station,2,full,789,0.8874501861570626,0.925493803253292,0.9991898601855481,0.6981648238914853,301.6182510852814,-0.005832806767149257,rf,0.09999999999999999,0.8932829929242119,0.8023895657534506,0.7978743458551949,0.8932829929242119,0.8848512601714232,0.8874501861570626,0.9968289090223834,0.998271653544278,0.9980453476851583,0.9952713361373383,0.9987006247280154,,,,,,,,,,
diverse,calibrated,cross_station,1,full,1011,0.9487241223722445,0.9151054445405682,0.8436735921339941,0.000927267458707621,254.5743420124054,-0.023067464565489137,lr,-0.7,0.9717915869377336,0.9331191209866438,0.9338886494582508,0.9271229355354431,0.9717915869377336,0.9663449396508736,0.997176499944308,0.9976192704413608,0.99725900203199,0.9939794842692579,0.9964835311913911,0.21257782455181579,0.20516673734645102,0.19574761607619806,0.19672383128476048,0.18978399074077454,,,,,
diverse,calibrated,cross_station,1,full,123,0.9447990349128129,0.9088213172880627,0.8330663164806303,0.0009746588693957114,645.8965890407562,-0.02699139979801246,lr,-0.49999999999999994,0.9717904347108254,0.9325832163456178,0.9342551818209758,0.8996919152481,0.9717904347108254,0.9620983829193768,0.9964338201323844,0.9976058890037971,0.9974026404381762,0.9936843271518865,0.9964638839455175,0.21624666732588693,0.20547405665450863,0.19699544554690226,0.19378499045620182,0.18749884001650033,,,,,
diverse,calibrated,cross_station,1,full,2026,0.9499825057312629,0.91670514031636,0.8463081967213115,0.0004562824388296355,206.48415327072144,-0.019469901315433913,lr,-0.7,0.9694524070466968,0.9053176489955526,0.9350991662469199,0.9276848794778974,0.9694524070466968,0.9662428063868368,0.9980035939047947,0.998434044213093,0.9976465136673808,0.9940098374032621,0.9960881820305105,0.20904742136865218,0.2088319272339185,0.19482047980579412,0.19737399805271183,0.18992617353892333,,,,,
diverse,calibrated,cross_station,1,full,3141,0.9486228354390543,0.9159150835447716,0.8450068847944397,0.0006873639592164051,234.64827036857605,-0.024389064236766678,lr,-0.7,0.973011899675821,0.9330581477229184,0.9339227524448567,0.9271701206519682,0.973011899675821,0.9695891564751928,0.9972505066993871,0.9978927703675515,0.9973121421544958,0.9939837228022055,0.9964002864326417,0.21659301896989597,0.20751471161729504,0.19388009593974218,0.1926460382793544,0.18936613519371245,,,,,
diverse,calibrated,cross_station,1,full,42,0.9515329237526114,0.9217501943875026,0.855205341098388,0.0017956441149212232,667.956160068512,-0.022360823286474485,lr,-0.7,0.9738937470390859,0.9324811206543243,0.9346363774494358,0.9224179383120349,0.9738937470390859,0.9660060602176688,0.9979602030291093,0.9976893979370508,0.9967865260485395,0.9932482317559952,0.9967036049018448,0.21060475885648608,0.20449093257585865,0.19637421022960247,0.19531867073904022,0.19321142759901258,,,,,
diverse,calibrated,cross_station,1,full,4242,0.9446373933690523,0.9072185534366932,0.8303438552518211,0.0008051066766346541,238.17867231369019,-0.030730689393388966,lr,-0.7,0.9753680827624412,0.9325383063730119,0.9342148209227372,0.904339276186757,0.9753680827624412,0.9667402968509486,0.9974500462861511,0.9973716024376276,0.996811668436686,0.9934707127765771,0.9966386911495666,0.21534206533663128,0.2058044838231587,0.1962673201334383,0.19438553026500216,0.18820060044176962,,,,,
diverse,calibrated,cross_station,1,full,456,0.9484922305808658,0.9187486283477165,0.8499089682633241,0.0010366872084317227,270.6833484172821,-0.02708137146684686,lr,-0.6,0.9755736020477127,0.9283499394603104,0.9336446163960963,0.9038858599098091,0.9755736020477127,0.9575724444462597,0.9972290959223419,0.9978434651090589,0.997089531087144,0.9940045541247551,0.9966821372314756,0.21422258064546634,0.2070657710650935,0.19380973567848617,0.1963462145470514,0.18855569806390254,,,,,
diverse,calibrated,cross_station,1,full,5555,0.947057910152311,0.9107193833856694,0.8361508622949101,0.0003991333105257156,233.24218487739563,-0.027542823563079688,lr,-0.7,0.9746007337153907,0.9334765163730325,0.9350348540346245,0.9220821096644772,0.9746007337153907,0.9633901950004125,0.9992666964235885,0.99874566282707,0.9983855403119031,0.9929981259251246,0.9958947139417772,0.21422949762795526,0.204535343954864,0.19813637652138832,0.19414990053311057,0.18894888136268176,,,,,
diverse,calibrated,cross_station,1,full,6789,0.947223463338749,0.9140984629788562,0.8421066387872451,0.001667625071880391,242.05318546295166,-0.022542280168958095,lr,-0.3,0.9697657435077071,0.9343612066633441,0.934628791051307,0.9049106970826786,0.9697657435077071,0.9669525880328435,0.9972258014129101,0.9976607451327685,0.996608238560163,0.9932281991113364,0.9968028961650709,0.21260669977169824,0.20726437784109167,0.19577098157548736,0.1954224117097637,0.18893552910195893,,,,,
diverse,calibrated,cross_station,1,full,789,0.9512576457076943,0.924467860906217,0.859780478243826,0.0011968539838139746,211.21896767616272,-0.023926845099493055,lr,-0.9999999999999999,0.9751844908071874,0.931975218421566,0.9337792225754065,0.9509459531379326,0.9751844908071874,0.9715809109912082,0.9981729944040517,0.9979012735109811,0.9967367189646217,0.9932831335737318,0.995664658696993,0.21580305714936127,0.2077662805024211,0.19593108118442382,0.19149179217071413,0.1890077889930798,,,,,
diverse,calibrated,cross_station,2,full,1011,0.8898697051210183,0.9273812846619662,0.999189341143552,0.6900028977108085,330.8417580127716,-0.002275746290050007,rf,-0.6,0.8921454514110683,0.7922690910087833,0.7951758232605589,0.8921454514110683,0.8823984413269845,0.8895118683966474,0.9987487814617657,0.9990101181859298,0.9980769251887102,0.9962350441051194,0.9985386047543329,0.20571349254306615,0.20302802813509602,0.20156249342802232,0.19222054324459464,0.19747544264922087,,,,,
diverse,calibrated,cross_station,2,full,123,0.8589217323494345,0.923748551917566,0.9947734734077479,0.694186446508428,336.51935958862305,-0.03240469179429761,rf,-0.7999999999999999,0.8913264241437321,0.7963580127400448,0.7981289817274776,0.8913264241437321,0.8811610205377556,0.8601302034268352,0.9987334605604737,0.9980309758937618,0.9971300898248558,0.9958390937538739,0.9985615134829273,0.20808997969215232,0.20161261751661746,0.1994587601627892,0.19516717199187103,0.19567147063656995,,,,,
diverse,calibrated,cross_station,2,full,2026,0.8455335565928901,0.9228132870672464,0.9922754098360655,0.6883020589745052,288.14034700393677,-0.047722421718754626,rf,-0.49999999999999994,0.8932559783116447,0.7984792640043133,0.797287213082832,0.8932559783116447,0.8859424084609534,0.8777996467083029,0.998350054748879,0.9982808068430185,0.9972503907412222,0.995407245516769,0.9985086145443075,0.20537286804004892,0.2007464644359331,0.1981199883557875,0.19701284575191363,0.19874783341631677,,,,,
diverse,calibrated,cross_station,2,full,3141,0.8814893211558679,0.9258016269653084,0.9984525604878368,0.6922900675907894,338.82780957221985,-0.010325139015118001,rf,-0.7,0.8918144601709859,0.7519674819577449,0.7974737395645272,0.8918144601709859,0.8825349757545559,0.8884737264087493,0.9987444012255376,0.9986230257166012,0.9979039190708612,0.9957260511966075,0.998422052868272,0.20689665004732885,0.2019511219588241,0.1996779167703405,0.19625259629281477,0.19522171493069176,,,,,
diverse,calibrated,cross_station,2,full,42,0.8735613258630762,0.9255818769911127,0.9965372053673317,0.6923656163113995,247.52252411842346,-0.018595603577239994,rf,0.09999999999999999,0.8921569294403162,0.7947277599216951,0.7997118385374589,0.8921569294403162,0.8832007782286169,0.8870023396200694,0.9973002235606526,0.9987161069820628,0.9976488333614102,0.9957087551951164,0.9984712982294851,0.20466041567240909,0.204449348135579,0.20025995453156328,0.1948964810066811,0.19573380065376753,,,,,
diverse,calibrated,cross_station,2,full,4242,0.8326157168423483,0.9230881396917207,0.9916973447168481,0.691414112369889,339.37769532203674,-0.056429265207141754,rf,0.0,0.88904498204949,0.7897239305433861,0.7950659375307642,0.88904498204949,0.8813347779078797,0.8705420402020465,0.9983827136313767,0.998745161839141,0.9984894221232854,0.9951563412412716,0.9984467276727264,0.20453585087115794,0.20217504895598823,0.19996439382033498,0.1966555691963462,0.19666913715617262,,,,,
diverse,calibrated,cross_station,2,full,456,0.8861074647842416,0.9263022289200554,0.9983103461825612,0.6910672118873467,336.53723430633545,-0.006013478422797425,rf,-0.09999999999999999,0.892120943207039,0.7975713897409418,0.799481377129563,0.892120943207039,0.8850029290558036,0.8670925372758899,0.9976082869188865,0.9982506848229988,0.9977742298579554,0.9950308154508024,0.9984648413553173,0.20845048972654032,0.20223204489056257,0.19947754454509015,0.19391197000493354,0.19592795083287343,,,,,
diverse,calibrated,cross_station,2,full,5555,0.8476575241854902,0.9226816363558873,0.9929758347748597,0.6935226365606112,289.2458324432373,-0.03485498560817579,rf,-0.6,0.882512509793666,0.7735464961099705,0.7970710144327434,0.882512509793666,0.88225878102527,0.8709856738171262,0.9984755609112435,0.998814316239177,0.9982424727813473,0.9958533257521994,0.9985243018120978,0.20795613361178925,0.203543943124215,0.2025494997261492,0.19190379113590741,0.19404663240193903,,,,,
diverse,calibrated,cross_station,2,full,6789,0.8889342302842829,0.9267319528241822,0.9986408782017773,0.6888441633122484,334.420645236969,-0.0034423178654044984,rf,0.19999999999999998,0.8923765481496874,0.7898338348468807,0.8029711049628615,0.8923765481496874,0.8840835654044031,0.8796736978813557,0.9966112397174229,0.9977226998748073,0.9973358997472077,0.9967268981547479,0.9988533511322635,0.20319812116222383,0.20049498942041957,0.20096377465403853,0.19594377382928552,0.19939934093403255,,,,,
diverse,calibrated,cross_station,2,full,789,0.8333727163442044,0.9220512446518864,0.9912321965242389,0.6927504844408983,303.80368542671204,-0.05991027658000747,rf,0.09999999999999999,0.8932829929242119,0.8023895657534506,0.7978743458551949,0.8932829929242119,0.8848512601714232,0.8874501861570626,0.9968289090223834,0.998271653544278,0.9980453476851583,0.9952713361373383,0.9987006247280154,0.20634365568686158,0.2027852819114383,0.2015749067550909,0.19275042530794018,0.19654573033866898,,,,,
diverse,confidence,cross_station,1,full,1011,0.9481371691300341,0.9140374910389177,0.8418822975641009,0.0010431758910460736,252.69573259353638,-0.0236544178076995,lr,-0.7,0.9717915869377336,0.9331191209866438,0.9338886494582508,0.9271229355354431,0.9717915869377336,0.9663449396508736,0.997176499944308,0.9976192704413608,0.99725900203199,0.9939794842692579,0.9964835311913911,0.20976076776344277,0.2033438400309676,0.20078000644289698,0.19486348364298076,0.19125190211971177,,,,,
diverse,confidence,cross_station,1,full,123,0.9421645371022215,0.9031616995845364,0.8235850295469468,0.0008599931200550396,644.1771559715271,-0.0296258976086039,lr,-0.49999999999999994,0.9717904347108254,0.9325832163456178,0.9342551818209758,0.8996919152481,0.9717904347108254,0.9620983829193768,0.9964338201323844,0.9976058890037971,0.9974026404381762,0.9936843271518865,0.9964638839455175,0.2149295552290793,0.2054613395206891,0.2015405891596467,0.1919963608347034,0.18607215525588142,,,,,
diverse,confidence,cross_station,1,full,2026,0.9501970815214666,0.917439136915324,0.8475934426229508,0.0006273883533907488,204.44562935829163,-0.019255325525230127,lr,-0.7,0.9694524070466968,0.9053176489955526,0.9350991662469199,0.9276848794778974,0.9694524070466968,0.9662428063868368,0.9980035939047947,0.998434044213093,0.9976465136673808,0.9940098374032621,0.9960881820305105,0.2088575983694898,0.20702715351773096,0.1974269689533731,0.19531022435201348,0.19137805480739267,,,,,
diverse,confidence,cross_station,1,full,3141,0.9426366291416741,0.9027515016365141,0.8228706314340043,0.0006873639592164051,233.24873971939087,-0.030375270534146903,lr,-0.7,0.973011899675821,0.9330581477229184,0.9339227524448567,0.9271701206519682,0.973011899675821,0.9695891564751928,0.9972505066993871,0.9978927703675515,0.9973121421544958,0.9939837228022055,0.9964002864326417,0.2123438017571735,0.20460935667589866,0.2024301600091001,0.19283547915953544,0.18778120239829224,,,,,
diverse,confidence,cross_station,1,full,42,0.9575861067091318,0.9342443550190029,0.8770052073085953,0.002027340129749768,666.1076874732971,-0.01630764032995413,lr,-0.7,0.9738937470390859,0.9324811206543243,0.9346363774494358,0.9224179383120349,0.9738937470390859,0.9660060602176688,0.9979602030291093,0.9976893979370508,0.9967865260485395,0.9932482317559952,0.9967036049018448,0.20815124622485912,0.20344505349236303,0.20077375121799676,0.19480274098162237,0.1928272080831588,,,,,
diverse,confidence,cross_station,1,full,4242,0.9454956300806461,0.9092384572673301,0.833711913527062,0.0006900914371154177,236.8753218650818,-0.02987245268179517,lr,-0.7,0.9753680827624412,0.9325383063730119,0.9342148209227372,0.904339276186757,0.9753680827624412,0.9667402968509486,0.9974500462861511,0.9973716024376276,0.996811668436686,0.9934707127765771,0.9966386911495666,0.210915105691998,0.20575635235685122,0.19888116785714224,0.19477727020979238,0.18967010388421615,,,,,
diverse,confidence,cross_station,1,full,456,0.9502310898009131,0.923182132231638,0.8575713518540349,0.001267062143638772,269.12872195243835,-0.02534251224679962,lr,-0.6,0.9755736020477127,0.9283499394603104,0.9336446163960963,0.9038858599098091,0.9755736020477127,0.9575724444462597,0.9972290959223419,0.9978434651090589,0.997089531087144,0.9940045541247551,0.9966821372314756,0.21022713528527084,0.20560906064491397,0.19924585058468777,0.19429587014638341,0.19062208333874403,,,,,
diverse,confidence,cross_station,1,full,5555,0.9443045158629307,0.9047724973270858,0.8261912250353829,0.0004561523548865321,231.81805086135864,-0.03029621785245995,lr,-0.7,0.9746007337153907,0.9334765163730325,0.9350348540346245,0.9220821096644772,0.9746007337153907,0.9633901950004125,0.9992666964235885,0.99874566282707,0.9983855403119031,0.9929981259251246,0.9958947139417772,0.21317220508806078,0.20593603469276953,0.20260412683959464,0.19210970178993858,0.18617793158963644,,,,,
diverse,confidence,cross_station,1,full,6789,0.9498042323596975,0.9181993541868336,0.8491244119184527,0.0018401380103507763,240.5014991760254,-0.019961511148009592,lr,-0.3,0.9697657435077071,0.9343612066633441,0.934628791051307,0.9049106970826786,0.9697657435077071,0.9669525880328435,0.9972258014129101,0.9976607451327685,0.996608238560163,0.9932281991113364,0.9968028961650709,0.2106419155316189,0.20540581336128835,0.20049271800103546,0.19395899549233234,0.18950055761372486,,,,,
diverse,confidence,cross_station,1,full,789,0.9495227336557497,0.9215586830649592,0.8547628381027048,0.0011968539838139746,209.26956415176392,-0.025661757151437703,lr,-0.9999999999999999,0.9751844908071874,0.931975218421566,0.9337792225754065,0.9509459531379326,0.9751844908071874,0.9715809109912082,0.9981729944040517,0.9979012735109811,0.9967367189646217,0.9932831335737318,0.995664658696993,0.21040688137533403,0.20580324481111165,0.20204956383428127,0.19267810175953803,0.18906220821973507,,,,,
diverse,confidence,cross_station,2,full,1011,0.8889023349308967,0.927322706117223,0.9990716648579385,0.6900028977108085,329.26154088974,-0.003243116480171615,rf,-0.6,0.8921454514110683,0.7922690910087833,0.7951758232605589,0.8921454514110683,0.8823984413269845,0.8895118683966474,0.9987487814617657,0.9990101181859298,0.9980769251887102,0.9962350441051194,0.9985386047543329,0.20302429253370732,0.2018840434869826,0.2023862679808993,0.1955620761303501,0.19714331986806058,,,,,
diverse,confidence,cross_station,2,full,123,0.8254395613134092,0.9221186844322858,0.9915167432698622,0.694186446508428,334.7035415172577,-0.06588686283032286,rf,-0.7999999999999999,0.8913264241437321,0.7963580127400448,0.7981289817274776,0.8913264241437321,0.8811610205377556,0.8601302034268352,0.9987334605604737,0.9980309758937618,0.9971300898248558,0.9958390937538739,0.9985615134829273,0.2046448582476846,0.2006956574403418,0.20234606754116774,0.19600596645225954,0.19630745031854635,,,,,
diverse,confidence,cross_station,2,full,2026,0.8275282350663377,0.9221691349210708,0.9909901639344262,0.6883020589745052,286.34360361099243,-0.06572774324530706,rf,-0.49999999999999994,0.8932559783116447,0.7984792640043133,0.797287213082832,0.8932559783116447,0.8859424084609534,0.8777996467083029,0.998350054748879,0.9982808068430185,0.9972503907412222,0.995407245516769,0.9985086145443075,0.20209357168953868,0.20096164381374274,0.20200235038426467,0.19701360916351357,0.19792882494894046,,,,,
diverse,confidence,cross_station,2,full,3141,0.8561390888000111,0.923774136565755,0.9944003671890368,0.692347347920724,336.9477171897888,-0.03567537137097476,rf,-0.7,0.8918144601709859,0.7519674819577449,0.7974737395645272,0.8918144601709859,0.8825349757545559,0.8884737264087493,0.9987444012255376,0.9986230257166012,0.9979039190708612,0.9957260511966075,0.998422052868272,0.2032550549362459,0.2012914152518262,0.20329483604805704,0.19644345222923942,0.19571524153463143,,,,,
diverse,confidence,cross_station,2,full,42,0.8245152196080195,0.9227865959045077,0.9909495140282533,0.6923656163113995,245.79829049110413,-0.06764170983229667,rf,0.09999999999999999,0.8921569294403162,0.7947277599216951,0.7997118385374589,0.8921569294403162,0.8832007782286169,0.8870023396200694,0.9973002235606526,0.9987161069820628,0.9976488333614102,0.9957087551951164,0.9984712982294851,0.20263228725917867,0.20213171609819247,0.20316167507750274,0.19605317179651569,0.19602114976861038,,,,,
diverse,confidence,cross_station,2,full,4242,0.8234564034872426,0.9227029063901686,0.9909401843293909,0.6914716199896487,337.4687075614929,-0.06558857856224742,rf,0.0,0.88904498204949,0.7897239305433861,0.7950659375307642,0.88904498204949,0.8813347779078797,0.8705420402020465,0.9983827136313767,0.998745161839141,0.9984894221232854,0.9951563412412716,0.9984467276727264,0.20218866840566915,0.20120675297950472,0.20177858572943805,0.1973402022592636,0.19748579062612445,,,,,
diverse,confidence,cross_station,2,full,456,0.8717874471572584,0.9250938380206717,0.9958871992350714,0.6910672118873467,334.88603806495667,-0.02033349604978063,rf,-0.09999999999999999,0.892120943207039,0.7975713897409418,0.799481377129563,0.892120943207039,0.8850029290558036,0.8670925372758899,0.9976082869188865,0.9982506848229988,0.9977742298579554,0.9950308154508024,0.9984648413553173,0.2045643196571195,0.20104723116658882,0.20265538017671603,0.1953100653584673,0.19642300364110826,,,,,
diverse,confidence,cross_station,2,full,5555,0.8246061810611452,0.9216902713112156,0.9909970121088222,0.6935226365606112,287.8057200908661,-0.05790632873252077,rf,-0.6,0.882512509793666,0.7735464961099705,0.7970710144327434,0.882512509793666,0.88225878102527,0.8709856738171262,0.9984755609112435,0.998814316239177,0.9982424727813473,0.9958533257521994,0.9985243018120978,0.20420323709584867,0.20314891857724585,0.20276347150003127,0.19397924231613664,0.19590513051073744,,,,,
diverse,confidence,cross_station,2,full,6789,0.878988817386497,0.9260090774495765,0.9971902770517512,0.6888441633122484,332.61686849594116,-0.01338773076319033,rf,0.19999999999999998,0.8923765481496874,0.7898338348468807,0.8029711049628615,0.8923765481496874,0.8840835654044031,0.8796736978813557,0.9966112397174229,0.9977226998748073,0.9973358997472077,0.9967268981547479,0.9988533511322635,0.20222244044664783,0.20129713113279987,0.20271932182458258,0.19596522918900203,0.1977958774069677,,,,,
diverse,confidence,cross_station,2,full,789,0.8317311253734014,0.9219660732627893,0.991062328498628,0.6927504844408983,301.9977533817291,-0.061551867550810435,rf,0.09999999999999999,0.8932829929242119,0.8023895657534506,0.7978743458551949,0.8932829929242119,0.8848512601714232,0.8874501861570626,0.9968289090223834,0.998271653544278,0.9980453476851583,0.9952713361373383,0.9987006247280154,0.2035028391251883,0.20244981545494958,0.20280585838368478,0.1942402647591782,0.19700122227699907,,,,,
diverse,lr,cross_station,1,full,1011,0.9464792001059286,0.9103883432917667,0.8357239052836652,0.0011011301072152999,252.62177348136902,-0.025312386831805034,lr,-0.7,0.9717915869377336,0.9331191209866438,0.9338886494582508,0.9271229355354431,0.9717915869377336,0.9663449396508736,0.997176499944308,0.9976192704413608,0.99725900203199,0.9939794842692579,0.9964835311913911,0.21152043329908482,0.20505553123141138,0.19886384717077457,0.19490872638499615,0.18965146191373305,,,,,
diverse,lr,cross_station,1,full,123,0.9426176256245772,0.9040849508626023,0.8251214707813526,0.0008599931200550396,644.0309069156647,-0.029172809086248197,lr,-0.49999999999999994,0.9717904347108254,0.9325832163456178,0.9342551818209758,0.8996919152481,0.9717904347108254,0.9620983829193768,0.9964338201323844,0.9976058890037971,0.9974026404381762,0.9936843271518865,0.9964638839455175,0.21634512197330086,0.2059741335814238,0.1978141284071626,0.19215835695891284,0.18770825907919997,,,,,
diverse,lr,cross_station,1,full,2026,0.9483164437670442,0.9133746072682972,0.8406819672131147,0.0006273883533907488,204.38159489631653,-0.021135963279652614,lr,-0.7,0.9694524070466968,0.9053176489955526,0.9350991662469199,0.9276848794778974,0.9694524070466968,0.9662428063868368,0.9980035939047947,0.998434044213093,0.9976465136673808,0.9940098374032621,0.9960881820305105,0.2092669561339989,0.20929717575203352,0.19561825089859156,0.19569814570628247,0.1901194715090936,,,,,
diverse,lr,cross_station,1,full,3141,0.9461052448132374,0.9104571428571429,0.8357747032981444,0.0007446442891511055,233.10949087142944,-0.02690665486258359,lr,-0.7,0.973011899675821,0.9330581477229184,0.9339227524448567,0.9271701206519682,0.973011899675821,0.9695891564751928,0.9972505066993871,0.9978927703675515,0.9973121421544958,0.9939837228022055,0.9964002864326417,0.21483208032493087,0.20708482073721446,0.1976066016188072,0.19115420398434096,0.1893222933347065,,,,,
diverse,lr,cross_station,1,full,42,0.9566359006602043,0.9325160242953509,0.8739883786513464,0.002143188137164041,666.0343086719513,-0.017257846378881614,lr,-0.7,0.9738937470390859,0.9324811206543243,0.9346363774494358,0.9224179383120349,0.9738937470390859,0.9660060602176688,0.9979602030291093,0.9976893979370508,0.9967865260485395,0.9932482317559952,0.9967036049018448,0.2097128152048669,0.20427051304734778,0.19859322776839294,0.1946548357272161,0.19276860825217632,,,,,
diverse,lr,cross_station,1,full,4242,0.9445606695062738,0.907134145906585,0.830213310357432,0.0008626142963942722,236.83935737609863,-0.030807413256167426,lr,-0.7,0.9753680827624412,0.9325383063730119,0.9342148209227372,0.904339276186757,0.9753680827624412,0.9667402968509486,0.9974500462861511,0.9973716024376276,0.996811668436686,0.9934707127765771,0.9966386911495666,0.21485876190323597,0.206317705605517,0.19726229841236348,0.19350848737001705,0.1880527467088666,,,,,
diverse,lr,cross_station,1,full,456,0.9491690949628819,0.9210381317020104,0.853890788112172,0.0013246558774405344,269.07415437698364,-0.026404507084830775,lr,-0.6,0.9755736020477127,0.9283499394603104,0.9336446163960963,0.9038858599098091,0.9755736020477127,0.9575724444462597,0.9972290959223419,0.9978434651090589,0.997089531087144,0.9940045541247551,0.9966821372314756,0.21338407352780928,0.2061963307681466,0.1968796989881816,0.19512371714492602,0.18841617957093662,,,,,
diverse,lr,cross_station,1,full,5555,0.9444785921144141,0.9055356374587695,0.8274754940504272,0.0005131713992473486,231.76679849624634,-0.030122141600976593,lr,-0.7,0.9746007337153907,0.9334765163730325,0.9350348540346245,0.9220821096644772,0.9746007337153907,0.9633901950004125,0.9992666964235885,0.99874566282707,0.9983855403119031,0.9929981259251246,0.9958947139417772,0.2137585714032154,0.20502301469513953,0.19968263355878832,0.19213960984087042,0.18939617050198634,,,,,
diverse,lr,cross_station,1,full,6789,0.947146014885234,0.9124501871754619,0.8393361212754835,0.0017826336975273146,240.4270327091217,-0.02261972862247308,lr,-0.3,0.9697657435077071,0.9343612066633441,0.934628791051307,0.9049106970826786,0.9697657435077071,0.9669525880328435,0.9972258014129101,0.9976607451327685,0.996608238560163,0.9932281991113364,0.9968028961650709,0.21163269820550518,0.2067471608386065,0.19834055565507927,0.1943661125077033,0.18891347279310566,,,,,
diverse,lr,cross_station,1,full,789,0.9506127813082901,0.9238620069165238,0.8587220697765582,0.0011398609369656903,209.1470184326172,-0.02457170949889731,lr,-0.9999999999999999,0.9751844908071874,0.931975218421566,0.9337792225754065,0.9509459531379326,0.9751844908071874,0.9715809109912082,0.9981729944040517,0.9979012735109811,0.9967367189646217,0.9932831335737318,0.995664658696993,0.21447621506662237,0.20655375196264994,0.19936801302483861,0.19082734013817293,0.1887746798077162,,,,,
diverse,lr,cross_station,2,full,1011,0.8877550663664335,0.9273357241245396,0.9990978151436305,0.6900028977108085,329.0276691913605,-0.004390385044634737,rf,-0.6,0.8921454514110683,0.7922690910087833,0.7951758232605589,0.8921454514110683,0.8823984413269845,0.8895118683966474,0.9987487814617657,0.9990101181859298,0.9980769251887102,0.9962350441051194,0.9985386047543329,0.20590024663054393,0.2031950921605556,0.20228807497870394,0.1918193774572264,0.19679720877297022,,,,,
diverse,lr,cross_station,2,full,123,0.8189624709338602,0.921980444726733,0.9912409717662508,0.694186446508428,334.6377992630005,-0.07236395320987188,rf,-0.7999999999999999,0.8913264241437321,0.7963580127400448,0.7981289817274776,0.8913264241437321,0.8811610205377556,0.8601302034268352,0.9987334605604737,0.9980309758937618,0.9971300898248558,0.9958390937538739,0.9985615134829273,0.20864409455129446,0.20212859519342377,0.2001646256624442,0.19422429891138168,0.19483838568145592,,,,,
diverse,lr,cross_station,2,full,2026,0.8351700242571903,0.9226490357051368,0.9919475409836066,0.6883020589745052,286.22054743766785,-0.05808595405445438,rf,-0.49999999999999994,0.8932559783116447,0.7984792640043133,0.797287213082832,0.8932559783116447,0.8859424084609534,0.8777996467083029,0.998350054748879,0.9982808068430185,0.9972503907412222,0.995407245516769,0.9985086145443075,0.20472257005897979,0.20123484470423153,0.19986061793734897,0.1963146954546457,0.1978672718447941,,,,,
diverse,lr,cross_station,2,full,3141,0.8696437555360004,0.9249790087250691,0.9968133237164776,0.692347347920724,336.75552010536194,-0.022170704634985494,rf,-0.7,0.8918144601709859,0.7519674819577449,0.7974737395645272,0.8918144601709859,0.8825349757545559,0.8884737264087493,0.9987444012255376,0.9986230257166012,0.9979039190708612,0.9957260511966075,0.998422052868272,0.20707217860080826,0.20244281084163285,0.2009625170161847,0.19497483055045892,0.19454766299091533,,,,,
diverse,lr,cross_station,2,full,42,0.8228866823503169,0.9227800171002809,0.9909363973819174,0.6923656163113995,245.72511768341064,-0.06927024708999929,rf,0.09999999999999999,0.8921569294403162,0.7947277599216951,0.7997118385374589,0.8921569294403162,0.8832007782286169,0.8870023396200694,0.9973002235606526,0.9987161069820628,0.9976488333614102,0.9957087551951164,0.9984712982294851,0.20439637493728902,0.20460244084690565,0.20159727408497838,0.19428813680482163,0.1951157733260053,,,,,
diverse,lr,cross_station,2,full,4242,0.8228886072133164,0.9226963587851678,0.990927129839952,0.6914716199896487,337.4413387775421,-0.06615637483617365,rf,0.0,0.88904498204949,0.7897239305433861,0.7950659375307642,0.88904498204949,0.8813347779078797,0.8705420402020465,0.9983827136313767,0.998745161839141,0.9984894221232854,0.9951563412412716,0.9984467276727264,0.20431635446114993,0.20271748083746288,0.2007656556321802,0.1958547828532518,0.19634572621595525,,,,,
diverse,lr,cross_station,2,full,456,0.8678706129006177,0.9249826602255996,0.9956645316777345,0.6910672118873467,334.8157057762146,-0.02425033030642132,rf,-0.09999999999999999,0.892120943207039,0.7975713897409418,0.799481377129563,0.892120943207039,0.8850029290558036,0.8670925372758899,0.9976082869188865,0.9982506848229988,0.9977742298579554,0.9950308154508024,0.9984648413553173,0.20864896548862327,0.2030699020518595,0.20096283657765326,0.19266679725436253,0.1946514986275014,,,,,
diverse,lr,cross_station,2,full,5555,0.8206768937714215,0.9215259619545674,0.9906693924621272,0.6935226365606112,287.76384258270264,-0.06183561602224452,rf,-0.6,0.882512509793666,0.7735464961099705,0.7970710144327434,0.882512509793666,0.88225878102527,0.8709856738171262,0.9984755609112435,0.998814316239177,0.9982424727813473,0.9958533257521994,0.9985243018120978,0.20917806553074017,0.20437913452838205,0.201994856721372,0.19114699486058048,0.19330094835892533,,,,,
diverse,lr,cross_station,2,full,6789,0.8772507014537624,0.9258787260899116,0.9969289074751699,0.6888441633122484,332.567378282547,-0.015125846695924983,rf,0.19999999999999998,0.8923765481496874,0.7898338348468807,0.8029711049628615,0.8923765481496874,0.8840835654044031,0.8796736978813557,0.9966112397174229,0.9977226998748073,0.9973358997472077,0.9967268981547479,0.9988533511322635,0.20397504109472145,0.20163548719532584,0.20161548359865464,0.19435211488523368,0.19842187322606433,,,,,
diverse,lr,cross_station,2,full,789,0.8290596470807842,0.9219660732627893,0.991062328498628,0.6927504844408983,301.93546652793884,-0.0642233458434277,rf,0.09999999999999999,0.8932829929242119,0.8023895657534506,0.7978743458551949,0.8932829929242119,0.8848512601714232,0.8874501861570626,0.9968289090223834,0.998271653544278,0.9980453476851583,0.9952713361373383,0.9987006247280154,0.20648080934808322,0.2034271465055793,0.2016119157924773,0.1921296710985984,0.19635045725526182,,,,,
diverse,weighted,cross_station,1,full,1011,0.93278343526647,0.8857606851300276,0.795164812175573,0.0012170385395537525,254.70909690856934,-0.03900815167126359,lr,-0.7,0.9717915869377336,0.9331191209866438,0.9338886494582508,0.9271229355354431,0.9717915869377336,0.9663449396508736,0.997176499944308,0.9976192704413608,0.99725900203199,0.9939794842692579,0.9964835311913911,,,,,,0.7693692698926364,0.22397256477246513,2.0407698229575143e-17,1.0006945285294759e-16,0.006658165334898418
diverse,weighted,cross_station,1,full,123,0.9328182523902091,0.8863242678282987,0.796231122783979,0.0020639834881320948,647.5063805580139,-0.03897218232061628,lr,-0.49999999999999994,0.9717904347108254,0.9325832163456178,0.9342551818209758,0.8996919152481,0.9717904347108254,0.9620983829193768,0.9964338201323844,0.9976058890037971,0.9974026404381762,0.9936843271518865,0.9964638839455175,,,,,,0.7042955523708538,0.2885210219343231,0.0,0.0,0.007183425694823179
diverse,weighted,cross_station,1,full,2026,0.9114979268700184,0.8864236045308104,0.7974557377049181,0.007870872069811213,205.39986753463745,-0.05795448017667837,lr,-0.7,0.9694524070466968,0.9053176489955526,0.9350991662469199,0.9276848794778974,0.9694524070466968,0.9662428063868368,0.9980035939047947,0.998434044213093,0.9976465136673808,0.9940098374032621,0.9960881820305105,,,,,,0.5076571938430029,0.49234280615699716,0.0,5.05745213853994e-17,0.0
diverse,weighted,cross_station,1,full,3141,0.9330588191035003,0.8840192801398469,0.79249885253426,0.0019475312177798143,236.0028064250946,-0.03995308057232072,lr,-0.7,0.973011899675821,0.9330581477229184,0.9339227524448567,0.9271701206519682,0.973011899675821,0.9695891564751928,0.9972505066993871,0.9978927703675515,0.9973121421544958,0.9939837228022055,0.9964002864326417,,,,,,0.7213830914409497,0.2710034796551856,3.104107946343727e-16,0.0,0.0076134289038643325
diverse,weighted,cross_station,1,full,42,0.934945608848241,0.8877582260580525,0.7987250619761539,0.0030699721964782207,667.9350781440735,-0.03894813819084497,lr,-0.7,0.9738937470390859,0.9324811206543243,0.9346363774494358,0.9224179383120349,0.9738937470390859,0.9660060602176688,0.9979602030291093,0.9976893979370508,0.9967865260485395,0.9932482317559952,0.9967036049018448,,,,,,0.5045044566426955,0.48418240098634713,1.1455714496391504e-16,0.0,0.011313142370957385
diverse,weighted,cross_station,1,full,4242,0.9330634621297007,0.8877132635215059,0.7984517375525443,0.001955259071827017,239.4443118572235,-0.04230462063274054,lr,-0.7,0.9753680827624412,0.9325383063730119,0.9342148209227372,0.904339276186757,0.9753680827624412,0.9667402968509486,0.9974500462861511,0.9973716024376276,0.996811668436686,0.9934707127765771,0.9966386911495666,,,,,,0.725530692682789,0.2617376176775283,1.414784515511124e-17,1.3712553393711967e-16,0.01273168963968262
diverse,weighted,cross_station,1,full,456,0.9288002533099277,0.8860034120237383,0.7958793403801067,0.002994874157691643,270.02633595466614,-0.04677334873778505,lr,-0.6,0.9755736020477127,0.9283499394603104,0.9336446163960963,0.9038858599098091,0.9755736020477127,0.9575724444462597,0.9972290959223419,0.9978434651090589,0.997089531087144,0.9940045541247551,0.9966821372314756,,,,,,0.510838739930428,0.48916126006957145,1.1983342009501952e-16,1.4065010180674116e-16,0.0
diverse,weighted,cross_station,1,full,5555,0.9335152323939016,0.886195649794602,0.7958143313938251,0.0009123047097730642,234.09423971176147,-0.04108550132148914,lr,-0.7,0.9746007337153907,0.9334765163730325,0.9350348540346245,0.9220821096644772,0.9746007337153907,0.9633901950004125,0.9992666964235885,0.99874566282707,0.9983855403119031,0.9929981259251246,0.9958947139417772,,,,,,0.8452012399163811,0.14267279963598578,4.9886342571636854e-17,2.901442829355964e-17,0.012125960447633177
diverse,weighted,cross_station,1,full,6789,0.9341302785156339,0.8874711156970745,0.7980397281756404,0.0018401380103507763,241.47860884666443,-0.03563546499207315,lr,-0.3,0.9697657435077071,0.9343612066633441,0.934628791051307,0.9049106970826786,0.9697657435077071,0.9669525880328435,0.9972258014129101,0.9976607451327685,0.996608238560163,0.9932281991113364,0.9968028961650709,,,,,,0.5177221881974626,0.48153872299924455,0.0,0.0,0.0007390888032926665
diverse,weighted,cross_station,1,full,789,0.9320186506576815,0.8871026352893294,0.7974650463870377,0.0019377635928416732,211.80300068855286,-0.04316584014950586,lr,-0.9999999999999999,0.9751844908071874,0.931975218421566,0.9337792225754065,0.9509459531379326,0.9751844908071874,0.9715809109912082,0.9981729944040517,0.9979012735109811,0.9967367189646217,0.9932831335737318,0.995664658696993,,,,,,0.6712359944850322,0.32498622564671936,4.660838092977766e-17,6.192443068202992e-17,0.0037777798682482448
diverse,weighted,cross_station,2,full,1011,0.7917389178645249,0.9232793275673041,0.9909912265791504,0.6900608519269776,333.9444065093994,-0.10040653354654339,rf,-0.6,0.8921454514110683,0.7922690910087833,0.7951758232605589,0.8921454514110683,0.8823984413269845,0.8895118683966474,0.9987487814617657,0.9990101181859298,0.9980769251887102,0.9962350441051194,0.9985386047543329,,,,,,0.8160055319212327,0.16500339946631612,0.0027212736536094692,1.1498254090407724e-17,0.016269794958841677
diverse,weighted,cross_station,2,full,123,0.7966726125130558,0.921446902114139,0.990177281680893,0.694186446508428,337.92157912254333,-0.09465381163067632,rf,-0.7999999999999999,0.8913264241437321,0.7963580127400448,0.7981289817274776,0.8913264241437321,0.8811610205377556,0.8601302034268352,0.9987334605604737,0.9980309758937618,0.9971300898248558,0.9958390937538739,0.9985615134829273,,,,,,0.8567914339767088,0.13011635483064526,0.0,2.2054082056481328e-17,0.013092211192645812
diverse,weighted,cross_station,2,full,2026,0.8003529338124721,0.9221033617906769,0.9908590163934426,0.6883020589745052,289.05234479904175,-0.09290304449917264,rf,-0.49999999999999994,0.8932559783116447,0.7984792640043133,0.797287213082832,0.8932559783116447,0.8859424084609534,0.8777996467083029,0.998350054748879,0.9982808068430185,0.9972503907412222,0.995407245516769,0.9985086145443075,,,,,,0.7654545384353683,0.21498008576256614,7.552629154544414e-19,1.7138490284634173e-18,0.019565375802065656
diverse,weighted,cross_station,2,full,3141,0.7467138720228779,0.9214249543948703,0.9902826044193823,0.6952686447473937,339.6185870170593,-0.145100588148108,rf,-0.7,0.8918144601709859,0.7519674819577449,0.7974737395645272,0.8918144601709859,0.8825349757545559,0.8884737264087493,0.9987444012255376,0.9986230257166012,0.9979039190708612,0.9957260511966075,0.998422052868272,,,,,,0.7168000334460833,0.2831999665539161,0.0,3.5533915592412405e-16,0.0
diverse,weighted,cross_station,2,full,42,0.7958453947215597,0.9224735642856706,0.9903592649431393,0.6925393883225208,247.1967339515686,-0.09631153471875653,rf,0.09999999999999999,0.8921569294403162,0.7947277599216951,0.7997118385374589,0.8921569294403162,0.8832007782286169,0.8870023396200694,0.9973002235606526,0.9987161069820628,0.9976488333614102,0.9957087551951164,0.9984712982294851,,,,,,0.5317787354258992,0.4682212645741005,1.6754607939479925e-16,0.0,0.0
diverse,weighted,cross_station,2,full,4242,0.7898605620177105,0.9227085144013663,0.9909401843293909,0.691414112369889,340.1104760169983,-0.09918442003177952,rf,0.0,0.88904498204949,0.7897239305433861,0.7950659375307642,0.88904498204949,0.8813347779078797,0.8705420402020465,0.9983827136313767,0.998745161839141,0.9984894221232854,0.9951563412412716,0.9984467276727264,,,,,,0.8037427762294385,0.19625722377056154,7.10857403057692e-17,0.0,0.0
diverse,weighted,cross_station,2,full,456,0.7949405829361422,0.9220905192135236,0.9898882732785833,0.6910672118873467,335.7991647720337,-0.09718036027089683,rf,-0.09999999999999999,0.892120943207039,0.7975713897409418,0.799481377129563,0.892120943207039,0.8850029290558036,0.8670925372758899,0.9976082869188865,0.9982506848229988,0.9977742298579554,0.9950308154508024,0.9984648413553173,,,,,,0.5325158149882333,0.4674841850117655,5.064129524033474e-16,4.3702401336427514e-16,2.4980018054066017e-16
diverse,weighted,cross_station,2,full,5555,0.7737422334227767,0.9204690272501661,0.9891230277297269,0.6963735887786521,290.1738250255585,-0.10877027637088932,rf,-0.6,0.882512509793666,0.7735464961099705,0.7970710144327434,0.882512509793666,0.88225878102527,0.8709856738171262,0.9984755609112435,0.998814316239177,0.9982424727813473,0.9958533257521994,0.9985243018120978,,,,,,0.8594997273645965,0.14033550364944883,0.00016476898595463684,8.782584261807743e-17,7.830101528544752e-17
diverse,weighted,cross_station,2,full,6789,0.8054715783271998,0.9227885463895567,0.9907736539466806,0.6889591719378954,334.1141092777252,-0.08690496982248752,rf,0.19999999999999998,0.8923765481496874,0.7898338348468807,0.8029711049628615,0.8923765481496874,0.8840835654044031,0.8796736978813557,0.9966112397174229,0.9977226998748073,0.9973358997472077,0.9967268981547479,0.9988533511322635,,,,,,0.41407210241697784,0.4945790228066127,4.159399460337119e-17,2.5019214676916714e-17,0.09134887477640946
diverse,weighted,cross_station,2,full,789,0.7997380335468971,0.9214969750402822,0.9901607212857703,0.692921463581443,304.49087405204773,-0.09354495937731477,rf,0.09999999999999999,0.8932829929242119,0.8023895657534506,0.7978743458551949,0.8932829929242119,0.8848512601714232,0.8874501861570626,0.9968289090223834,0.998271653544278,0.9980453476851583,0.9952713361373383,0.9987006247280154,,,,,,0.0,0.9127715007241753,2.991715497780215e-17,1.437067966378897e-16,0.08722849927582464
trees_mlp,best_single,cross_station,1,full,1011,0.9338886494582508,0.8853375657985745,0.79498176017573,0.003998840915676615,203.00269603729248,-0.03245629019262286,mlp,-0.5,0.9663449396508736,0.9330677425481999,0.9338886494582508,,,0.9663449396508736,0.997176499944308,0.9976192704413608,,,0.9964835311913911,,,,,,,,,,
trees_mlp,best_single,cross_station,1,full,123,0.9342551818209758,0.8879030433926056,0.7990019697964543,0.0032679738562091504,181.7518208026886,-0.027843201098400994,mlp,0.5,0.9620983829193768,0.9325832163456178,0.9342551818209758,,,0.9620983829193768,0.9964338201323844,0.9976058890037971,,,0.9964638839455175,,,,,,,,,,
trees_mlp,best_single,cross_station,1,full,2026,0.9350991662469199,0.8869314121541805,0.7975868852459016,0.00410654194946672,177.76395535469055,-0.031143640139916884,mlp,-0.5,0.9662428063868368,0.9263578401425066,0.9350991662469199,,,0.9662428063868368,0.9980035939047947,0.998434044213093,,,0.9960881820305105,,,,,,,,,,
trees_mlp,best_single,cross_station,1,full,3141,0.9339227524448567,0.8850254678856174,0.7940856337289358,0.001775690227975713,173.78439712524414,-0.03566640403033616,mlp,-0.5,0.9695891564751928,0.9330293400319191,0.9339227524448567,,,0.9695891564751928,0.997205044049713,0.9978927703675515,,,0.9964002864326417,,,,,,,,,,
trees_mlp,best_single,cross_station,1,full,42,0.9324852654894676,0.8874435832561667,0.798226629415391,0.003127896200185357,207.3202142715454,-0.03352079472820113,mlp,-1.0,0.9660060602176688,0.9324852654894676,0.9346363774494358,,,0.9660060602176688,0.9979602030291093,0.9976893979370508,,,0.9967036049018448,,,,,,,,,,
trees_mlp,best_single,cross_station,1,full,4242,0.9325349857438794,0.8877277774149305,0.7984647920419833,0.001897751452067399,242.86620569229126,-0.03420531110706926,mlp,-1.0,0.9667402968509486,0.9325349857438794,0.9342148209227372,,,0.9667402968509486,0.9974500462861511,0.9973716024376276,,,0.9966386911495666,,,,,,,,,,
trees_mlp,best_single,cross_station,1,full,456,0.9336446163960963,0.8850049623445618,0.7942289808374919,0.002764499222484594,228.49851655960083,-0.023927828050163358,mlp,-0.5,0.9575724444462597,0.928075182080526,0.9336446163960963,,,0.9575724444462597,0.9972290959223419,0.9978434651090589,,,0.9966821372314756,,,,,,,,,,
trees_mlp,best_single,cross_station,1,full,5555,0.9334863615379114,0.886195649794602,0.7958143313938251,0.0009123047097730642,245.09426426887512,-0.029903833462501028,mlp,-1.0,0.9633901950004125,0.9334863615379114,0.9350348540346245,,,0.9633901950004125,0.9992666964235885,0.99874566282707,,,0.9958947139417772,,,,,,,,,,
trees_mlp,best_single,cross_station,1,full,6789,0.934628791051307,0.887786381532114,0.7986016727652901,0.002127659574468085,664.9357237815857,-0.03232379698153642,mlp,-0.5,0.9669525880328435,0.9343707311275303,0.934628791051307,,,0.9669525880328435,0.9972258014129101,0.9976607451327685,,,0.9968028961650709,,,,,,,,,,
trees_mlp,best_single,cross_station,1,full,789,0.9319299300754932,0.88709618808823,0.7974650463870377,0.001994756639689958,154.87322878837585,-0.03965098091571506,mlp,-1.0,0.9715809109912082,0.9319299300754932,0.9337792225754065,,,0.9715809109912082,0.9981729944040517,0.9979012735109811,,,0.995664658696993,,,,,,,,,,
trees_mlp,best_single,cross_station,2,full,1011,0.7951758232605589,0.9228950751552152,0.9902590185797779,0.6902347145754854,192.6702892780304,-0.09433604513608851,mlp,-0.5,0.8895118683966474,0.7922690910087833,0.7951758232605589,,,0.8895118683966474,0.9987487814617657,0.9990101181859298,,,0.9985386047543329,,,,,,,,,,
trees_mlp,best_single,cross_station,2,full,123,0.7963580127400448,0.9214534922797735,0.9901904136572555,0.694186446508428,192.08409190177917,-0.06377219068679041,mlp,-0.5,0.8601302034268352,0.7963580127400448,0.7981289817274776,,,0.8601302034268352,0.9987334605604737,0.9980309758937618,,,0.9985615134829273,,,,,,,,,,
trees_mlp,best_single,cross_station,2,full,2026,0.8777996467083029,0.9264223394172114,0.999855737704918,0.69007015342497,179.9918737411499,0.0,mlp,1.0,0.8777996467083029,0.7986664333361015,0.797287213082832,,,0.8777996467083029,0.998350054748879,0.9982808068430185,,,0.9985086145443075,,,,,,,,,,
trees_mlp,best_single,cross_station,2,full,3141,0.7519674819577449,0.9217209915097102,0.9908727296570716,0.6952686447473937,182.73407125473022,-0.13650624445100445,mlp,-1.0,0.8884737264087493,0.7519674819577449,0.7974737395645272,,,0.8884737264087493,0.9987444012255376,0.9986230257166012,,,0.998422052868272,,,,,,,,,,
trees_mlp,best_single,cross_station,2,full,42,0.7997118385374589,0.9219862490450725,0.9893886331142854,0.6925393883225208,177.15384125709534,-0.0872905010826105,mlp,0.5,0.8870023396200694,0.7947277599216951,0.7997118385374589,,,0.8870023396200694,0.9973002235606526,0.9987161069820628,,,0.9984712982294851,,,,,,,,,,
trees_mlp,best_single,cross_station,2,full,4242,0.7950659375307642,0.9220336921486347,0.9895955719171823,0.691414112369889,185.22196173667908,-0.07547610267128235,mlp,0.5,0.8705420402020465,0.7897239305433861,0.7950659375307642,,,0.8705420402020465,0.9983827136313767,0.998745161839141,,,0.9984467276727264,,,,,,,,,,
trees_mlp,best_single,cross_station,2,full,456,0.8670925372758899,0.9267318317042074,0.9996594496181906,0.6935437424408224,187.91158294677734,0.0,mlp,1.0,0.8670925372758899,0.7975713897409418,0.799481377129563,,,0.8670925372758899,0.9976082869188865,0.9982506848229988,,,0.9984648413553173,,,,,,,,,,
trees_mlp,best_single,cross_station,2,full,5555,0.7970710144327434,0.921243232697654,0.9901058866698118,0.6935226365606112,177.31394982337952,-0.0739146593843828,mlp,0.5,0.8709856738171262,0.7742084015279098,0.7970710144327434,,,0.8709856738171262,0.9984755609112435,0.998814316239177,,,0.9985243018120978,,,,,,,,,,
trees_mlp,best_single,cross_station,2,full,6789,0.8796736978813557,0.9271287200712653,0.9996863565081024,0.6901092581943645,191.1584358215332,0.0,mlp,1.0,0.8796736978813557,0.7898338348468807,0.8029711049628615,,,0.8796736978813557,0.9961995918430099,0.9977226998748073,,,0.9988533511322635,,,,,,,,,,
trees_mlp,best_single,cross_station,2,full,789,0.8874501861570626,0.925493803253292,0.9991898601855481,0.6981648238914853,195.24249386787415,0.0,mlp,0.5,0.8874501861570626,0.8023895657534506,0.7978743458551949,,,0.8874501861570626,0.9968289090223834,0.998271653544278,,,0.9987006247280154,,,,,,,,,,
trees_mlp,best_single,random,0,full,1011,0.9983406656271647,0.9998078084674098,0.9997254632807138,0.0001696712619300106,497.9868109226227,0.0,xgboost,0.5,0.9983406656271647,0.9972699275918782,0.9983406656271647,,,0.9963775790689168,0.9960242931900236,0.9984605116245372,,,0.9968058966165866,,,,,,,,,,
trees_mlp,best_single,random,0,full,123,0.9978456175188034,0.9998901883270191,0.9999176389842142,0.00021208907741251324,490.98998832702637,0.0,xgboost,1.0,0.9978456175188034,0.9948647244634924,0.9978456175188034,,,0.9972152844905935,0.9952773580963582,0.9982570921241533,,,0.9970301493576318,,,,,,,,,,
trees_mlp,best_single,random,0,full,2026,0.9985865535083767,0.999739129240866,0.9995058339052848,4.241781548250265e-05,520.5757749080658,-0.0007784581550637215,xgboost,0.5,0.9993650116634404,0.9985865535083767,0.9993650116634404,,,0.9977644777877104,0.9987626735566955,0.9984476500098373,,,0.9969402749937843,,,,,,,,,,
trees_mlp,best_single,random,0,full,3141,0.9985329486709317,0.999835255354201,0.9996980096087852,4.241781548250265e-05,385.9154562950134,0.0,xgboost,0.5,0.9985329486709317,0.9978121307832253,0.9985329486709317,,,0.9964679023362777,0.9957843002637081,0.9981210836614678,,,0.9967282324009337,,,,,,,,,,
trees_mlp,best_single,random,0,full,42,0.9983454949918156,0.9997803404722679,0.9996431022649279,0.00012725344644750795,524.7583150863647,0.0,xgboost,1.0,0.9983454949918156,0.9969685231168111,0.9983454949918156,,,0.9964496462177785,0.9975371853793791,0.9987009900398947,,,0.996972488533586,,,,,,,,,,
trees_mlp,best_single,random,0,full,4242,0.9977960927594365,0.9998627316403569,0.9998627316403569,0.00021208907741251324,387.2488143444061,-0.000542822141737842,lightgbm,-0.5,0.9983389149011743,0.9983389149011743,0.9977960927594365,,,0.9955071306230295,0.9964256728129772,0.998024109480759,,,0.9970330805047065,,,,,,,,,,
trees_mlp,best_single,random,0,full,456,0.9990905652428604,0.999794100286887,0.9998078242964996,0.0003393425238600212,433.93002820014954,-7.70661888768176e-05,lightgbm,0.5,0.9991676314317373,0.9991676314317373,0.9990905652428604,,,0.9976726214564976,0.9968828668395238,0.9983886850254584,,,0.9966138783582505,,,,,,,,,,
trees_mlp,best_single,random,0,full,5555,0.9987781890525476,0.9997666213637549,0.9996705559368566,0.00021208907741251324,363.81856060028076,0.0,xgboost,0.5,0.9987781890525476,0.9986854080319595,0.9987781890525476,,,0.9972754914318995,0.9968321349889158,0.998412307283297,,,0.9970786012291916,,,,,,,,,,
trees_mlp,best_single,random,0,full,6789,0.9984761284549779,0.9996979764421625,0.9995881949210706,0.00029692470837751854,334.89870381355286,0.0,xgboost,1.0,0.9984761284549779,0.9928822151968946,0.9984761284549779,,,0.9975601493265704,0.9931731159240547,0.9984375406310247,,,0.9968360537045489,,,,,,,,,,
trees_mlp,best_single,random,0,full,789,0.9992581445408487,0.9998764499965681,0.9998078242964996,8.48356309650053e-05,408.5201668739319,0.0,xgboost,1.0,0.9992581445408487,0.99568849171358,0.9992581445408487,,,0.9977437452072642,0.9959643134479802,0.9978733052753754,,,0.9967983129120012,,,,,,,,,,
trees_mlp,best_single,temporal,0,full,1011,0.9953267932659409,0.9980742425353972,0.996155887898369,0.0,305.74446535110474,0.0,xgboost,0.5,0.9953267932659409,0.9720993052681004,0.9953267932659409,,,0.9762136778757754,0.9980786744831099,0.9983935226112816,,,0.9971679752531093,,,,,,,,,,
trees_mlp,best_single,temporal,0,full,123,0.9952060251533585,0.9974583191873962,0.9949295259015193,0.0,313.1269099712372,0.0,xgboost,1.0,0.9952060251533585,0.9664986718122203,0.9952060251533585,,,0.9742935840952458,0.9972763850290153,0.9981786946071168,,,0.9973638444004269,,,,,,,,,,
trees_mlp,best_single,temporal,0,full,2026,0.9447996212240322,0.9745861331131048,0.9504319812564065,0.0,277.6773519515991,-0.034307583076508275,mlp,-1.0,0.9791072043005404,0.9447996212240322,0.9763216595460606,,,0.9791072043005404,0.9985580678220978,0.9985549335684044,,,0.9971323021100064,,,,,,,,,,
trees_mlp,best_single,temporal,0,full,3141,0.9697435468132038,0.9696729659386669,0.9411312465678199,0.0,296.6858813762665,-0.0076474437512763505,mlp,-0.5,0.9773909905644802,0.954408428206889,0.9697435468132038,,,0.9773909905644802,0.9979523322156592,0.9981529726701974,,,0.9971265060923376,,,,,,,,,,
trees_mlp,best_single,temporal,0,full,42,0.9932930558164421,0.9987445820007881,0.9974923121979792,0.0,287.51901721954346,0.0,xgboost,1.0,0.9932930558164421,0.9779273248399973,0.9932930558164421,,,0.9756210147749881,0.9981985094377599,0.9984353191983159,,,0.9971349539406723,,,,,,,,,,
trees_mlp,best_single,temporal,0,full,4242,0.9942770440874426,0.997734339885708,0.9954789229952593,0.0,310.9413688182831,0.0,xgboost,1.0,0.9942770440874426,0.9550205729691912,0.9942770440874426,,,0.9742502330344615,0.9966906352022478,0.9977040531272754,,,0.9971033337697381,,,,,,,,,,
trees_mlp,best_single,temporal,0,full,456,0.9752481874778043,0.9519808153477218,0.9083620121549388,0.0,287.5764412879944,-0.008862956366359809,lightgbm,0.5,0.9841111438441641,0.9841111438441641,0.9752481874778043,,,0.9740091689153226,0.9971080848743973,0.9981526334697988,,,0.9970816126167309,,,,,,,,,,
trees_mlp,best_single,temporal,0,full,5555,0.9922153009529823,0.9985242761161881,0.9970529013362621,0.0,301.0682888031006,-0.001234949005584407,lightgbm,-0.5,0.9934502499585667,0.9934502499585667,0.9922153009529823,,,0.9766893238921587,0.9961503606126365,0.9985757833153553,,,0.9970049698138796,,,,,,,,,,
trees_mlp,best_single,temporal,0,full,6789,0.9764128345836051,0.9426326281765924,0.891490179568377,0.0,297.6833288669586,0.0,xgboost,1.0,0.9764128345836051,0.9711682276777035,0.9764128345836051,,,0.9751615362827485,0.9969573854255263,0.9984096797341161,,,0.9974058596359355,,,,,,,,,,
trees_mlp,best_single,temporal,0,full,789,0.9535962626046975,0.8684079705041634,0.7674214273947026,0.0,303.258957862854,-0.025329628462748555,mlp,-0.5,0.9789258910674461,0.948314908527281,0.9535962626046975,,,0.9789258910674461,0.9979462804119665,0.9981775970172113,,,0.9970360307724815,,,,,,,,,,
trees_mlp,calibrated,cross_station,1,full,1011,0.935661225138118,0.8867916290712228,0.7967338293170853,0.0006954505940307157,204.29468154907227,-0.030683714512755644,mlp,-0.5,0.9663449396508736,0.9330677425481999,0.9338886494582508,,,0.9663449396508736,0.997176499944308,0.9976192704413608,,,0.9964835311913911,0.33980615669798714,0.33178376538129223,,,0.3284100779207205,,,,,
trees_mlp,calibrated,cross_station,1,full,123,0.9347195099248052,0.8877793107475783,0.7985292186474064,0.001777319114780415,182.86661911010742,-0.027378872994571535,mlp,0.5,0.9620983829193768,0.9325832163456178,0.9342551818209758,,,0.9620983829193768,0.9964338201323844,0.9976058890037971,,,0.9964638839455175,0.34342856821581447,0.3328416438534201,,,0.32372978793076546,,,,,
trees_mlp,calibrated,cross_station,1,full,2026,0.9359203071752642,0.8871819561157797,0.7975213114754098,0.00153995323105002,179.37112879753113,-0.030322499211572596,mlp,-0.5,0.9662428063868368,0.9263578401425066,0.9350991662469199,,,0.9662428063868368,0.9980035939047947,0.998434044213093,,,0.9960881820305105,0.33597327030413543,0.3402102293734116,,,0.3238165003224529,,,,,
trees_mlp,calibrated,cross_station,1,full,3141,0.9346168751828938,0.8850642754306344,0.7940856337289358,0.0014320082483675106,174.96699333190918,-0.03497228129229901,mlp,-0.5,0.9695891564751928,0.9330293400319191,0.9339227524448567,,,0.9695891564751928,0.997205044049713,0.9978927703675515,,,0.9964002864326417,0.340119532194518,0.33462294657897834,,,0.32525752122650364,,,,,
trees_mlp,calibrated,cross_station,1,full,42,0.9360538963667745,0.8882054570895522,0.799302194414932,0.002259036144578313,208.7704041004181,-0.029952163850894276,mlp,-1.0,0.9660060602176688,0.9324852654894676,0.9346363774494358,,,0.9660060602176688,0.9979602030291093,0.9976893979370508,,,0.9967036049018448,0.3371242603907813,0.3334144983174838,,,0.32946124129173493,,,,,
trees_mlp,calibrated,cross_station,1,full,4242,0.9354291635030437,0.8877551020408163,0.7984256285736665,0.0014376904939904537,245.05091762542725,-0.03131113334790492,mlp,-1.0,0.9667402968509486,0.9325349857438794,0.9342148209227372,,,0.9667402968509486,0.9974500462861511,0.9973716024376276,,,0.9966386911495666,0.34269525541360507,0.33269713131104817,,,0.32460761327534676,,,,,
trees_mlp,calibrated,cross_station,1,full,456,0.9325860892534283,0.8864118509014296,0.7962984793115643,0.0016702182802511088,230.0100700855255,-0.024986355192831322,mlp,-0.5,0.9575724444462597,0.928075182080526,0.9336446163960963,,,0.9575724444462597,0.9972290959223419,0.9978434651090589,,,0.9966821372314756,0.3397244065501008,0.3347379802833561,,,0.32553761316654306,,,,,
trees_mlp,calibrated,cross_station,1,full,5555,0.9359537537729768,0.8867334213347531,0.7966923520469675,0.0009693237541338807,247.08545446395874,-0.027436441227435604,mlp,-1.0,0.9633901950004125,0.9334863615379114,0.9350348540346245,,,0.9633901950004125,0.9992666964235885,0.99874566282707,,,0.9958947139417772,0.3455737515982811,0.3285350809422743,,,0.3258911674594447,,,,,
trees_mlp,calibrated,cross_station,1,full,6789,0.9356293696884421,0.887837975272051,0.7986016727652901,0.001667625071880391,666.0052061080933,-0.03132321834440133,mlp,-0.5,0.9669525880328435,0.9343707311275303,0.934628791051307,,,0.9669525880328435,0.9972258014129101,0.9976607451327685,,,0.9968028961650709,0.33772840940463816,0.3337882880972296,,,0.32848330249813223,,,,,
trees_mlp,calibrated,cross_station,1,full,789,0.9333914153724449,0.8877573996731433,0.7985234548543055,0.0019377635928416732,156.36480164527893,-0.03818949561876339,mlp,-1.0,0.9715809109912082,0.9319299300754932,0.9337792225754065,,,0.9715809109912082,0.9981729944040517,0.9979012735109811,,,0.995664658696993,0.34253585707814777,0.33412646350150527,,,0.3233376794203469,,,,,
trees_mlp,calibrated,cross_station,2,full,1011,0.8014100047643512,0.9229447568680733,0.9903243942940076,0.6900608519269776,193.9358856678009,-0.08810186363229622,mlp,-0.5,0.8895118683966474,0.7922690910087833,0.7951758232605589,,,0.8895118683966474,0.9987487814617657,0.9990101181859298,,,0.9985386047543329,0.33833027656578807,0.3334448492490871,,,0.3282248741851247,,,,,
trees_mlp,calibrated,cross_station,2,full,123,0.8007149338772921,0.92167751000336,0.9906369008535785,0.694186446508428,193.41577339172363,-0.059415269549543126,mlp,-0.5,0.8601302034268352,0.7963580127400448,0.7981289817274776,,,0.8601302034268352,0.9987334605604737,0.9980309758937618,,,0.9985615134829273,0.3411148286297639,0.3330164154365852,,,0.3258687559336509,,,,,
trees_mlp,calibrated,cross_station,2,full,2026,0.8013076233711759,0.9219652120842233,0.9905836065573771,0.6883020589745052,181.2602846622467,-0.07649202333712701,mlp,1.0,0.8777996467083029,0.7986664333361015,0.797287213082832,,,0.8777996467083029,0.998350054748879,0.9982808068430185,,,0.9985086145443075,0.3365872550551294,0.3338522691015019,,,0.3295604758433688,,,,,
trees_mlp,calibrated,cross_station,2,full,3141,0.8036394540919511,0.9219814883737958,0.9908202740803882,0.692347347920724,183.90920329093933,-0.08483427231679819,mlp,-1.0,0.8884737264087493,0.7519674819577449,0.7974737395645272,,,0.8884737264087493,0.9987444012255376,0.9986230257166012,,,0.998422052868272,0.3376657649916398,0.3338025677130394,,,0.3285316672953207,,,,,
trees_mlp,calibrated,cross_station,2,full,42,0.8030342078716831,0.9226183568387684,0.9906478311625284,0.6925393883225208,178.36663174629211,-0.08396813174838624,mlp,0.5,0.8870023396200694,0.7947277599216951,0.7997118385374589,,,0.8870023396200694,0.9973002235606526,0.9987161069820628,,,0.9984712982294851,0.33543934044520274,0.3379098374784793,,,0.32665082207631796,,,,,
trees_mlp,calibrated,cross_station,2,full,4242,0.8007883964745233,0.922407241909695,0.9903396778152006,0.691414112369889,186.4773063659668,-0.06975364372752324,mlp,0.5,0.8705420402020465,0.7897239305433861,0.7950659375307642,,,0.8705420402020465,0.9983827136313767,0.998745161839141,,,0.9984467276727264,0.3356123420288476,0.33481730507130564,,,0.3295703528998469,,,,,
trees_mlp,calibrated,cross_station,2,full,456,0.8027234961399683,0.9223206226060651,0.9903467064848651,0.6910672118873467,188.97245478630066,-0.06436904113592157,mlp,1.0,0.8670925372758899,0.7975713897409418,0.799481377129563,,,0.8670925372758899,0.9976082869188865,0.9982506848229988,,,0.9984648413553173,0.33782445388443744,0.3331548163694735,,,0.32902072974608904,,,,,
trees_mlp,calibrated,cross_station,2,full,5555,0.7980307051666662,0.9212958447132267,0.9902107249567542,0.6935226365606112,178.76754784584045,-0.07295496865046003,mlp,0.5,0.8709856738171262,0.7742084015279098,0.7970710144327434,,,0.8709856738171262,0.9984755609112435,0.998814316239177,,,0.9985243018120978,0.3394522961342762,0.3352201435589623,,,0.3253275603067614,,,,,
trees_mlp,calibrated,cross_station,2,full,6789,0.8185563833442067,0.9228016577712592,0.9907997909043388,0.6889591719378954,192.63463973999023,-0.06111731453714908,mlp,1.0,0.8796736978813557,0.7898338348468807,0.8029711049628615,,,0.8796736978813557,0.9961995918430099,0.9977226998748073,,,0.9988533511322635,0.33385023053236035,0.33244244332586115,,,0.33370732614177856,,,,,
trees_mlp,calibrated,cross_station,2,full,789,0.8075425629479656,0.9216645894762441,0.9904612570233895,0.6927504844408983,196.638267993927,-0.07990762320909706,mlp,0.5,0.8874501861570626,0.8023895657534506,0.7978743458551949,,,0.8874501861570626,0.9968289090223834,0.998271653544278,,,0.9987006247280154,0.3365152543060668,0.3349512964473333,,,0.32853344924659994,,,,,
trees_mlp,calibrated,random,0,full,1011,0.9971583377742586,0.9998077926357122,0.9996431022649279,4.241781548250265e-05,501.32682752609253,-0.0011823278529061731,xgboost,0.5,0.9983406656271647,0.9972699275918782,0.9983406656271647,,,0.9963775790689168,0.9960242931900236,0.9984605116245372,,,0.9968058966165866,0.33514876550234673,0.3345082715250066,,,0.33034296297264665,,,,,
trees_mlp,calibrated,random,0,full,123,0.9968310405745999,0.9998901853122856,0.9998901853122856,0.0001696712619300106,494.8205065727234,-0.0010145769442034824,xgboost,1.0,0.9978456175188034,0.9948647244634924,0.9978456175188034,,,0.9972152844905935,0.9952773580963582,0.9982570921241533,,,0.9970301493576318,0.33411610166501327,0.3341577936222578,,,0.33172610471272884,,,,,
trees_mlp,calibrated,random,0,full,2026,0.9994919398715822,0.999739129240866,0.9995058339052848,4.241781548250265e-05,523.4661045074463,0.00012692820814186323,xgboost,0.5,0.9993650116634404,0.9985865535083767,0.9993650116634404,,,0.9977644777877104,0.9987626735566955,0.9984476500098373,,,0.9969402749937843,0.33272252705492766,0.3345522351662245,,,0.33272523777884794,,,,,
trees_mlp,calibrated,random,0,full,3141,0.9983590570043395,0.9997941115915174,0.9998627316403569,0.0004241781548250265,389.5215549468994,-0.00017389166659220745,xgboost,0.5,0.9985329486709317,0.9978121307832253,0.9985329486709317,,,0.9964679023362777,0.9957843002637081,0.9981210836614678,,,0.9967282324009337,0.33337221305764997,0.33658249932160283,,,0.33004528762074725,,,,,
trees_mlp,calibrated,random,0,full,42,0.9981529903714718,0.9997940720198789,0.9996705559368566,0.00012725344644750795,528.4077274799347,-0.0001925046203438141,xgboost,1.0,0.9983454949918156,0.9969685231168111,0.9983454949918156,,,0.9964496462177785,0.9975371853793791,0.9987009900398947,,,0.996972488533586,0.3342336222503527,0.33437788408767444,,,0.33138849366197287,,,,,
trees_mlp,calibrated,random,0,full,4242,0.9978215412393175,0.9998901762670913,0.9998078242964996,4.241781548250265e-05,390.56136870384216,-0.0005173736618567792,lightgbm,-0.5,0.9983389149011743,0.9983389149011743,0.9977960927594365,,,0.9955071306230295,0.9964256728129772,0.998024109480759,,,0.9970330805047065,0.3321907038769361,0.33527419516417684,,,0.332535100958887,,,,,
trees_mlp,calibrated,random,0,full,456,0.9990698898355643,0.9998215290838951,0.9996980096087852,8.48356309650053e-05,437.23536229133606,-9.774159617292888e-05,lightgbm,0.5,0.9991676314317373,0.9991676314317373,0.9990905652428604,,,0.9976726214564976,0.9968828668395238,0.9983886850254584,,,0.9966138783582505,0.3350116447240352,0.33557514468512034,,,0.3294132105908445,,,,,
trees_mlp,calibrated,random,0,full,5555,0.9988346016073228,0.9997940720198789,0.9996705559368566,0.00012725344644750795,367.20956087112427,5.641255477528695e-05,xgboost,0.5,0.9987781890525476,0.9986854080319595,0.9987781890525476,,,0.9972754914318995,0.9968321349889158,0.998412307283297,,,0.9970786012291916,0.33284687022772275,0.33596469211859914,,,0.33118843765367806,,,,,
trees_mlp,calibrated,random,0,full,6789,0.998504418285182,0.9997117008278305,0.9995881949210706,0.0002545068928950159,337.6862201690674,2.828983020408682e-05,xgboost,1.0,0.9984761284549779,0.9928822151968946,0.9984761284549779,,,0.9975601493265704,0.9931731159240547,0.9984375406310247,,,0.9968360537045489,0.32984123124200565,0.33699670828603734,,,0.33316206047195707,,,,,
trees_mlp,calibrated,random,0,full,789,0.9992298876217309,0.999862724102902,0.9998078242964996,0.00012725344644750795,411.7585279941559,-2.825691911778616e-05,xgboost,1.0,0.9992581445408487,0.99568849171358,0.9992581445408487,,,0.9977437452072642,0.9959643134479802,0.9978733052753754,,,0.9967983129120012,0.3370281904786395,0.3359192218261693,,,0.32705258769519124,,,,,
trees_mlp,calibrated,temporal,0,full,1011,0.9950956941925911,0.9981385539406722,0.9962840249684234,0.0,308.9338343143463,-0.00023109907334972757,xgboost,0.5,0.9953267932659409,0.9720993052681004,0.9953267932659409,,,0.9762136778757754,0.9980786744831099,0.9983935226112816,,,0.9971679752531093,0.3362056085516934,0.3331600371692746,,,0.330634354279032,,,,,
trees_mlp,calibrated,temporal,0,full,123,0.9912742443634581,0.9855906710736435,0.9715907010799927,0.0,316.12578225135803,-0.003931780789900419,xgboost,1.0,0.9952060251533585,0.9664986718122203,0.9952060251533585,,,0.9742935840952458,0.9972763850290153,0.9981786946071168,,,0.9973638444004269,0.33702472940074585,0.33513069098792575,,,0.3278445796113283,,,,,
trees_mlp,calibrated,temporal,0,full,2026,0.9751987663915115,0.9756532010837466,0.9524637575047591,0.0,280.1898980140686,-0.00390843790902895,mlp,-1.0,0.9791072043005404,0.9447996212240322,0.9763216595460606,,,0.9791072043005404,0.9985580678220978,0.9985549335684044,,,0.9971323021100064,0.33764084494619606,0.3354378636961621,,,0.32692129135764186,,,,,
trees_mlp,calibrated,temporal,0,full,3141,0.978406381620926,0.977645946982811,0.9562694490206846,0.0,299.9346740245819,0.001015391056445769,mlp,-0.5,0.9773909905644802,0.954408428206889,0.9697435468132038,,,0.9773909905644802,0.9979523322156592,0.9981529726701974,,,0.9971265060923376,0.33737440223970144,0.33447510959737353,,,0.328150488162925,,,,,
trees_mlp,calibrated,temporal,0,full,42,0.9934844763019419,0.9987537570559343,0.9975106164885049,0.0,290.8890469074249,0.00019142048549980473,xgboost,1.0,0.9932930558164421,0.9779273248399973,0.9932930558164421,,,0.9756210147749881,0.9981985094377599,0.9984353191983159,,,0.9971349539406723,0.3370716142370972,0.33511571470951346,,,0.3278126710533893,,,,,
trees_mlp,calibrated,temporal,0,full,4242,0.9941674062311322,0.997780305253889,0.9955704427726831,0.0,314.1780626773834,-0.00010963785631035172,xgboost,1.0,0.9942770440874426,0.9550205729691912,0.9942770440874426,,,0.9742502330344615,0.9966906352022478,0.9977040531272754,,,0.9971033337697381,0.3378900867856294,0.33312250950794037,,,0.32898740370643026,,,,,
trees_mlp,calibrated,temporal,0,full,456,0.9849421739914567,0.9681446852717571,0.9382734129018085,2.8279743219931563e-05,290.22514295578003,0.0008310301472925774,lightgbm,0.5,0.9841111438441641,0.9841111438441641,0.9752481874778043,,,0.9740091689153226,0.9971080848743973,0.9981526334697988,,,0.9970816126167309,0.33463310765143756,0.3350279841898207,,,0.3303389081587417,,,,,
trees_mlp,calibrated,temporal,0,full,5555,0.9962475126452883,0.9985885285868789,0.9971810360607725,0.0,304.0742812156677,0.0027972626867216466,lightgbm,-0.5,0.9934502499585667,0.9934502499585667,0.9922153009529823,,,0.9766893238921587,0.9961503606126365,0.9985757833153553,,,0.9970049698138796,0.3373285318936007,0.33322185753023664,,,0.3294496105761628,,,,,
trees_mlp,calibrated,temporal,0,full,6789,0.9792580503306824,0.9495856486377358,0.9040105434643334,0.0,300.463919878006,0.002845215747077301,xgboost,1.0,0.9764128345836051,0.9711682276777035,0.9764128345836051,,,0.9751615362827485,0.9969573854255263,0.9984096797341161,,,0.9974058596359355,0.33648571982849573,0.3339233765298614,,,0.32959090364164273,,,,,
trees_mlp,calibrated,temporal,0,full,789,0.9852486308608266,0.9663301893039933,0.9348538375647526,0.0,306.07257533073425,0.006322739793380494,mlp,-0.5,0.9789258910674461,0.948314908527281,0.9535962626046975,,,0.9789258910674461,0.9979462804119665,0.9981775970172113,,,0.9970360307724815,0.3373273841385293,0.3354831870013731,,,0.3271894288600976,,,,,
trees_mlp,confidence,cross_station,1,full,1011,0.9349725420584551,0.8861999927195953,0.795779343889332,0.0006954505940307157,203.27492594718933,-0.0313723975924185,mlp,-0.5,0.9663449396508736,0.9330677425481999,0.9338886494582508,,,0.9663449396508736,0.997176499944308,0.9976192704413608,,,0.9964835311913911,0.33863790691470563,0.3342304524567248,,,0.32713164062856964,,,,,
trees_mlp,confidence,cross_station,1,full,123,0.9341814935277237,0.8864787435412084,0.7964281024294156,0.001777319114780415,182.03803372383118,-0.027916889391653044,mlp,0.5,0.9620983829193768,0.9325832163456178,0.9342551818209758,,,0.9620983829193768,0.9964338201323844,0.9976058890037971,,,0.9964638839455175,0.3421136006947243,0.33532350406543754,,,0.3225628952398383,,,,,
trees_mlp,confidence,cross_station,1,full,2026,0.9361290010190422,0.8871687872067234,0.7974163934426229,0.0010836707922203845,178.04841256141663,-0.03011380536779462,mlp,-0.5,0.9662428063868368,0.9263578401425066,0.9350991662469199,,,0.9662428063868368,0.9980035939047947,0.998434044213093,,,0.9960881820305105,0.33813046571460414,0.34191346312637266,,,0.3199560711590232,,,,,
trees_mlp,confidence,cross_station,1,full,3141,0.9346754063119316,0.8850544471241687,0.7940594059405941,0.0013747279184328101,174.1069300174713,-0.03491375016326126,mlp,-0.5,0.9695891564751928,0.9330293400319191,0.9339227524448567,,,0.9695891564751928,0.997205044049713,0.9978927703675515,,,0.9964002864326417,0.3350654211053724,0.33456704357880374,,,0.33036753531582386,,,,,
trees_mlp,confidence,cross_station,1,full,42,0.9360482977837753,0.8881989840908925,0.799302194414932,0.0023169601482854493,207.69597864151,-0.029957762433893476,mlp,-1.0,0.9660060602176688,0.9324852654894676,0.9346363774494358,,,0.9660060602176688,0.9979602030291093,0.9976893979370508,,,0.9967036049018448,0.33955537190913193,0.33338684566805904,,,0.32705778242280903,,,,,
trees_mlp,confidence,cross_station,1,full,4242,0.9354183096751945,0.8877873177387632,0.7984256285736665,0.001150152395192363,243.74681448936462,-0.031321987175754185,mlp,-1.0,0.9667402968509486,0.9325349857438794,0.9342148209227372,,,0.9667402968509486,0.9974500462861511,0.9973716024376276,,,0.9966386911495666,0.3414664965285333,0.33679913074391993,,,0.3217343727275468,,,,,
trees_mlp,confidence,cross_station,1,full,456,0.9324495238466309,0.8864312376064388,0.7962984793115643,0.0014974370788458215,228.80053114891052,-0.02512292059962873,mlp,-0.5,0.9575724444462597,0.928075182080526,0.9336446163960963,,,0.9575724444462597,0.9972290959223419,0.9978434651090589,,,0.9966821372314756,0.3414019083307363,0.33609298863615344,,,0.32250510303311025,,,,,
trees_mlp,confidence,cross_station,1,full,5555,0.9360712859607274,0.8867253022943742,0.7966792472610997,0.0009693237541338807,245.63080096244812,-0.027318909039685035,mlp,-1.0,0.9633901950004125,0.9334863615379114,0.9350348540346245,,,0.9633901950004125,0.9992666964235885,0.99874566282707,,,0.9958947139417772,0.3386830435607438,0.33647058970476945,,,0.3248463667344868,,,,,
trees_mlp,confidence,cross_station,1,full,6789,0.9356291741993119,0.887837975272051,0.7986016727652901,0.001667625071880391,665.244975566864,-0.031323413833531544,mlp,-0.5,0.9669525880328435,0.9343707311275303,0.934628791051307,,,0.9669525880328435,0.9972258014129101,0.9976607451327685,,,0.9968028961650709,0.3395434323567218,0.3352104425954502,,,0.325246125047828,,,,,
trees_mlp,confidence,cross_station,1,full,789,0.933519056180113,0.8877444286253886,0.7984711877695022,0.0017667844522968198,155.17507529258728,-0.03806185481109525,mlp,-1.0,0.9715809109912082,0.9319299300754932,0.9337792225754065,,,0.9715809109912082,0.9981729944040517,0.9979012735109811,,,0.995664658696993,0.33941283723697496,0.3348285756630986,,,0.32575858709992644,,,,,
trees_mlp,confidence,cross_station,2,full,1011,0.8024638093786994,0.9229644432529915,0.9903636197225455,0.6900608519269776,192.9582552909851,-0.08704805901794799,mlp,-0.5,0.8895118683966474,0.7922690910087833,0.7951758232605589,,,0.8895118683966474,0.9987487814617657,0.9990101181859298,,,0.9985386047543329,0.33461516575919914,0.334458972464909,,,0.3309258617758918,,,,,
trees_mlp,confidence,cross_station,2,full,123,0.8004983129183479,0.9217565528657907,0.9907944845699278,0.694186446508428,192.37032890319824,-0.05963189050848727,mlp,-0.5,0.8601302034268352,0.7963580127400448,0.7981289817274776,,,0.8601302034268352,0.9987334605604737,0.9980309758937618,,,0.9985615134829273,0.33621276198471073,0.334187253772172,,,0.3295999842431174,,,,,
trees_mlp,confidence,cross_station,2,full,2026,0.8015857470545262,0.9219849499246275,0.9906229508196721,0.6883020589745052,180.2473225593567,-0.07621389965377667,mlp,1.0,0.8777996467083029,0.7986664333361015,0.797287213082832,,,0.8777996467083029,0.998350054748879,0.9982808068430185,,,0.9985086145443075,0.3344173943938135,0.3339526864182009,,,0.33162991918798557,,,,,
trees_mlp,confidence,cross_station,2,full,3141,0.8051060508578788,0.9220406818542335,0.9909382991279261,0.692347347920724,182.99657249450684,-0.08336767555087055,mlp,-1.0,0.8884737264087493,0.7519674819577449,0.7974737395645272,,,0.8884737264087493,0.9987444012255376,0.9986230257166012,,,0.998422052868272,0.33469737910660624,0.3342001767653837,,,0.33110244412800993,,,,,
trees_mlp,confidence,cross_station,2,full,42,0.80331143195377,0.9226315178685951,0.9906740644552001,0.6925393883225208,177.41544890403748,-0.08369090766629939,mlp,0.5,0.8870023396200694,0.7947277599216951,0.7997118385374589,,,0.8870023396200694,0.9973002235606526,0.9987161069820628,,,0.9984712982294851,0.33384990876060816,0.3352921862548127,,,0.33085790498457923,,,,,
trees_mlp,confidence,cross_station,2,full,4242,0.8007589816412845,0.9224137931034483,0.9903527323046396,0.691414112369889,185.50359797477722,-0.06978305856076206,mlp,0.5,0.8705420402020465,0.7897239305433861,0.7950659375307642,,,0.8705420402020465,0.9983827136313767,0.998745161839141,,,0.9984467276727264,0.33401251627228234,0.3340202578961642,,,0.3319672258315535,,,,,
trees_mlp,confidence,cross_station,2,full,456,0.8031434522012493,0.9223469138814345,0.9903990988512974,0.6910672118873467,188.1640362739563,-0.06394908507464059,mlp,1.0,0.8670925372758899,0.7975713897409418,0.799481377129563,,,0.8670925372758899,0.9976082869188865,0.9982506848229988,,,0.9984648413553173,0.3347807603926165,0.33407633332330194,,,0.3311429062840817,,,,,
trees_mlp,confidence,cross_station,2,full,5555,0.7979802766416377,0.9212761158087899,0.9901714105991508,0.6935226365606112,177.62584328651428,-0.07300539717548848,mlp,0.5,0.8709856738171262,0.7742084015279098,0.7970710144327434,,,0.8709856738171262,0.9984755609112435,0.998814316239177,,,0.9985243018120978,0.3342638742852249,0.3344722956078776,,,0.3312638301068975,,,,,
trees_mlp,confidence,cross_station,2,full,6789,0.8188197750245686,0.9228016577712592,0.9907997909043388,0.6889591719378954,191.50408601760864,-0.060853922856787146,mlp,1.0,0.8796736978813557,0.7898338348468807,0.8029711049628615,,,0.8796736978813557,0.9961995918430099,0.9977226998748073,,,0.9988533511322635,0.3334259641329463,0.3345995408511544,,,0.33197449501589926,,,,,
trees_mlp,confidence,cross_station,2,full,789,0.8082354229768821,0.9216842566023054,0.990500457336992,0.6927504844408983,195.4989354610443,-0.0792147631801805,mlp,0.5,0.8874501861570626,0.8023895657534506,0.7978743458551949,,,0.8874501861570626,0.9968289090223834,0.998271653544278,,,0.9987006247280154,0.3339986302651194,0.3347683532409401,,,0.33123301649394044,,,,,
trees_mlp,confidence,random,0,full,1011,0.9981674060712429,0.9998215339840479,0.9997254632807138,0.00012725344644750795,498.8700096607208,-0.00017325955592184528,xgboost,0.5,0.9983406656271647,0.9972699275918782,0.9983406656271647,,,0.9963775790689168,0.9960242931900236,0.9984605116245372,,,0.9968058966165866,0.3347768499280968,0.3348177954607757,,,0.3304053546111275,,,,,
trees_mlp,confidence,random,0,full,123,0.9977988251873597,0.9998901883270191,0.9999176389842142,0.00021208907741251324,491.8860831260681,-4.679233144366801e-05,xgboost,1.0,0.9978456175188034,0.9948647244634924,0.9978456175188034,,,0.9972152844905935,0.9952773580963582,0.9982570921241533,,,0.9970301493576318,0.33554439528215313,0.33458774684068854,,,0.32986785787715833,,,,,
trees_mlp,confidence,random,0,full,2026,0.9984929330321997,0.999739129240866,0.9995058339052848,4.241781548250265e-05,521.3377935886383,-0.0008720786312407247,xgboost,0.5,0.9993650116634404,0.9985865535083767,0.9993650116634404,,,0.9977644777877104,0.9987626735566955,0.9984476500098373,,,0.9969402749937843,0.33485951553555393,0.33602667460620816,,,0.3291138098582379,,,,,
trees_mlp,confidence,random,0,full,3141,0.9983460653849371,0.9997529644268774,0.9999450926561427,0.0006786850477200424,386.72716999053955,-0.00018688328599458792,xgboost,0.5,0.9985329486709317,0.9978121307832253,0.9985329486709317,,,0.9964679023362777,0.9957843002637081,0.9981210836614678,,,0.9967282324009337,0.3350857837456158,0.336842436553889,,,0.3280717797004952,,,,,
trees_mlp,confidence,random,0,full,42,0.9981529903714718,0.9997940720198789,0.9996705559368566,0.00012725344644750795,525.6713070869446,-0.0001925046203438141,xgboost,1.0,0.9983454949918156,0.9969685231168111,0.9983454949918156,,,0.9964496462177785,0.9975371853793791,0.9987009900398947,,,0.996972488533586,0.3336701008442686,0.3343477501393952,,,0.331982149016336,,,,,
trees_mlp,confidence,random,0,full,4242,0.9978449541503854,0.9998901762670913,0.9998078242964996,4.241781548250265e-05,388.0204894542694,-0.000493960750788891,lightgbm,-0.5,0.9983389149011743,0.9983389149011743,0.9977960927594365,,,0.9955071306230295,0.9964256728129772,0.998024109480759,,,0.9970330805047065,0.3330307546239245,0.33523448850096815,,,0.33173475687510734,,,,,
trees_mlp,confidence,random,0,full,456,0.9989287808514631,0.999807803190467,0.9996980096087852,0.00012725344644750795,434.8513903617859,-0.00023885058027417472,lightgbm,0.5,0.9991676314317373,0.9991676314317373,0.9990905652428604,,,0.9976726214564976,0.9968828668395238,0.9983886850254584,,,0.9966138783582505,0.33528471140832894,0.3358099858368184,,,0.32890530275485264,,,,,
trees_mlp,confidence,random,0,full,5555,0.9988297833271622,0.9997803525341826,0.9996980096087852,0.00021208907741251324,364.5301344394684,5.159427461465249e-05,xgboost,0.5,0.9987781890525476,0.9986854080319595,0.9987781890525476,,,0.9972754914318995,0.9968321349889158,0.998412307283297,,,0.9970786012291916,0.33442975691731597,0.3367115560957431,,,0.3288586869869411,,,,,
trees_mlp,confidence,random,0,full,6789,0.998504418285182,0.9997117008278305,0.9995881949210706,0.0002545068928950159,335.5978183746338,2.828983020408682e-05,xgboost,1.0,0.9984761284549779,0.9928822151968946,0.9984761284549779,,,0.9975601493265704,0.9931731159240547,0.9984375406310247,,,0.9968360537045489,0.3312376425087297,0.3360846578227945,,,0.3326776996684758,,,,,
trees_mlp,confidence,random,0,full,789,0.9992298876217309,0.999862724102902,0.9998078242964996,0.00012725344644750795,409.3719713687897,-2.825691911778616e-05,xgboost,1.0,0.9992581445408487,0.99568849171358,0.9992581445408487,,,0.9977437452072642,0.9959643134479802,0.9978733052753754,,,0.9967983129120012,0.33726185801551034,0.33576783138677047,,,0.32697031059771914,,,,,
trees_mlp,confidence,temporal,0,full,1011,0.99508970291479,0.9981385539406722,0.9962840249684234,0.0,306.34067463874817,-0.000237090351150826,xgboost,0.5,0.9953267932659409,0.9720993052681004,0.9953267932659409,,,0.9762136778757754,0.9980786744831099,0.9983935226112816,,,0.9971679752531093,0.3352810448914286,0.3333103240226227,,,0.33140863108594865,,,,,
trees_mlp,confidence,temporal,0,full,123,0.9911036594616588,0.9851383986624559,0.9707120629690646,0.0,313.70934867858887,-0.00410236569169975,xgboost,1.0,0.9952060251533585,0.9664986718122203,0.9952060251533585,,,0.9742935840952458,0.9972763850290153,0.9981786946071168,,,0.9973638444004269,0.33555292274355436,0.33484927238005474,,,0.32959780487639095,,,,,
trees_mlp,confidence,temporal,0,full,2026,0.9768811791478923,0.9754130642711127,0.9520061502416166,0.0,278.2689743041992,-0.0022260251526481367,mlp,-1.0,0.9791072043005404,0.9447996212240322,0.9763216595460606,,,0.9791072043005404,0.9985580678220978,0.9985549335684044,,,0.9971323021100064,0.33684016046797355,0.3343447636500714,,,0.3288150758819552,,,,,
trees_mlp,confidence,temporal,0,full,3141,0.9787251242273363,0.9775981135253495,0.956177924217463,0.0,297.25726342201233,0.001334133662856063,mlp,-0.5,0.9773909905644802,0.954408428206889,0.9697435468132038,,,0.9773909905644802,0.9979523322156592,0.9981529726701974,,,0.9971265060923376,0.3361211615703152,0.3344812002396324,,,0.3293976381900524,,,,,
trees_mlp,confidence,temporal,0,full,42,0.9934367029780528,0.9987537570559343,0.9975106164885049,0.0,288.08763337135315,0.00014364716161063829,xgboost,1.0,0.9932930558164421,0.9779273248399973,0.9932930558164421,,,0.9756210147749881,0.9981985094377599,0.9984353191983159,,,0.9971349539406723,0.33633684002775005,0.33437846243195224,,,0.32928469754029766,,,,,
trees_mlp,confidence,temporal,0,full,4242,0.993443306722546,0.997780305253889,0.9955704427726831,0.0,311.5967106819153,-0.0008337373648965585,xgboost,1.0,0.9942770440874426,0.9550205729691912,0.9942770440874426,,,0.9742502330344615,0.9966906352022478,0.9977040531272754,,,0.9971033337697381,0.33678174095149815,0.3341425828100225,,,0.3290756762384793,,,,,
trees_mlp,confidence,temporal,0,full,456,0.9848462205087447,0.9676181837079872,0.9372849088379586,2.8279743219931563e-05,288.14593148231506,0.0007350766645806139,lightgbm,0.5,0.9841111438441641,0.9841111438441641,0.9752481874778043,,,0.9740091689153226,0.9971080848743973,0.9981526334697988,,,0.9970816126167309,0.335409686619577,0.33486005505506977,,,0.32973025832535335,,,,,
trees_mlp,confidence,temporal,0,full,5555,0.9963955749622811,0.9985885285868789,0.9971810360607725,0.0,301.66954708099365,0.002945325003714472,lightgbm,-0.5,0.9934502499585667,0.9934502499585667,0.9922153009529823,,,0.9766893238921587,0.9961503606126365,0.9985757833153553,,,0.9970049698138796,0.3355825400372926,0.3336650194849644,,,0.33075244047774305,,,,,
trees_mlp,confidence,temporal,0,full,6789,0.9791198521333909,0.9491613449257521,0.9032417491900203,0.0,298.234472990036,0.0027070175497858617,xgboost,1.0,0.9764128345836051,0.9711682276777035,0.9764128345836051,,,0.9751615362827485,0.9969573854255263,0.9984096797341161,,,0.9974058596359355,0.3349031401109112,0.33455461448503,,,0.33054224540405885,,,,,
trees_mlp,confidence,temporal,0,full,789,0.9850085635774499,0.9657039540321283,0.933682341527704,0.0,303.8148024082184,0.006082672510003828,mlp,-0.5,0.9789258910674461,0.948314908527281,0.9535962626046975,,,0.9789258910674461,0.9979462804119665,0.9981775970172113,,,0.9970360307724815,0.33616082469980346,0.3351750390476202,,,0.32866413625257623,,,,,
trees_mlp,lr,cross_station,1,full,1011,0.9355270228356649,0.8867851763456039,0.7967338293170853,0.000753404810199942,203.28042364120483,-0.030817916815208735,mlp,-0.5,0.9663449396508736,0.9330677425481999,0.9338886494582508,,,0.9663449396508736,0.997176499944308,0.9976192704413608,,,0.9964835311913911,0.3388200326049825,0.33329808731317007,,,0.3278818800818475,,,,,
trees_mlp,lr,cross_station,1,full,123,0.9346580982232828,0.8877874297393971,0.7985423506237689,0.001777319114780415,181.97438430786133,-0.02744028469609394,mlp,0.5,0.9620983829193768,0.9325832163456178,0.9342551818209758,,,0.9620983829193768,0.9964338201323844,0.9976058890037971,,,0.9964638839455175,0.3423273062051544,0.33394717237624516,,,0.3237255214186006,,,,,
trees_mlp,lr,cross_station,1,full,2026,0.9358723889610793,0.8871819561157797,0.7975213114754098,0.00153995323105002,178.01783776283264,-0.030370417425757523,mlp,-0.5,0.9662428063868368,0.9263578401425066,0.9350991662469199,,,0.9662428063868368,0.9980035939047947,0.998434044213093,,,0.9960881820305105,0.33570404737531595,0.3409050830075211,,,0.3233908696171629,,,,,
trees_mlp,lr,cross_station,1,full,3141,0.9345403285970357,0.8850642754306344,0.7940856337289358,0.0014320082483675106,174.04604816436768,-0.03504882787815711,mlp,-0.5,0.9695891564751928,0.9330293400319191,0.9339227524448567,,,0.9695891564751928,0.997205044049713,0.9978927703675515,,,0.9964002864326417,0.3380177710089661,0.33599386995380937,,,0.3259883590372246,,,,,
trees_mlp,lr,cross_station,1,full,42,0.9360445427841823,0.8882054570895522,0.799302194414932,0.002259036144578313,207.54678893089294,-0.029961517433486518,mlp,-1.0,0.9660060602176688,0.9324852654894676,0.9346363774494358,,,0.9660060602176688,0.9979602030291093,0.9976893979370508,,,0.9967036049018448,0.33723849144462814,0.33403231255542587,,,0.32872919599994593,,,,,
trees_mlp,lr,cross_station,1,full,4242,0.9353779782767773,0.8877551020408163,0.7984256285736665,0.0014376904939904537,243.26104855537415,-0.03136231857417138,mlp,-1.0,0.9667402968509486,0.9325349857438794,0.9342148209227372,,,0.9667402968509486,0.9974500462861511,0.9973716024376276,,,0.9966386911495666,0.3416170332589703,0.33431975700547106,,,0.3240632097355585,,,,,
trees_mlp,lr,cross_station,1,full,456,0.9325507684409006,0.8864118509014296,0.7962984793115643,0.0016702182802511088,228.73234820365906,-0.025021676005359095,mlp,-0.5,0.9575724444462597,0.928075182080526,0.9336446163960963,,,0.9575724444462597,0.9972290959223419,0.9978434651090589,,,0.9966821372314756,0.34001120312039884,0.3358589889420124,,,0.32412980793758883,,,,,
trees_mlp,lr,cross_station,1,full,5555,0.9359057254283708,0.8867334213347531,0.7966923520469675,0.0009693237541338807,245.71725177764893,-0.027484469572041648,mlp,-1.0,0.9633901950004125,0.9334863615379114,0.9350348540346245,,,0.9633901950004125,0.9992666964235885,0.99874566282707,,,0.9958947139417772,0.3435746223087523,0.3313634705434161,,,0.3250619071478316,,,,,
trees_mlp,lr,cross_station,1,full,6789,0.935590923121842,0.887837975272051,0.7986016727652901,0.001667625071880391,665.2187430858612,-0.03136166491100145,mlp,-0.5,0.9669525880328435,0.9343707311275303,0.934628791051307,,,0.9669525880328435,0.9972258014129101,0.9976607451327685,,,0.9968028961650709,0.33688292525376645,0.3356887683417819,,,0.3274283064044516,,,,,
trees_mlp,lr,cross_station,1,full,789,0.9333173118906531,0.8877638479306187,0.7985234548543055,0.0018807705459933889,155.13094878196716,-0.0382635991005551,mlp,-1.0,0.9715809109912082,0.9319299300754932,0.9337792225754065,,,0.9715809109912082,0.9981729944040517,0.9979012735109811,,,0.995664658696993,0.34155635065058704,0.3351663654458393,,,0.3232772839035736,,,,,
trees_mlp,lr,cross_station,2,full,1011,0.8021000273626314,0.9229775671098005,0.9903897700082374,0.6900608519269776,192.94487047195435,-0.087411841034016,mlp,-0.5,0.8895118683966474,0.7922690910087833,0.7951758232605589,,,0.8895118683966474,0.9987487814617657,0.9990101181859298,,,0.9985386047543329,0.338141626282453,0.3340477902908959,,,0.3278105834266511,,,,,
trees_mlp,lr,cross_station,2,full,123,0.8003005936835214,0.9217104459376909,0.9907025607353906,0.694186446508428,192.30610847473145,-0.05982960974331386,mlp,-0.5,0.8601302034268352,0.7963580127400448,0.7981289817274776,,,0.8601302034268352,0.9987334605604737,0.9980309758937618,,,0.9985615134829273,0.3411862114200411,0.3333399667313839,,,0.32547382184857493,,,,,
trees_mlp,lr,cross_station,2,full,2026,0.8015065974354388,0.9219849499246275,0.9906229508196721,0.6883020589745052,180.23350882530212,-0.07629304927286407,mlp,1.0,0.8777996467083029,0.7986664333361015,0.797287213082832,,,0.8777996467083029,0.998350054748879,0.9982808068430185,,,0.9985086145443075,0.3361318765059448,0.33442325865524014,,,0.32944486483881513,,,,,
trees_mlp,lr,cross_station,2,full,3141,0.8048031833974734,0.9220341051218693,0.9909251852337552,0.692347347920724,182.968111038208,-0.08367054301127597,mlp,-1.0,0.8884737264087493,0.7519674819577449,0.7974737395645272,,,0.8884737264087493,0.9987444012255376,0.9986230257166012,,,0.998422052868272,0.33734179753618426,0.33453859141390313,,,0.32811961104991255,,,,,
trees_mlp,lr,cross_station,2,full,42,0.80278647701331,0.9226380982629303,0.990687181101536,0.6925393883225208,177.3773226737976,-0.0842158626067594,mlp,0.5,0.8870023396200694,0.7947277599216951,0.7997118385374589,,,0.8870023396200694,0.9973002235606526,0.9987161069820628,,,0.9984712982294851,0.33531337221047497,0.33839596987815956,,,0.32629065791136547,,,,,
trees_mlp,lr,cross_station,2,full,4242,0.8008312419274188,0.92238758785049,0.9903005143468839,0.691414112369889,185.46981191635132,-0.06971079827462767,mlp,0.5,0.8705420402020465,0.7897239305433861,0.7950659375307642,,,0.8705420402020465,0.9983827136313767,0.998745161839141,,,0.9984467276727264,0.3353344799710787,0.3352360059025157,,,0.3294295141264056,,,,,
trees_mlp,lr,cross_station,2,full,456,0.8027593791951921,0.9223469138814345,0.9903990988512974,0.6910672118873467,188.1313362121582,-0.06433315808069773,mlp,1.0,0.8670925372758899,0.7975713897409418,0.799481377129563,,,0.8670925372758899,0.9976082869188865,0.9982506848229988,,,0.9984648413553173,0.33811464861190765,0.3338292390889027,,,0.32805611229918963,,,,,
trees_mlp,lr,cross_station,2,full,5555,0.7976228501377473,0.9211840380453007,0.9899879435970016,0.6935226365606112,177.66077375411987,-0.07336282367937896,mlp,0.5,0.8709856738171262,0.7742084015279098,0.7970710144327434,,,0.8709856738171262,0.9984755609112435,0.998814316239177,,,0.9985243018120978,0.3393300575295079,0.3355216705067513,,,0.3251482719637408,,,,,
trees_mlp,lr,cross_station,2,full,6789,0.8186374240397398,0.9228016577712592,0.9907997909043388,0.6889591719378954,191.47052907943726,-0.06103627384161592,mlp,1.0,0.8796736978813557,0.7898338348468807,0.8029711049628615,,,0.8796736978813557,0.9961995918430099,0.9977226998748073,,,0.9988533511322635,0.33392907521492265,0.33315399262646817,,,0.3329169321586093,,,,,
trees_mlp,lr,cross_station,2,full,789,0.808089408249988,0.9216842566023054,0.990500457336992,0.6927504844408983,195.46902060508728,-0.07936077790707463,mlp,0.5,0.8874501861570626,0.8023895657534506,0.7978743458551949,,,0.8874501861570626,0.9968289090223834,0.998271653544278,,,0.9987006247280154,0.33679197865229393,0.33498314679368696,,,0.32822487455401905,,,,,
trees_mlp,lr,random,0,full,1011,0.9971583377742586,0.9998077926357122,0.9996431022649279,4.241781548250265e-05,498.67923855781555,-0.0011823278529061731,xgboost,0.5,0.9983406656271647,0.9972699275918782,0.9983406656271647,,,0.9963775790689168,0.9960242931900236,0.9984605116245372,,,0.9968058966165866,0.3346145484030248,0.335279443837713,,,0.3301060077592622,,,,,
trees_mlp,lr,random,0,full,123,0.9968133348280256,0.9998764601721322,0.9998901853122856,0.00021208907741251324,491.6808452606201,-0.0010322826907778193,xgboost,1.0,0.9978456175188034,0.9948647244634924,0.9978456175188034,,,0.9972152844905935,0.9952773580963582,0.9982570921241533,,,0.9970301493576318,0.33523271193028525,0.33436872510968585,,,0.3303985629600288,,,,,
trees_mlp,lr,random,0,full,2026,0.9994919398715822,0.999739129240866,0.9995058339052848,4.241781548250265e-05,521.2105271816254,0.00012692820814186323,xgboost,0.5,0.9993650116634404,0.9985865535083767,0.9993650116634404,,,0.9977644777877104,0.9987626735566955,0.9984476500098373,,,0.9969402749937843,0.3319879970117993,0.33550021781294564,,,0.332511785175255,,,,,
trees_mlp,lr,random,0,full,3141,0.9983734257073252,0.9997941115915174,0.9998627316403569,0.0004241781548250265,386.49571347236633,-0.00015952296360643992,xgboost,0.5,0.9985329486709317,0.9978121307832253,0.9985329486709317,,,0.9964679023362777,0.9957843002637081,0.9981210836614678,,,0.9967282324009337,0.3346465550523268,0.3369206945224846,,,0.32843275042518855,,,,,
trees_mlp,lr,random,0,full,42,0.9981529903714718,0.9997940720198789,0.9996705559368566,0.00012725344644750795,525.4444897174835,-0.0001925046203438141,xgboost,1.0,0.9983454949918156,0.9969685231168111,0.9983454949918156,,,0.9964496462177785,0.9975371853793791,0.9987009900398947,,,0.996972488533586,0.3340013033991544,0.3348832195286248,,,0.33111547707222083,,,,,
trees_mlp,lr,random,0,full,4242,0.9978449541503854,0.9998901762670913,0.9998078242964996,4.241781548250265e-05,387.8115153312683,-0.000493960750788891,lightgbm,-0.5,0.9983389149011743,0.9983389149011743,0.9977960927594365,,,0.9955071306230295,0.9964256728129772,0.998024109480759,,,0.9970330805047065,0.33356159087097986,0.3355790393306596,,,0.33085936979836067,,,,,
trees_mlp,lr,random,0,full,456,0.9990698898355643,0.9998215290838951,0.9996980096087852,8.48356309650053e-05,434.5939633846283,-9.774159617292888e-05,lightgbm,0.5,0.9991676314317373,0.9991676314317373,0.9990905652428604,,,0.9976726214564976,0.9968828668395238,0.9983886850254584,,,0.9966138783582505,0.33542818927065343,0.3358469135442996,,,0.32872489718504705,,,,,
trees_mlp,lr,random,0,full,5555,0.9988111856188087,0.9997940720198789,0.9996705559368566,0.00012725344644750795,364.37046551704407,3.2996566261100924e-05,xgboost,0.5,0.9987781890525476,0.9986854080319595,0.9987781890525476,,,0.9972754914318995,0.9968321349889158,0.998412307283297,,,0.9970786012291916,0.3344510519052577,0.3365524697380615,,,0.3289964783566807,,,,,
trees_mlp,lr,random,0,full,6789,0.998504418285182,0.9997117008278305,0.9995881949210706,0.0002545068928950159,335.43829107284546,2.828983020408682e-05,xgboost,1.0,0.9984761284549779,0.9928822151968946,0.9984761284549779,,,0.9975601493265704,0.9931731159240547,0.9984375406310247,,,0.9968360537045489,0.3309100445605494,0.33680300216037334,,,0.33228695327907726,,,,,
trees_mlp,lr,random,0,full,789,0.9992298876217309,0.999862724102902,0.9998078242964996,0.00012725344644750795,409.22318148612976,-2.825691911778616e-05,xgboost,1.0,0.9992581445408487,0.99568849171358,0.9992581445408487,,,0.9977437452072642,0.9959643134479802,0.9978733052753754,,,0.9967983129120012,0.33751911464763756,0.33591839654280464,,,0.32656248880955785,,,,,
trees_mlp,lr,temporal,0,full,1011,0.9950261300202494,0.9981385539406722,0.9962840249684234,0.0,306.23740673065186,-0.000300663245691446,xgboost,0.5,0.9953267932659409,0.9720993052681004,0.9953267932659409,,,0.9762136778757754,0.9980786744831099,0.9983935226112816,,,0.9971679752531093,0.33610703473592857,0.33351988352878664,,,0.33037308173528485,,,,,
trees_mlp,lr,temporal,0,full,123,0.9911716174794226,0.9853834296008767,0.9711879919458173,0.0,313.58022451400757,-0.004034407673935925,xgboost,1.0,0.9952060251533585,0.9664986718122203,0.9952060251533585,,,0.9742935840952458,0.9972763850290153,0.9981786946071168,,,0.9973638444004269,0.3369181429153604,0.3353603345846054,,,0.3277215225000343,,,,,
trees_mlp,lr,temporal,0,full,2026,0.9751137454854937,0.9757588256247773,0.9526651047005418,0.0,278.14998865127563,-0.003993458815046758,mlp,-1.0,0.9791072043005404,0.9447996212240322,0.9763216595460606,,,0.9791072043005404,0.9985580678220978,0.9985549335684044,,,0.9971323021100064,0.33766138882600244,0.3356277745437433,,,0.3267108366302543,,,,,
trees_mlp,lr,temporal,0,full,3141,0.9771192190705725,0.9776555131372109,0.9562877539813289,0.0,297.14438700675964,-0.00027177149390766875,mlp,-0.5,0.9773909905644802,0.954408428206889,0.9697435468132038,,,0.9773909905644802,0.9979523322156592,0.9981529726701974,,,0.9971265060923376,0.3370327085704961,0.3351040955494614,,,0.3278631958800425,,,,,
trees_mlp,lr,temporal,0,full,42,0.9933889158967317,0.9987537570559343,0.9975106164885049,0.0,288.01033329963684,9.586008028961146e-05,xgboost,1.0,0.9932930558164421,0.9779273248399973,0.9932930558164421,,,0.9756210147749881,0.9981985094377599,0.9984353191983159,,,0.9971349539406723,0.3369742874189751,0.335496577912013,,,0.3275291346690119,,,,,
trees_mlp,lr,temporal,0,full,4242,0.9940397427504281,0.997780305253889,0.9955704427726831,0.0,311.42185974121094,-0.00023730133701449496,xgboost,1.0,0.9942770440874426,0.9550205729691912,0.9942770440874426,,,0.9742502330344615,0.9966906352022478,0.9977040531272754,,,0.9971033337697381,0.3375916113343526,0.3335053549260286,,,0.3289030337396188,,,,,
trees_mlp,lr,temporal,0,full,456,0.9849599697245284,0.9680667189285681,0.9381269678553122,2.8279743219931563e-05,288.03451323509216,0.000848825880364279,lightgbm,0.5,0.9841111438441641,0.9841111438441641,0.9752481874778043,,,0.9740091689153226,0.9971080848743973,0.9981526334697988,,,0.9970816126167309,0.33530543042861494,0.3352393184671726,,,0.3294552511042125,,,,,
trees_mlp,lr,temporal,0,full,5555,0.9963109092234428,0.9985885285868789,0.9971810360607725,0.0,301.5198745727539,0.0028606592648761087,lightgbm,-0.5,0.9934502499585667,0.9934502499585667,0.9922153009529823,,,0.9766893238921587,0.9961503606126365,0.9985757833153553,,,0.9970049698138796,0.33704822860606337,0.33349274399274054,,,0.3294590274011961,,,,,
trees_mlp,lr,temporal,0,full,6789,0.9791865255676407,0.9494139479428082,0.9036993648294924,0.0,298.1491777896881,0.0027736909840356816,xgboost,1.0,0.9764128345836051,0.9711682276777035,0.9764128345836051,,,0.9751615362827485,0.9969573854255263,0.9984096797341161,,,0.9974058596359355,0.3363044153941194,0.3342591929675854,,,0.32943639163829525,,,,,
trees_mlp,lr,temporal,0,full,789,0.9852711616890303,0.9663986377826128,0.9349819699438048,0.0,303.72166872024536,0.006345270621584187,mlp,-0.5,0.9789258910674461,0.948314908527281,0.9535962626046975,,,0.9789258910674461,0.9979462804119665,0.9981775970172113,,,0.9970360307724815,0.3375837867212278,0.335705890020354,,,0.3267103232584182,,,,,
trees_mlp,weighted,cross_station,1,full,1011,0.9338913294137241,0.8863510641395173,0.7961062224604804,0.0011590843233845263,204.0379831790924,-0.032453610237149544,mlp,-0.5,0.9663449396508736,0.9330677425481999,0.9338886494582508,,,0.9663449396508736,0.997176499944308,0.9976192704413608,,,0.9964835311913911,,,,,,0.7708682120887119,0.22246549807330415,,,0.006666289837983917
trees_mlp,weighted,cross_station,1,full,123,0.9328182523902091,0.8863242678282987,0.796231122783979,0.0020639834881320948,183.10461735725403,-0.02928013052916767,mlp,0.5,0.9620983829193768,0.9325832163456178,0.9342551818209758,,,0.9620983829193768,0.9964338201323844,0.9976058890037971,,,0.9964638839455175,,,,,,0.7026768233856109,0.29012449336884577,,,0.0071986832455432906
trees_mlp,weighted,cross_station,1,full,2026,0.9327819447102657,0.8867693384669233,0.7974295081967213,0.004676894998003765,178.1050682067871,-0.03346086167657114,mlp,-0.5,0.9662428063868368,0.9263578401425066,0.9350991662469199,,,0.9662428063868368,0.9980035939047947,0.998434044213093,,,0.9960881820305105,,,,,,0.5055509625252662,0.4944490374747337,,,1.6653345369377348e-16
trees_mlp,weighted,cross_station,1,full,3141,0.9331857442202836,0.8840519290546718,0.7925513081109435,0.0019475312177798143,175.06644701957703,-0.036403412254909284,mlp,-0.5,0.9695891564751928,0.9330293400319191,0.9339227524448567,,,0.9695891564751928,0.997205044049713,0.9978927703675515,,,0.9964002864326417,,,,,,0.72096805913155,0.27149025847378,,,0.007541682394669974
trees_mlp,weighted,cross_station,1,full,42,0.934939243093583,0.8877517549038904,0.7987250619761539,0.003127896200185357,207.83637714385986,-0.031066817124085766,mlp,-1.0,0.9660060602176688,0.9324852654894676,0.9346363774494358,,,0.9660060602176688,0.9979602030291093,0.9976893979370508,,,0.9967036049018448,,,,,,0.5027354163785774,0.48592688606592327,,,0.011337697555499262
trees_mlp,weighted,cross_station,1,full,4242,0.9330060388157597,0.8877084512561502,0.7984647920419833,0.0020702743113462535,244.67625522613525,-0.033734258035188924,mlp,-1.0,0.9667402968509486,0.9325349857438794,0.9342148209227372,,,0.9667402968509486,0.9974500462861511,0.9973716024376276,,,0.9966386911495666,,,,,,0.731462208353615,0.25571915783812404,,,0.01281863380826096
trees_mlp,weighted,cross_station,1,full,456,0.928734751644271,0.8859969525309304,0.7958793403801067,0.0030524678914934057,228.83549451828003,-0.028837692801988668,mlp,-0.5,0.9575724444462597,0.928075182080526,0.9336446163960963,,,0.9575724444462597,0.9972290959223419,0.9978434651090589,,,0.9966821372314756,,,,,,0.51023302342496,0.4897669765750399,,,0.0
trees_mlp,weighted,cross_station,1,full,5555,0.9335250766586428,0.886195649794602,0.7958143313938251,0.0009123047097730642,248.12422609329224,-0.029865118341769636,mlp,-1.0,0.9633901950004125,0.9334863615379114,0.9350348540346245,,,0.9633901950004125,0.9992666964235885,0.99874566282707,,,0.9958947139417772,,,,,,0.8456818479760182,0.1421949549844346,,,0.012123197039547267
trees_mlp,weighted,cross_station,1,full,6789,0.9341258300852849,0.8874791998197923,0.7980527966544694,0.0018401380103507763,665.4137005805969,-0.032826757947558516,mlp,-0.5,0.9669525880328435,0.9343707311275303,0.934628791051307,,,0.9669525880328435,0.9972258014129101,0.9976607451327685,,,0.9968028961650709,,,,,,0.5177581718557775,0.48149924779353553,,,0.000742580350686955
trees_mlp,weighted,cross_station,1,full,789,0.9320688653014056,0.8871090825841431,0.7974650463870377,0.0018807705459933889,156.2138156890869,-0.0395120456898026,mlp,-1.0,0.9715809109912082,0.9319299300754932,0.9337792225754065,,,0.9715809109912082,0.9981729944040517,0.9979012735109811,,,0.995664658696993,,,,,,0.6703043242547887,0.32589075537429607,,,0.003804920370915217
trees_mlp,weighted,cross_station,2,full,1011,0.7917436314408908,0.9232793275673041,0.9909912265791504,0.6900608519269776,193.94348907470703,-0.09776823695575665,mlp,-0.5,0.8895118683966474,0.7922690910087833,0.7951758232605589,,,0.8895118683966474,0.9987487814617657,0.9990101181859298,,,0.9985386047543329,,,,,,0.8118935105601528,0.1620089688303882,,,0.026097520609458972
trees_mlp,weighted,cross_station,2,full,123,0.7966726125130558,0.921446902114139,0.990177281680893,0.694186446508428,193.25937819480896,-0.06345759091377945,mlp,-0.5,0.8601302034268352,0.7963580127400448,0.7981289817274776,,,0.8601302034268352,0.9987334605604737,0.9980309758937618,,,0.9985615134829273,,,,,,0.8566600370208801,0.1304791522057172,,,0.01286081077340275
trees_mlp,weighted,cross_station,2,full,2026,0.8002747260236297,0.922063894059134,0.9907803278688525,0.6883020589745052,181.1509189605713,-0.0775249206846732,mlp,1.0,0.8777996467083029,0.7986664333361015,0.797287213082832,,,0.8777996467083029,0.998350054748879,0.9982808068430185,,,0.9985086145443075,,,,,,0.7654573004932631,0.21516830284175578,,,0.01937439666498123
trees_mlp,weighted,cross_station,2,full,3141,0.7466227162143508,0.9214249543948703,0.9902826044193823,0.6952686447473937,183.60458636283875,-0.1418510101943985,mlp,-1.0,0.8884737264087493,0.7519674819577449,0.7974737395645272,,,0.8884737264087493,0.9987444012255376,0.9986230257166012,,,0.998422052868272,,,,,,0.7220720698393154,0.2779279301606842,,,4.638414166945921e-16
trees_mlp,weighted,cross_station,2,full,42,0.7958417113693937,0.9224669818812692,0.9903461482968035,0.6925393883225208,177.5532202720642,-0.09116062825067561,mlp,0.5,0.8870023396200694,0.7947277599216951,0.7997118385374589,,,0.8870023396200694,0.9973002235606526,0.9987161069820628,,,0.9984712982294851,,,,,,0.5270782417935448,0.47292175820645527,,,0.0
trees_mlp,weighted,cross_station,2,full,4242,0.7898314648863106,0.9227085144013663,0.9909401843293909,0.691414112369889,186.21977281570435,-0.08071057531573589,mlp,0.5,0.8705420402020465,0.7897239305433861,0.7950659375307642,,,0.8705420402020465,0.9983827136313767,0.998745161839141,,,0.9984467276727264,,,,,,0.8038978327513391,0.19610216724866086,,,4.2011901509945316e-17
trees_mlp,weighted,cross_station,2,full,456,0.7949610455241528,0.9220905192135236,0.9898882732785833,0.6910672118873467,188.30141592025757,-0.07213149175173705,mlp,1.0,0.8670925372758899,0.7975713897409418,0.799481377129563,,,0.8670925372758899,0.9976082869188865,0.9982506848229988,,,0.9984648413553173,,,,,,0.529467312322185,0.4705326876778149,,,0.0
trees_mlp,weighted,cross_station,2,full,5555,0.7744777671833452,0.9204361135163481,0.9890575038003879,0.6963735887786521,178.58950638771057,-0.09650790663378106,mlp,0.5,0.8709856738171262,0.7742084015279098,0.7970710144327434,,,0.8709856738171262,0.9984755609112435,0.998814316239177,,,0.9985243018120978,,,,,,0.856239580147637,0.14376041985236246,,,5.049625918351476e-16
trees_mlp,weighted,cross_station,2,full,6789,0.8054397769655205,0.9227885463895567,0.9907736539466806,0.6889591719378954,191.68987560272217,-0.07423392091583525,mlp,1.0,0.8796736978813557,0.7898338348468807,0.8029711049628615,,,0.8796736978813557,0.9961995918430099,0.9977226998748073,,,0.9988533511322635,,,,,,0.4176947301634543,0.490645542480177,,,0.09165972735636874
trees_mlp,weighted,cross_station,2,full,789,0.7997380335468971,0.9214969750402822,0.9901607212857703,0.692921463581443,196.14608097076416,-0.08771215261016552,mlp,0.5,0.8874501861570626,0.8023895657534506,0.7978743458551949,,,0.8874501861570626,0.9968289090223834,0.998271653544278,,,0.9987006247280154,,,,,,7.43605690181134e-17,0.9127754523932327,,,0.08722454760676734
trees_mlp,weighted,random,0,full,1011,0.9973265468088494,0.999807803190467,0.9996980096087852,0.00012725344644750795,499.44939851760864,-0.0010141188183153682,xgboost,0.5,0.9983406656271647,0.9972699275918782,0.9983406656271647,,,0.9963775790689168,0.9960242931900236,0.9984605116245372,,,0.9968058966165866,,,,,,0.5049172260739602,0.4947515090444135,,,0.000331264881626318
trees_mlp,weighted,random,0,full,123,0.9978456175188034,0.9998901883270191,0.9999176389842142,0.00021208907741251324,494.30798387527466,0.0,xgboost,1.0,0.9978456175188034,0.9948647244634924,0.9978456175188034,,,0.9972152844905935,0.9952773580963582,0.9982570921241533,,,0.9970301493576318,,,,,,0.001192713023406313,0.9843470892698148,,,0.014460197706778836
trees_mlp,weighted,random,0,full,2026,0.9985163490793754,0.999739129240866,0.9995058339052848,4.241781548250265e-05,521.6167116165161,-0.0008486625840650186,xgboost,0.5,0.9993650116634404,0.9985865535083767,0.9993650116634404,,,0.9977644777877104,0.9987626735566955,0.9984476500098373,,,0.9969402749937843,,,,,,0.5025219789434981,0.49747802105650196,,,0.0
trees_mlp,weighted,random,0,full,3141,0.9985329486709317,0.999835255354201,0.9996980096087852,4.241781548250265e-05,389.2100169658661,0.0,xgboost,0.5,0.9985329486709317,0.9978121307832253,0.9985329486709317,,,0.9964679023362777,0.9957843002637081,0.9981210836614678,,,0.9967282324009337,,,,,,0.008538535820951067,0.991461464179049,,,0.0
trees_mlp,weighted,random,0,full,42,0.9969915495542517,0.9997666149558627,0.9996431022649279,0.0001696712619300106,526.827629327774,-0.0013539454375638416,xgboost,1.0,0.9983454949918156,0.9969685231168111,0.9983454949918156,,,0.9964496462177785,0.9975371853793791,0.9987009900398947,,,0.996972488533586,,,,,,0.5016806593668625,0.4900197806090776,,,0.008299560024059918
trees_mlp,weighted,random,0,full,4242,0.9977960927594365,0.9998627316403569,0.9998627316403569,0.00021208907741251324,389.4003789424896,-0.000542822141737842,lightgbm,-0.5,0.9983389149011743,0.9983389149011743,0.9977960927594365,,,0.9955071306230295,0.9964256728129772,0.998024109480759,,,0.9970330805047065,,,,,,0.0007496822155160487,0.999250317784484,,,1.7455367574421907e-18
trees_mlp,weighted,random,0,full,456,0.9991139375038498,0.999794100286887,0.9998078242964996,0.0003393425238600212,437.0219328403473,-5.369392788745486e-05,lightgbm,0.5,0.9991676314317373,0.9991676314317373,0.9990905652428604,,,0.9976726214564976,0.9968828668395238,0.9983886850254584,,,0.9966138783582505,,,,,,0.05667255748990644,0.9433274425100936,,,1.1186304387885806e-18
trees_mlp,weighted,random,0,full,5555,0.9987781890525476,0.9997666213637549,0.9996705559368566,0.00021208907741251324,366.00456404685974,0.0,xgboost,0.5,0.9987781890525476,0.9986854080319595,0.9987781890525476,,,0.9972754914318995,0.9968321349889158,0.998412307283297,,,0.9970786012291916,,,,,,0.0015074581705693075,0.9968594166620046,,,0.0016331251674260691
trees_mlp,weighted,random,0,full,6789,0.9984761284549779,0.9996979764421625,0.9995881949210706,0.00029692470837751854,336.56424140930176,0.0,xgboost,1.0,0.9984761284549779,0.9928822151968946,0.9984761284549779,,,0.9975601493265704,0.9931731159240547,0.9984375406310247,,,0.9968360537045489,,,,,,3.189333566936245e-17,1.0,,,0.0
trees_mlp,weighted,random,0,full,789,0.9992113374138949,0.9998764499965681,0.9998078242964996,8.48356309650053e-05,412.3127760887146,-4.680712695381839e-05,xgboost,1.0,0.9992581445408487,0.99568849171358,0.9992581445408487,,,0.9977437452072642,0.9959643134479802,0.9978733052753754,,,0.9967983129120012,,,,,,0.07899194614192835,0.9094382988187628,,,0.01156975503930886
trees_mlp,weighted,temporal,0,full,1011,0.9819617207665247,0.9981110275643259,0.9962474143769793,2.8279743219931563e-05,306.73395228385925,-0.013365072499416208,xgboost,0.5,0.9953267932659409,0.9720993052681004,0.9953267932659409,,,0.9762136778757754,0.9980786744831099,0.9983935226112816,,,0.9971679752531093,,,,,,0.5289959719988243,0.47100402800117563,,,2.7755575615628914e-17
trees_mlp,weighted,temporal,0,full,123,0.9773987114542256,0.9535485106790538,0.9112209408749771,0.0,314.38028502464294,-0.01780731369913291,xgboost,1.0,0.9952060251533585,0.9664986718122203,0.9952060251533585,,,0.9742935840952458,0.9972763850290153,0.9981786946071168,,,0.9973638444004269,,,,,,0.5121077276512475,0.48394270175424886,,,0.003949570594503687
trees_mlp,weighted,temporal,0,full,2026,0.9558944236435115,0.9829852191071894,0.9665397569190218,0.0,279.1473422050476,-0.02321278065702892,mlp,-1.0,0.9791072043005404,0.9447996212240322,0.9763216595460606,,,0.9791072043005404,0.9985580678220978,0.9985549335684044,,,0.9971323021100064,,,,,,0.508747875220988,0.48940058204492703,,,0.0018515427340850242
trees_mlp,weighted,temporal,0,full,3141,0.9570215191175598,0.9851101182459107,0.9706571480871317,0.0,298.9218032360077,-0.020369471446920362,mlp,-0.5,0.9773909905644802,0.954408428206889,0.9697435468132038,,,0.9773909905644802,0.9979523322156592,0.9981529726701974,,,0.9971265060923376,,,,,,0.670855347771885,0.32620398521066307,,,0.0029406670174519475
trees_mlp,weighted,temporal,0,full,42,0.9827373123185278,0.9988454983598747,0.9976936593937619,0.0,288.46422243118286,-0.010555743497914327,xgboost,1.0,0.9932930558164421,0.9779273248399973,0.9932930558164421,,,0.9756210147749881,0.9981985094377599,0.9984353191983159,,,0.9971349539406723,,,,,,0.5258070846259268,0.4741929153740732,,,0.0
trees_mlp,weighted,temporal,0,full,4242,0.9655997167452869,0.9983682898210618,0.9967418959237091,0.0,313.80758476257324,-0.028677327342155667,xgboost,1.0,0.9942770440874426,0.9550205729691912,0.9942770440874426,,,0.9742502330344615,0.9966906352022478,0.9977040531272754,,,0.9971033337697381,,,,,,0.6500170201808994,0.3282786605559145,,,0.021704319263186264
trees_mlp,weighted,temporal,0,full,456,0.9753946119688499,0.9519808153477218,0.9083620121549388,0.0,289.80191683769226,-0.008716531875314182,lightgbm,0.5,0.9841111438441641,0.9841111438441641,0.9752481874778043,,,0.9740091689153226,0.9971080848743973,0.9981526334697988,,,0.9970816126167309,,,,,,0.00037769883521246027,0.9903980458210432,,,0.009224255343744424
trees_mlp,weighted,temporal,0,full,5555,0.9937412799648625,0.9985518404458131,0.9971261211788395,2.8279743219931563e-05,302.47741079330444,0.00029103000629582265,lightgbm,-0.5,0.9934502499585667,0.9934502499585667,0.9922153009529823,,,0.9766893238921587,0.9961503606126365,0.9985757833153553,,,0.9970049698138796,,,,,,0.5047989250862464,0.48537689848032123,,,0.009824176433432452
trees_mlp,weighted,temporal,0,full,6789,0.9747298705708892,0.9378426721623828,0.8829602240486171,0.0,299.0962378978729,-0.0016829640127158374,xgboost,1.0,0.9764128345836051,0.9711682276777035,0.9764128345836051,,,0.9751615362827485,0.9969573854255263,0.9984096797341161,,,0.9974058596359355,,,,,,0.5266017466703564,0.4573910129700541,,,0.01600724035958942
trees_mlp,weighted,temporal,0,full,789,0.954307708785536,0.8707120192655525,0.7710274386337428,0.0,306.0929238796234,-0.02461818228191015,mlp,-0.5,0.9789258910674461,0.948314908527281,0.9535962626046975,,,0.9789258910674461,0.9979462804119665,0.9981775970172113,,,0.9970360307724815,,,,,,0.1151567149931857,0.8818308517453946,,,0.00301243326141975
