model,split,seed,features,train_bs,smoke,macro_f1,weighted_f1,binary_f1,binary_recall,binary_fpr,macro_roc_auc,macro_pr_auc,train_time_sec,inference_time_sec,inference_throughput_per_sec,n_train,n_test,n_features,num_classes,_filename,class0_precision,class0_recall,class0_f1,class0_support,class1_precision,class1_recall,class1_f1,class1_support,class2_precision,class2_recall,class2_f1,class2_support,class3_precision,class3_recall,class3_f1,class3_support,class4_precision,class4_recall,class4_f1,class4_support,class5_precision,class5_recall,class5_f1,class5_support,class6_precision,class6_recall,class6_f1,class6_support,class7_precision,class7_recall,class7_f1,class7_support,class8_precision,class8_recall,class8_f1,class8_support,macro_f1_open,novel_recall,false_unknown_rate,known_classification_acc,threshold,base_model,method,macro_f1_known_only
ftt,cross_station,1011,full,1.0,False,0.9434613898173887,0.8589838092678402,0.9014177382129904,0.8221911324381219,0.008982903506230079,0.9873683058589088,0.9752044563550784,4560.745138168335,2.86102294921875e-06,32763106645.333332,93736,93736,89,9.0,ftt_cross_station_bs1_full_seed1011.json,0.5570214013485781,0.9910170964937699,0.7131834674896776,17255.0,0.9915950691072095,0.9986206031726127,0.9950954359438943,15949.0,1.0,1.0,1.0,132.0,0.978369384359401,1.0,0.9890664423885618,1176.0,0.9979691307879772,0.9979691307879772,0.9979691307879772,2462.0,0.995418098510882,0.9848141432456936,0.9900877292924689,8824.0,0.9922448979591837,0.9926500612494896,0.9924474382527047,2449.0,0.9975393209856017,0.6887297104942949,0.8148580741545566,43557.0,1.0,0.9968944099378882,0.9984447900466563,1932.0,,,,,,,,
ftt,cross_station,123,full,1.0,False,0.9439208156220151,0.8571705131933762,0.9000425473609819,0.8194878529218648,0.006593280587088636,0.9916433038755803,0.9803057647886089,4630.3546578884125,3.337860107421875e-06,28039521426.285713,93592,93592,89,9.0,ftt_cross_station_bs1_full_seed123.json,0.5576223731213594,0.9934067194129114,0.714294548077914,17442.0,0.9927372902579514,0.9958547921115438,0.9942935975418574,15922.0,1.0,1.0,1.0,141.0,0.9899916597164303,1.0,0.9949706621961442,1187.0,0.9963384865744508,0.9983693436608235,0.9973528812869069,2453.0,0.9917625818099752,0.9842105263157894,0.9879721223021583,8930.0,0.9959333062220415,0.9987765089722676,0.9973528812869069,2452.0,0.9979689932976779,0.6828963216899843,0.8109029897956377,43172.0,1.0,0.9963021658742737,0.9981476581106112,1893.0,,,,,,,,
ftt,cross_station,42,full,1.0,False,0.9538214179411693,0.8887146328977324,0.9241924480796686,0.8618292474979997,0.014191380908248378,0.9968173269240521,0.9915319156812065,4582.058001041412,2.86102294921875e-06,32681667242.666668,93503,93503,89,9.0,ftt_cross_station_bs1_full_seed42.json,0.6176822850506297,0.9858086190917517,0.7594885869201419,17264.0,0.9935113551285251,0.9958724202626642,0.9946904866012868,15990.0,1.0,1.0,1.0,131.0,0.997384481255449,1.0,0.9986905281536447,1144.0,0.990766760337214,0.9987859166329421,0.9947601773478436,2471.0,0.9781529294935452,0.992610010077259,0.9853284428142715,8931.0,0.9890997174000807,0.9979633401221996,0.9935117599351176,2455.0,0.9992046983971614,0.7564375694701742,0.8610364278559756,43184.0,1.0,0.9937920331091568,0.9968863518422418,1933.0,,,,,,,,
ftt,cross_station,456,full,1.0,False,0.939642996144443,0.8529657343392419,0.8979894149456366,0.8178317419152029,0.016011057996889937,0.9898881995143713,0.9771980778381147,4621.126282453537,2.6226043701171875e-06,35731657076.36364,93710,93710,89,9.0,ftt_cross_station_bs1_full_seed456.json,0.5512535088568387,0.98398894200311,0.7066341302010092,17363.0,0.9844633646137593,0.9969790421046006,0.9906816760475297,15889.0,1.0,1.0,1.0,139.0,0.9727047146401985,1.0,0.9861635220125786,1176.0,0.9797324685853263,0.9987603305785124,0.9891549007571107,2420.0,0.9835918183861542,0.9768947427168211,0.9802318418547349,8959.0,0.9975718332658843,0.997168284789644,0.9973700182075662,2472.0,0.9980339649503407,0.679255294606192,0.8083517509300314,43346.0,0.9994848016486347,0.9969167523124358,0.9981991252894263,1946.0,,,,,,,,
ftt,cross_station,789,full,1.0,False,0.9506379500566102,0.8763826300520173,0.9148847257144881,0.8439043512348099,0.0040465063262282,0.997382801532559,0.9916520399849601,4622.8918488025665,4.0531158447265625e-06,23210784888.47059,94076,94076,89,9.0,ftt_cross_station_bs1_full_seed789.json,0.5939634954624248,0.9959534936737718,0.744139502203675,17546.0,0.9897315353210442,0.9986268880289602,0.9941593140300733,16022.0,1.0,1.0,1.0,131.0,0.9898734177215189,1.0,0.9949109414758269,1173.0,0.9975349219391948,0.9975349219391948,0.9975349219391948,2434.0,0.9968944099378882,0.9832104367555303,0.9900051402136044,8815.0,0.9927594529364441,0.9983818770226537,0.9955627269060104,2472.0,0.9992721979621543,0.7255703880706753,0.8407054908485857,43523.0,0.9994890137966275,0.9979591836734694,0.9987235128925198,1960.0,,,,,,,,
ftt,cross_station,1011,full,2.0,False,0.8857611201346194,0.8277368293693214,0.9272604825841367,0.9991501157150142,0.6910460736018545,0.9588070513503144,0.903303524037401,4295.621845960617,3.5762786865234375e-06,26210485316.266666,93736,93736,89,9.0,ftt_cross_station_bs2_full_seed1011.json,0.9879540400296516,0.30895392639814545,0.4707076950245022,17255.0,0.9861407249466951,0.9279578656969089,0.9561650030687728,15949.0,1.0,1.0,1.0,132.0,0.9951278928136419,0.6947278911564626,0.8182273410115173,1176.0,0.9979691307879772,0.9979691307879772,0.9979691307879772,2462.0,0.8817470127729707,0.970081595648232,0.9238074681631772,8824.0,0.8687766714082503,0.9975500204164965,0.9287207755179624,2449.0,0.7851220303543747,1.0,0.8796284141970011,43557.0,1.0,0.9932712215320911,0.9966242534406647,1932.0,,,,,,,,
ftt,cross_station,123,full,2.0,False,0.8111348188169486,0.811824909035241,0.9218036111314716,0.9908995403808273,0.6942437793830982,0.9313073865215851,0.8534937601336793,4613.623401403427,2.86102294921875e-06,32712774997.333332,93592,93592,89,9.0,ftt_cross_station_bs2_full_seed123.json,0.8849983405243943,0.3057562206169017,0.454491222089654,17442.0,0.9828637225684096,0.9113804798392162,0.9457733168220035,15922.0,0.9463087248322147,1.0,0.9724137931034482,141.0,0.74,0.12468407750631845,0.21341023792357605,1187.0,0.9991816693944353,0.9955156950672646,0.9973453134572187,2453.0,0.8593500797448166,0.9653975363941769,0.9092922687480224,8930.0,0.8737067427755976,0.9987765089722676,0.9320647002854424,2452.0,0.7809554819920045,1.0,0.8770073029770551,43172.0,0.9984152139461173,0.9984152139461173,0.9984152139461173,1893.0,,,,,,,,
ftt,cross_station,42,full,2.0,False,0.8819853872988123,0.823069822575599,0.9270728177185322,0.9997901336586261,0.6936978683966636,0.9165882915134519,0.8727915107572045,4594.163064241409,8.344650268554688e-06,11205143054.62857,93503,93503,89,9.0,ftt_cross_station_bs2_full_seed42.json,0.9969834087481146,0.3063021316033364,0.46862814604750086,17264.0,0.9880317330050609,0.9035021888680426,0.9438782176924082,15990.0,1.0,1.0,1.0,131.0,0.9413118527042578,0.715034965034965,0.8127173373075013,1144.0,0.9967637540453075,0.9971671388101983,0.996965405624115,2471.0,0.8496827720839434,0.9746948829918263,0.9079057154776804,8931.0,0.8779612347451543,0.9963340122199593,0.93340965464606,2455.0,0.7829429255203423,1.0,0.8782591010778931,43184.0,1.0,0.992240041386446,0.9961049078161517,1933.0,,,,,,,,
ftt,cross_station,456,full,2.0,False,0.8775155016703301,0.8186647065059512,0.9265982060982941,0.999266506869949,0.6929102113690031,0.9472978257504108,0.8844014664914112,4584.164234161377,8.821487426757812e-06,10622925076.756756,93710,93710,89,9.0,ftt_cross_station_bs2_full_seed456.json,0.9896065330363771,0.30708978863099695,0.4687266493780493,17363.0,0.9825977124412322,0.8813015293599346,0.9291970802919708,15889.0,0.9266666666666666,1.0,0.9619377162629758,139.0,0.991869918699187,0.7261904761904762,0.8384879725085911,1176.0,0.9983429991714996,0.9958677685950413,0.9971038477451386,2420.0,0.821103526734926,0.9667373590802545,0.8879889270518275,8959.0,0.8848223896663079,0.9975728155339806,0.9378208784940103,2472.0,0.7828144188398468,1.0,0.8781782451022103,43346.0,1.0,0.9964028776978417,0.9981981981981982,1946.0,,,,,,,,
ftt,cross_station,789,full,2.0,False,0.888969467942403,0.8269742148856032,0.9260994865833575,0.999359728211159,0.6928644705345948,0.9547921401363505,0.9179160945618157,4697.3367285728455,2.86102294921875e-06,32881945258.666668,94076,94076,89,9.0,ftt_cross_station_bs2_full_seed789.json,0.9909893343140861,0.30713552946540523,0.46893491124260356,17546.0,0.9842039719473029,0.9372113344151791,0.9601329965791745,16022.0,1.0,1.0,1.0,131.0,0.998812351543943,0.7169650468883205,0.8347394540942928,1173.0,0.9975359342915812,0.9979457682826622,0.997740809201068,2434.0,0.8945435466946485,0.9671015314804311,0.9294085581902426,8815.0,0.8777106292214717,0.9987864077669902,0.9343424787133396,2472.0,0.7816911526994504,1.0,0.8774709932359552,43523.0,1.0,0.9959183673469387,0.9979550102249489,1960.0,,,,,,,,
ftt,holdout_attack,1011,full,,False,0.14197057959073542,0.6945892718099521,0.985295880449115,0.9712856467622499,0.00011877089095135484,,0.24939784753371752,10627.468153476715,3.337860107421875e-06,25263191771.42857,215675,84325,89,9.0,ftt_holdout_attack_full_seed1011.json,0.9877805528084614,0.9998812291090486,0.9937940571351479,58937.0,0.0,0.0,0.0,0.0,0.0,0.0,0.0,0.0,0.0,0.0,0.0,2399.0,0.0,0.0,0.0,0.0,0.0,0.0,0.0,18042.0,0.0,0.0,0.0,4947.0,0.0,0.0,0.0,0.0,0.0,0.0,0.0,0.0,,,,,,,,
ftt,holdout_attack,123,full,,False,0.12159451986959931,0.6798853215586907,0.9304833105191113,0.870174885772806,8.483635067953917e-05,,0.2901098359274269,10620.596240997314,3.337860107421875e-06,25263191771.42857,215675,84325,89,9.0,ftt_holdout_attack_full_seed123.json,0.9470334897473806,0.9999151636493204,0.9727561589567945,58937.0,0.0,0.0,0.0,0.0,0.0,0.0,0.0,0.0,0.0,0.0,0.0,2399.0,0.0,0.0,0.0,0.0,0.0,0.0,0.0,18042.0,0.0,0.0,0.0,4947.0,0.0,0.0,0.0,0.0,0.0,0.0,0.0,0.0,,,,,,,,
ftt,holdout_attack,42,full,,False,0.12407993801687693,0.6937823238091362,0.9824877775106196,0.9656924531274618,5.09018104077235e-05,,0.2283827869605593,10565.653282165527,3.0994415283203125e-06,27206514215.384617,215675,84325,89,9.0,ftt_holdout_attack_full_seed42.json,0.9854360003344202,0.9999490981895923,0.9926395041350154,58937.0,0.0,0.0,0.0,0.0,0.0,0.0,0.0,0.0,0.0,0.0,0.0,2399.0,0.0,0.0,0.0,0.0,0.0,0.0,0.0,18042.0,0.0,0.0,0.0,4947.0,0.0,0.0,0.0,0.0,0.0,0.0,0.0,0.0,,,,,,,,
ftt,holdout_attack,456,full,,False,0.124718525667073,0.6973529318460985,0.9947349669450932,0.9897589412320782,0.000101803620815447,,0.27663609813738826,10620.752762079239,3.5762786865234375e-06,23578978986.666668,215675,84325,89,9.0,ftt_holdout_attack_full_seed456.json,0.995607440320319,0.9998981963791845,0.997748205336584,58937.0,0.0,0.0,0.0,0.0,0.0,0.0,0.0,0.0,0.0,0.0,0.0,2399.0,0.0,0.0,0.0,0.0,0.0,0.0,0.0,18042.0,0.0,0.0,0.0,4947.0,0.0,0.0,0.0,0.0,0.0,0.0,0.0,0.0,,,,,,,,
ftt,holdout_attack,789,full,,False,0.1428292635623678,0.6987903723216946,0.9995471995275126,0.9999212226248622,0.0003563126728540645,,0.28402151070067444,10557.940045595169,3.337860107421875e-06,25263191771.42857,215675,84325,89,9.0,ftt_holdout_attack_full_seed789.json,0.9999660545164466,0.9996436873271459,0.9998048449365746,58937.0,0.0,0.0,0.0,0.0,0.0,0.0,0.0,0.0,0.0,0.0,0.0,2399.0,0.0,0.0,0.0,0.0,0.0,0.0,0.0,18042.0,0.0,0.0,0.0,4947.0,0.0,0.0,0.0,0.0,0.0,0.0,0.0,0.0,,,,,,,,
ftt,random,1011,full,,False,0.9969793325461054,0.9987834557077874,0.9997528762459156,0.9995881949210706,0.00012725344644750795,0.9999290595244292,0.9993528197738808,11839.37853717804,3.0994415283203125e-06,19358326153.846153,240000,60000,89,9.0,ftt_random_full_seed1011.json,0.9993640564717853,0.9998727465535525,0.9996183367965735,23575.0,0.9974074607518364,0.9965462656497338,0.9969766772243017,6949.0,1.0,1.0,1.0,57.0,0.995850622406639,1.0,0.997920997920998,480.0,0.993933265925177,0.993933265925177,0.993933265925177,989.0,0.9930824571112341,0.9947339246119734,0.993907504846303,3608.0,0.9969635627530364,0.9959555106167847,0.9964592817400101,989.0,1.0,0.999468273661822,0.9997340661288893,22568.0,0.9948979591836735,0.9936305732484076,0.994263862332696,785.0,,,,,,,,
ftt,random,123,full,,False,0.9981213191990201,0.9988662258271533,0.9998901732516955,0.999780370624571,0.0,0.9999722250678666,0.999291215296554,11770.07981967926,3.337860107421875e-06,17975588571.42857,240000,60000,89,9.0,ftt_random_full_seed123.json,0.9996607725904253,1.0,0.9998303575215234,23575.0,0.994972708991669,0.9968340768455893,0.9959025231830925,6949.0,1.0,1.0,1.0,57.0,0.997920997920998,1.0,0.9989594172736732,480.0,0.9969727547931383,0.9989888776541962,0.997979797979798,989.0,0.9941569282136895,0.99029933481153,0.9922243821160789,3608.0,1.0,0.9979777553083923,0.9989878542510121,989.0,1.0,0.9996898263027295,0.9998448890957035,22568.0,1.0,0.9987261146496815,0.9993626513702996,785.0,,,,,,,,
ftt,random,42,full,,False,0.9965770269475668,0.9982159366956368,0.9997665893207749,0.9995332875772135,0.0,0.9999406600674163,0.9990524534026017,11772.787031888962,3.0994415283203125e-06,19358326153.846153,240000,60000,89,9.0,ftt_random_full_seed42.json,0.9992794167514412,1.0,0.9996395785188797,23575.0,0.9932510051694429,0.9953950208663117,0.9943218572558039,6949.0,1.0,1.0,1.0,57.0,0.997920997920998,1.0,0.9989594172736732,480.0,0.9949494949494949,0.9959555106167847,0.9954522486104093,989.0,0.9910937934873365,0.9869733924611973,0.9890293014859047,3608.0,0.9949545913218971,0.9969666329625885,0.9959595959595959,989.0,1.0,0.9993353420772776,0.9996675605593848,22568.0,1.0,0.9923566878980892,0.9961636828644501,785.0,,,,,,,,
ftt,random,456,full,,False,0.9975154553209905,0.9984829808373651,0.9997254180510173,0.9995607412491421,0.0001696712619300106,0.9999529863935085,0.9995733019224206,11787.944149017334,2.86102294921875e-06,20971520000.0,240000,60000,89,9.0,ftt_random_full_seed456.json,0.999321660236571,0.99983032873807,0.9995759297739706,23575.0,0.994252047708004,0.9956828320621672,0.9949669255104976,6949.0,1.0,1.0,1.0,57.0,0.9958419958419958,0.9979166666666667,0.9968782518210197,480.0,1.0,0.9979777553083923,0.9989878542510121,989.0,0.9916620344635909,0.9889135254988913,0.9902858728837081,3608.0,0.997979797979798,0.9989888776541962,0.9984840828701365,989.0,1.0,0.999468273661822,0.9997340661288893,22568.0,0.9987261146496815,0.9987261146496815,0.9987261146496815,785.0,,,,,,,,
ftt,random,789,full,,False,0.9983084797133507,0.9988327862529666,0.9997528762459156,0.9995881949210706,0.00012725344644750795,0.9999777308772596,0.9998933565292655,11693.256891012192,6.67572021484375e-06,8987794285.714285,240000,60000,89,9.0,ftt_random_full_seed789.json,0.9993640564717853,0.9998727465535525,0.9996183367965735,23575.0,0.9949770378874856,0.9976975104331558,0.9963354171157577,6949.0,1.0,1.0,1.0,57.0,1.0,1.0,1.0,480.0,0.9989878542510121,0.9979777553083923,0.9984825493171472,989.0,0.9955419336862635,0.99029933481153,0.9929137140475198,3608.0,0.9979818365287588,1.0,0.998989898989899,989.0,0.9999556678636343,0.999468273661822,0.9997119113573407,22568.0,1.0,0.9974522292993631,0.9987244897959183,785.0,,,,,,,,
ftt,temporal,1011,full,,False,0.9444854550235041,0.8180641118579415,0.8365456287935257,0.7190320159622179,2.8279743219931563e-05,0.9756794264252144,0.9776741483045261,10216.151135444641,3.0994415283203125e-06,29034262843.076923,210010,89990,89,9.0,ftt_temporal_full_seed1011.json,0.6973121142203553,0.99997172025678,0.8216567909840827,35361.0,0.9876742201573907,0.9995202456342352,0.9935619247460536,10422.0,1.0,1.0,1.0,84.0,0.9986091794158554,1.0,0.9993041057759221,718.0,0.9972991222147198,0.9966261808367072,0.9969625379682754,1482.0,0.999810606060606,0.9754249815225425,0.987467265245043,5412.0,0.9946308724832215,0.9993256911665542,0.9969727547931383,1483.0,1.0,0.5467919177596597,0.7070012604560559,33852.0,1.0,0.9948979591836735,0.9974424552429667,1176.0,,,,,,,,
ftt,temporal,123,full,,False,0.9212269785385168,0.7394346846165457,0.7625433211769769,0.6162181951308805,0.0,0.9897231114045696,0.981229736210572,10134.167726039886,2.6226043701171875e-06,34313601024.0,210009,89991,89,9.0,ftt_temporal_full_seed123.json,0.6277806380599003,1.0,0.7713332169967717,35361.0,0.9844001134537204,0.9990404912684705,0.9916662698223725,10422.0,1.0,1.0,1.0,85.0,0.9958448753462604,1.0,0.9979181124219292,719.0,0.9986486486486487,0.9973009446693657,0.9979743416610398,1482.0,0.999809342230696,0.9689578713968958,0.9841418785774608,5412.0,0.994634473507713,1.0,0.9973100201748487,1483.0,1.0,0.38078638740362175,0.5515500310220149,33851.0,1.0,0.9982993197278912,0.9991489361702127,1176.0,,,,,,,,
ftt,temporal,42,full,,False,0.9475426979191544,0.8277989829818869,0.8458979693126498,0.7331234441353053,0.00036763666185911034,0.9953513387277346,0.9911633134068977,10128.450774431229,3.337860107421875e-06,26961285705.142857,210007,89993,89,9.0,ftt_temporal_full_seed42.json,0.7079794904662714,0.9996323633381409,0.8288993891357619,35361.0,0.9866477272727273,0.9997121473805411,0.9931369745496139,10422.0,1.0,1.0,1.0,85.0,0.9986111111111111,1.0,0.9993050729673384,719.0,0.9979784366576819,0.9986513823331086,0.9983147960903269,1483.0,0.9998103186646434,0.9739467849223947,0.9867090977162112,5412.0,1.0,0.9973027646662171,0.9986495611073599,1483.0,0.9993259708612019,0.5693607467801016,0.725418242721918,33852.0,0.9966044142614601,0.9982993197278912,0.9974511469838573,1176.0,,,,,,,,
ftt,temporal,456,full,,False,0.9392021758512183,0.8033104831686989,0.8236269474681568,0.7001537672988212,2.8279743219931563e-05,0.995704195841529,0.9928343183875824,10142.670117378235,2.6226043701171875e-06,34312838423.272728,210011,89989,89,9.0,ftt_temporal_full_seed456.json,0.6834170854271356,0.99997172025678,0.8119309766822425,35361.0,0.97820777756904,0.9992323930147764,0.9886083159293716,10422.0,1.0,1.0,1.0,84.0,0.9986091794158554,1.0,0.9993041057759221,718.0,0.9966352624495289,0.9986513823331086,0.9976423038059953,1483.0,0.9990354938271605,0.95712437627056,0.9776309579990562,5411.0,0.9986486486486487,0.9966284558327714,0.9976375295308809,1483.0,1.0,0.5162033617913798,0.6809157330735509,33851.0,0.9991496598639455,0.9991496598639455,0.9991496598639455,1176.0,,,,,,,,
ftt,temporal,789,full,,False,0.9159581230957018,0.7183947191076628,0.7423862249948205,0.590324174919002,2.8279743219931563e-05,0.9948784936154413,0.9894949236950414,10164.015092134476,6.67572021484375e-06,13480493056.0,210008,89992,89,9.0,ftt_temporal_full_seed789.json,0.6123898096673075,0.99997172025678,0.7595970011385362,35361.0,0.9889880387317258,0.9996161965073882,0.9942737163580836,10422.0,1.0,1.0,1.0,85.0,0.9972222222222222,1.0,0.9986091794158554,718.0,0.9979784366576819,0.9986513823331086,0.9983147960903269,1483.0,0.9996223564954683,0.9781966001478196,0.9887934254762795,5412.0,0.997979797979798,0.9993256911665542,0.9986522911051213,1483.0,1.0,0.3388969306667454,0.5062330384131677,33851.0,1.0,0.9983007646559049,0.9991496598639455,1177.0,,,,,,,,
lightgbm,cross_station,1011,full,1.0,False,0.9331191209866438,0.834081976007527,0.8863510641395173,0.7961062224604804,0.0011590843233845263,0.9979764610519288,0.9964474757609904,14.094008922576904,0.6342523097991943,147789.76529021552,93736,93736,89,9.0,lightgbm_cross_station_bs1_full_seed1011.json,0.5249931463035731,0.9988409156766155,0.6882437504991614,17255.0,0.9923280252723874,0.9650761803247853,0.9785123966942149,15949.0,0.9924242424242424,0.9924242424242424,0.9924242424242424,132.0,1.0,1.0,1.0,1176.0,0.9991850040749797,0.9959382615759546,0.9975589910496339,2462.0,0.9400906735751295,0.9869673617407072,0.9629588677576294,8824.0,0.9971451876019576,0.9983666802776644,0.9977555600897776,2449.0,0.999892780557541,0.6423077806093165,0.7821686679620337,43557.0,0.9969040247678018,1.0,0.9984496124031008,1932.0,,,,,,,,
lightgbm,cross_station,123,full,1.0,False,0.9325832163456178,0.8334582110548244,0.8860491128542917,0.7957977675640184,0.0021213163628024307,0.9977798597944219,0.9960351531291968,14.631331443786621,0.4625520706176758,202338.30079934682,93592,93592,89,9.0,lightgbm_cross_station_bs1_full_seed123.json,0.5281444393870429,0.9978786836371976,0.6907157172053892,17442.0,0.9916085721662794,0.9648285391282502,0.9780352708983255,15922.0,0.986013986013986,1.0,0.9929577464788732,141.0,0.9949706621961442,1.0,0.9974789915966387,1187.0,0.99836867862969,0.9979616795760293,0.998165137614679,2453.0,0.9387863922363229,0.9857782754759239,0.9617086360408587,8930.0,0.9987765089722676,0.9987765089722676,0.9987765089722676,2452.0,1.0,0.6399054943018623,0.7804175259188113,43172.0,0.9926393270241851,0.9973586899101955,0.9949934123847167,1893.0,,,,,,,,
lightgbm,cross_station,2026,full,1.0,False,0.9263578401425066,0.8334742794912583,0.8861018086837248,0.7963934426229509,0.004905036217418582,0.9879540089845504,0.9826619486055032,6.57925009727478,0.183441162109375,511242.9452670105,93783,93783,89,9.0,lightgbm_cross_station_bs1_full_seed2026.json,0.5291459420114036,0.9950949637825814,0.6909018909018909,17533.0,0.990749662748121,0.9660507359849672,0.9782443232271978,15965.0,0.9838709677419355,0.9037037037037037,0.9420849420849421,135.0,0.9948630136986302,1.0,0.9974248927038627,1162.0,0.9934985778138968,0.9971451876019576,0.9953185426419703,2452.0,0.9394036208732695,0.9844866071428572,0.96141689373297,8960.0,0.9979591836734694,0.9979591836734694,0.9979591836734694,2450.0,0.9990247074122237,0.640742285237698,0.7807418699186992,43164.0,0.9918657854600915,0.9943934760448522,0.9931280223975566,1962.0,,,,,,,,
lightgbm,cross_station,3141,full,1.0,False,0.9330293400319191,0.8314169144561452,0.883983557876567,0.7924726247459183,0.0021193722075839158,0.9968966510355428,0.9944338771893348,27.256099224090576,0.632392406463623,148188.0538763089,93713,93713,89,9.0,lightgbm_cross_station_bs1_full_seed3141.json,0.5240028875654213,0.997880627792416,0.6871647207320921,17458.0,0.9907012785741961,0.9677053109625331,0.9790682833439693,15854.0,1.0,1.0,1.0,138.0,1.0,1.0,1.0,1193.0,0.9947197400487409,0.9983693436608235,0.9965412004069176,2453.0,0.9454565053357766,0.9848416797664495,0.9647472914260573,8906.0,0.9991786447638604,0.9983586376692655,0.9987684729064039,2437.0,1.0,0.6351572776995684,0.776876067350712,43331.0,0.9912998976458547,0.9969119917653114,0.9940980241211188,1943.0,,,,,,,,
lightgbm,cross_station,42,full,1.0,False,0.9324769757366327,0.8343011500224071,0.8874306421389563,0.798226629415391,0.003243744207599629,0.997148563784292,0.9938451194586483,10.74277663230896,0.4554252624511719,205309.2081382395,93503,93503,89,9.0,lightgbm_cross_station_bs1_full_seed42.json,0.5279985272007609,0.9967562557924003,0.6903219336074616,17264.0,0.9913391933815926,0.9592245153220763,0.9750174814061408,15990.0,0.9924242424242424,1.0,0.9961977186311787,131.0,0.9991266375545852,1.0,0.999563128003495,1144.0,0.9983818770226537,0.9987859166329421,0.9985838559579203,2471.0,0.930917925425161,0.9867875937744933,0.9580389172736167,8931.0,0.9951278928136419,0.9983706720977596,0.9967466449776332,2455.0,0.9998921561578834,0.6441042978881067,0.7834990563646095,43184.0,0.9917653113741637,0.9968960165545784,0.9943240454076367,1933.0,,,,,,,,
lightgbm,cross_station,4242,full,1.0,False,0.9325684602387665,0.8344980106781184,0.8877277774149305,0.7984647920419833,0.001897751452067399,0.9983745297748359,0.9967392277009712,22.20279288291931,0.5444173812866211,172645.11242802563,93991,93991,89,9.0,lightgbm_cross_station_bs1_full_seed4242.json,0.5292431542355309,0.9981022485479326,0.6917083474483391,17389.0,0.9907840083073728,0.9589798354167975,0.9746225300858684,15919.0,0.9929577464788732,1.0,0.9964664310954063,141.0,1.0,1.0,1.0,1164.0,0.9971648440664237,0.9979732468585326,0.9975688816855753,2467.0,0.9298412698412698,0.9843172398342108,0.9563040757468575,8927.0,0.9963220269718022,0.9979533360622186,0.9971370143149284,2443.0,1.0,0.6460659985782099,0.7849818891056004,43607.0,0.9917695473251029,0.9968976215098242,0.9943269726663229,1934.0,,,,,,,,
lightgbm,cross_station,456,full,1.0,False,0.9280250609652452,0.8310005145116263,0.8859194459631857,0.7958793403801067,0.003743592697114554,0.9970398344648923,0.9863550147624461,8.71631145477295,0.31923866271972656,293542.1392936734,93710,93710,89,9.0,lightgbm_cross_station_bs1_full_seed456.json,0.5260628915516088,0.9962564073028854,0.6885461239924371,17363.0,0.9910930643788067,0.9524199131474606,0.9713717183387894,15889.0,0.952054794520548,1.0,0.9754385964912281,139.0,0.9991503823279524,1.0,0.9995750106247344,1176.0,0.9975175837815474,0.9962809917355372,0.9968989042795121,2420.0,0.919287648406582,0.9852662127469584,0.9511340983783201,8959.0,0.9903730445246691,0.9987864077669902,0.9945619335347432,2472.0,1.0,0.6404743228902321,0.7808404117680149,43346.0,0.9898063200815495,0.9979445015416238,0.9938587512794268,1946.0,,,,,,,,
lightgbm,cross_station,5555,full,1.0,False,0.9333492708418749,0.833148277439795,0.886195649794602,0.7958143313938251,0.0009123047097730642,0.9978657078775637,0.9955292474344186,15.503858804702759,0.8177251815795898,114764.71816450462,93846,93846,89,9.0,lightgbm_cross_station_bs1_full_seed5555.json,0.5293175845089569,0.9990876952902269,0.6920084516498489,17538.0,0.9912275001624536,0.9580454716744128,0.9743540608731756,15922.0,1.0,1.0,1.0,133.0,1.0,1.0,1.0,1181.0,0.9991789819376026,0.9991789819376026,0.9991789819376026,2436.0,0.9321451578269272,0.9848003629764065,0.9577495863210149,8816.0,0.9983539094650206,0.9987649238369699,0.9985593743568636,2429.0,1.0,0.6421828229334562,0.7821088053841839,43430.0,0.9939086294416244,0.998470168281489,0.9961841770541847,1961.0,,,,,,,,
lightgbm,cross_station,6789,full,1.0,False,0.9343523449746155,0.8366225026825638,0.8871524622932946,0.7975039205436487,0.0017251293847038527,0.9977003891682935,0.9949699652597014,14.101092100143433,0.6569132804870605,142956.46440633922,93910,93910,89,9.0,lightgbm_cross_station_bs1_full_seed6789.json,0.5283822858012479,0.9982748706152962,0.6910140312468902,17390.0,0.9917881469221466,0.9729594704302754,0.9822835886766282,16013.0,0.9777777777777777,1.0,0.9887640449438202,132.0,1.0,1.0,1.0,1179.0,0.9983799108950993,0.9979757085020243,0.9981777687791051,2470.0,0.9554902600935902,0.9857415515886382,0.9703801945181255,8907.0,0.9995884773662551,0.9991772932949403,0.9993828430364122,2431.0,0.9997857372424384,0.644231211744673,0.7835602636403073,43458.0,0.9927872230808862,0.9984455958549223,0.9956083699302506,1930.0,,,,,,,,
lightgbm,cross_station,789,full,1.0,False,0.931975218421566,0.8335179391439327,0.88709618808823,0.7974650463870377,0.001994756639689958,0.9979894453218867,0.9961481128198757,11.11589002609253,0.49249911308288574,191017.60287671292,94076,94076,89,9.0,lightgbm_cross_station_bs1_full_seed789.json,0.5304595437884342,0.99800524336031,0.6927230650552841,17546.0,0.9908855850032321,0.9567469729122456,0.9735170837037977,16022.0,0.9849624060150376,1.0,0.9924242424242424,131.0,1.0,1.0,1.0,1173.0,0.9983559391697493,0.9979457682826622,0.9981508115882474,2434.0,0.9255387241305739,0.9842314237095859,0.9539831766452251,8815.0,0.9987864077669902,0.9987864077669902,0.9987864077669902,2472.0,1.0,0.6440962249844909,0.7835261892783275,43523.0,0.9903894790085989,0.9989795918367347,0.9946659893319787,1960.0,,,,,,,,
lightgbm,cross_station,1011,top20,1.0,False,0.9324551691389372,0.8339264939695181,0.8862364354907969,0.7960669970319426,0.0019704433497536944,0.9986698177479421,0.9971514329972915,9.44917893409729,0.6678557395935059,140353.66388713368,93736,93736,20,9.0,lightgbm_cross_station_bs1_top20_seed1011.json,0.5247425193491376,0.9980295566502463,0.6878357597907055,17255.0,0.9923290143750403,0.9652015800363659,0.9785773313838917,15949.0,0.9924242424242424,0.9924242424242424,0.9924242424242424,132.0,0.9949238578680203,1.0,0.9974554707379135,1176.0,0.9995925020374898,0.996344435418359,0.9979658258746948,2462.0,0.9402936730727705,0.9869673617407072,0.9630653544177817,8824.0,0.9922826969943136,0.9975500204164965,0.9949093870902057,2449.0,0.9999642576309958,0.6423077806093165,0.7821905361012091,43557.0,0.9968992248062015,0.9984472049689441,0.9976726144297905,1932.0,,,,,,,,
lightgbm,cross_station,123,top20,1.0,False,0.9314641759142724,0.8329643707112149,0.8856417794744655,0.7951411687458962,0.0021213163628024307,0.9957857899712006,0.9911173886609682,9.50396990776062,0.6808865070343018,137456.09441969014,93592,93592,20,9.0,lightgbm_cross_station_bs1_top20_seed123.json,0.527344341766399,0.9978786836371976,0.690031121771364,17442.0,0.991539107408125,0.964200477326969,0.9776787135806401,15922.0,0.9859154929577465,0.9929078014184397,0.9893992932862191,141.0,0.9850622406639005,1.0,0.9924749163879598,1187.0,1.0,0.9967386873216469,0.9983666802776644,2453.0,0.9381896089983931,0.9807390817469205,0.9589926088146729,8930.0,0.9987765089722676,0.9987765089722676,0.9987765089722676,2452.0,0.9998190438275849,0.6399054943018623,0.7803624140220047,43172.0,0.996832101372756,0.9973586899101955,0.9970953261156589,1893.0,,,,,,,,
lightgbm,cross_station,2026,top20,1.0,False,0.8920984749833484,0.8319436706246714,0.8854582181741281,0.7962098360655737,0.009581931215422347,0.9895380291798433,0.9344305248341923,6.457759857177734,0.529855489730835,176997.31684886664,93783,93783,20,9.0,lightgbm_cross_station_bs1_top20_seed2026.json,0.5277473863360078,0.9904180687845776,0.6885817951107323,17533.0,0.9910841193952707,0.9608518634512997,0.9757338676334956,15965.0,0.4921259842519685,0.9259259259259259,0.6426735218508998,135.0,0.9948630136986302,1.0,0.9974248927038627,1162.0,0.9947068403908795,0.9963295269168027,0.9955175224123879,2452.0,0.9342663273960984,0.9834821428571429,0.9582427142235754,8960.0,0.9963325183374083,0.9979591836734694,0.9971451876019576,2450.0,0.9996746909564086,0.640742285237698,0.7809402795425667,43164.0,0.9903602232369355,0.9949031600407747,0.9926264937706585,1962.0,,,,,,,,
lightgbm,cross_station,3141,top20,1.0,False,0.9322740993920751,0.8313014860687234,0.8838931035239551,0.7922234607566717,0.0015465689082369114,0.9932344845390584,0.9810182375396995,16.527902841567993,1.0349149703979492,90551.4005309684,93713,93713,20,9.0,lightgbm_cross_station_bs1_top20_seed3141.json,0.523846731780616,0.9984534310917631,0.6871661443242071,17458.0,0.9909443725743855,0.9663176485429544,0.9784760809861404,15854.0,0.9857142857142858,1.0,0.9928057553956835,138.0,1.0,1.0,1.0,1193.0,0.9975540154912352,0.9975540154912352,0.9975540154912352,2453.0,0.9451272100043122,0.9843925443521222,0.964360356396436,8906.0,0.997949979499795,0.9987689782519491,0.9983593109105825,2437.0,1.0,0.6351572776995684,0.776876067350712,43331.0,0.9918158567774936,0.997941327843541,0.9948691636736788,1943.0,,,,,,,,
lightgbm,cross_station,42,top20,1.0,False,0.9329102933361426,0.8360304704485481,0.8873352385396011,0.798239746061727,0.004170528266913809,0.9983911634320578,0.9959504296422472,8.053930521011353,0.4790825843811035,195170.9434831379,93503,93503,20,9.0,lightgbm_cross_station_bs1_top20_seed42.json,0.5277828943329036,0.9958294717330862,0.6899153256551226,17264.0,0.9928928159815598,0.9697936210131332,0.9812072892938497,15990.0,0.9776119402985075,1.0,0.9886792452830189,131.0,0.9991266375545852,1.0,0.999563128003495,1144.0,0.9911611088790679,0.9983812221772562,0.994758064516129,2471.0,0.947498389521151,0.9881312283059008,0.967388325568649,8931.0,0.99553208773355,0.9983706720977596,0.9969493593654668,2455.0,0.9996046862646446,0.6441042978881067,0.7834107872130686,43184.0,0.9922720247295209,0.9963786859803414,0.9943211151264842,1933.0,,,,,,,,
lightgbm,cross_station,4242,top20,1.0,False,0.9339058087567886,0.8357090208981763,0.8875617702762519,0.7983734106159108,0.0028753809879809075,0.9985946256308793,0.9970296391526937,9.518067836761475,0.4951491355895996,189823.61725842473,93991,93991,20,9.0,lightgbm_cross_station_bs1_top20_seed4242.json,0.5288860419716935,0.9971246190120191,0.6911685567934945,17389.0,0.9902294786912644,0.9677115396695772,0.9788410217308425,15919.0,1.0,1.0,1.0,141.0,0.9991416309012876,1.0,0.9995706311721769,1164.0,0.9975698663426489,0.9983785974868261,0.9979740680713128,2467.0,0.9438709677419355,0.9833090623949815,0.9631864815932408,8927.0,0.9946917109024092,0.997134670487106,0.9959116925592805,2443.0,0.9998580402455903,0.6460659985782099,0.7849381477766634,43607.0,0.9897383273473577,0.9974146845915202,0.993561679114087,1934.0,,,,,,,,
lightgbm,cross_station,456,top20,1.0,False,0.9304162424946097,0.8311276931038091,0.8858673859949696,0.7957745556472422,0.003628405229511029,0.9984601854322589,0.9970840656453893,7.708988904953003,0.45157790184020996,207516.79747420218,93710,93710,20,9.0,lightgbm_cross_station_bs1_top20_seed456.json,0.5259637601848474,0.996371594770489,0.6884887075912844,17363.0,0.991095397106004,0.9526716596387438,0.9715037545728772,15889.0,0.9858156028368794,1.0,0.9928571428571429,139.0,0.99830220713073,1.0,0.9991503823279524,1176.0,0.9946502057613169,0.9987603305785124,0.996701030927835,2420.0,0.9196707647426547,0.9852662127469584,0.951339117314221,8959.0,0.9955609362389023,0.9979773462783171,0.9967676767676767,2472.0,0.9998199301328916,0.6404743228902321,0.7807855103848804,43346.0,0.9943676395289298,0.9979445015416238,0.9961528597076174,1946.0,,,,,,,,
lightgbm,cross_station,5555,top20,1.0,False,0.932609227357263,0.8332798745076392,0.8860188691635839,0.7956439691775437,0.001539514197742046,0.9970194955019228,0.9930927142735355,17.46399211883545,0.9019131660461426,104052.14552018057,93846,93846,20,9.0,lightgbm_cross_station_bs1_top20_seed5555.json,0.5289533303126416,0.998460485802258,0.6915467093181683,17538.0,0.9913015254787406,0.9591131767365909,0.9749417435439078,15922.0,0.9851851851851852,1.0,0.9925373134328358,133.0,1.0,1.0,1.0,1181.0,0.997949979499795,0.9991789819376026,0.9985641025641026,2436.0,0.9349768543438476,0.9851406533575318,0.9594034797017399,8816.0,0.9971228935470613,0.9987649238369699,0.9979432332373509,2429.0,1.0,0.6421828229334562,0.7821088053841839,43430.0,0.994413407821229,0.998470168281489,0.9964376590330789,1961.0,,,,,,,,
lightgbm,cross_station,6789,top20,1.0,False,0.9338914699779186,0.8357797283379015,0.8872318158032444,0.7976738107684266,0.0019551466359977,0.9976113721788504,0.9941231286099159,9.570269346237183,0.5292448997497559,177441.48322336917,93910,93910,20,9.0,lightgbm_cross_station_bs1_top20_seed6789.json,0.5285340154698824,0.9980448533640023,0.6910886358206578,17390.0,0.9916869164854841,0.9684631237119841,0.9799374427348267,16013.0,0.9850746268656716,1.0,0.9924812030075187,132.0,0.9991525423728813,1.0,0.9995760915642221,1179.0,0.9983805668016195,0.9983805668016195,0.9983805668016195,2470.0,0.9465229110512129,0.9856292803413046,0.965680343196568,8907.0,0.9983566146261298,0.9995886466474702,0.998972250770812,2431.0,0.9997857372424384,0.644231211744673,0.7835602636403073,43458.0,0.9932920536635707,0.9974093264248705,0.9953464322647363,1930.0,,,,,,,,
lightgbm,cross_station,789,top20,1.0,False,0.9315498959806313,0.8327024705738489,0.8862175291619396,0.796171436038155,0.002678673201869372,0.9981883324636891,0.9958980706203115,8.43114161491394,0.5403454303741455,174103.44330081588,94076,94076,20,9.0,lightgbm_cross_station_bs1_top20_seed789.json,0.5287026406429391,0.9973213267981307,0.6910591580443883,17546.0,0.9907598862755234,0.9569966296342529,0.9735856244840942,16022.0,0.9849624060150376,1.0,0.9924242424242424,131.0,0.9940677966101695,1.0,0.9970250743731407,1173.0,0.997946611909651,0.9983566146261298,0.9981515711645101,2434.0,0.9279144385026737,0.9842314237095859,0.9552436003303055,8815.0,0.9983825313384553,0.9987864077669902,0.9985844287158746,2472.0,0.9998927038626609,0.6423500218275394,0.7821999636277157,43523.0,0.9928970065956367,0.9984693877551021,0.9956754006614094,1960.0,,,,,,,,
lightgbm,cross_station,1011,top20_stable,1.0,False,0.9337616458393829,0.835171011453815,0.886242885631523,0.7960669970319426,0.0019124891335844682,0.9993319189953388,0.9982999707201355,9.706141233444214,0.6840248107910156,137035.96495513432,93736,93736,20,9.0,lightgbm_cross_station_bs1_top20_stable_seed1011.json,0.5247570005179927,0.9980875108664156,0.6878619642928466,17255.0,0.9923224568138196,0.9724747633080444,0.982298362836062,15949.0,0.9924242424242424,0.9924242424242424,0.9924242424242424,132.0,0.9966101694915255,1.0,0.99830220713073,1176.0,1.0,0.9959382615759546,0.9979649979649979,2462.0,0.9522090988626422,0.9867407071622847,0.9691674087266251,8824.0,0.9934959349593496,0.9979583503470805,0.9957221430026482,2449.0,0.9999285178169341,0.6423077806093165,0.7821796018787743,43557.0,0.9958762886597938,1.0,0.9979338842975206,1932.0,,,,,,,,
lightgbm,cross_station,123,top20_stable,1.0,False,0.9057397622197265,0.8321434340013115,0.8855434019653721,0.7952330925804334,0.003497305354890494,0.9586377281077679,0.9572453673059381,9.5128173828125,0.5275375843048096,177412.95176785515,93592,93592,20,9.0,lightgbm_cross_station_bs1_top20_stable_seed123.json,0.5271122702735489,0.9965026946451095,0.6895033322754681,17442.0,0.9913470231176547,0.964200477326969,0.9775853285787061,15922.0,0.978021978021978,0.6312056737588653,0.7672413793103449,141.0,0.9983179142136249,1.0,0.9991582491582491,1187.0,0.993517017828201,0.9995923359152059,0.9965454175980492,2453.0,0.9374732334047109,0.980515117581187,0.9585112205801861,8930.0,0.9760860900757273,0.9987765089722676,0.9873009473896391,2452.0,0.9996019828490791,0.6399054943018623,0.7802962900196303,43172.0,0.994204425711275,0.9968304278922345,0.9955156950672646,1893.0,,,,,,,,
lightgbm,cross_station,2026,top20_stable,1.0,False,0.9279292069473011,0.8328550551444281,0.885956974809539,0.7961180327868852,0.004676894998003765,0.9956386893549638,0.9885062304650339,8.072422742843628,0.5143446922302246,182334.92328530148,93783,93783,20,9.0,lightgbm_cross_station_bs1_top20_stable_seed2026.json,0.5288662605691427,0.9953231050019963,0.6907183851177519,17533.0,0.991276815714655,0.9609145004697777,0.9758595464520848,15965.0,0.9846153846153847,0.9481481481481482,0.9660377358490566,135.0,0.989778534923339,1.0,0.9948630136986302,1162.0,0.9939098660170523,0.99836867862969,0.9961342828077314,2452.0,0.9360551431601273,0.98515625,0.9599782490483959,8960.0,0.9886777193691872,0.9979591836734694,0.9932967702620353,2450.0,0.999349593495935,0.640742285237698,0.7808410621267946,43164.0,0.9928753180661578,0.9943934760448522,0.993633817163229,1962.0,,,,,,,,
lightgbm,cross_station,3141,top20_stable,1.0,False,0.9328868125910584,0.8314140716458074,0.8838686077986685,0.7921841190741591,0.0015465689082369114,0.9985288542124928,0.9961186169040044,11.777719736099243,0.9631819725036621,97295.21801202907,93713,93713,20,9.0,lightgbm_cross_station_bs1_top20_stable_seed3141.json,0.523799507181922,0.9984534310917631,0.6871255124566383,17458.0,0.9909531502423263,0.967263782010849,0.9789651760349836,15854.0,1.0,1.0,1.0,138.0,0.9991624790619765,1.0,0.9995810640971932,1193.0,0.9947218838814454,0.9987770077456176,0.9967453213995118,2453.0,0.9469705151744249,0.9845048282057041,0.9653729699972474,8906.0,0.9975389663658737,0.9979482970865818,0.9977435897435898,2437.0,1.0,0.6351572776995684,0.776876067350712,43331.0,0.9928057553956835,0.9943386515697376,0.9935716122396503,1943.0,,,,,,,,
lightgbm,cross_station,42,top20_stable,1.0,False,0.9310482643041682,0.8342215302656586,0.887417797932372,0.7982790960007345,0.003649212233549583,0.9986107384069821,0.994801209734703,8.993751525878906,0.44211483001708984,211490.30444508197,93503,93503,20,9.0,lightgbm_cross_station_bs1_top20_stable_seed42.json,0.5279619398403929,0.9963507877664504,0.6901934034186662,17264.0,0.9919198448610214,0.9596622889305816,0.9755244755244755,15990.0,0.9703703703703703,1.0,0.9849624060150376,131.0,0.9991266375545852,1.0,0.999563128003495,1144.0,0.9931561996779388,0.9983812221772562,0.9957618567103935,2471.0,0.9310927922215176,0.9864516851416415,0.957973141956179,8931.0,0.9951278928136419,0.9983706720977596,0.9967466449776332,2455.0,0.9996405592897452,0.6440116709892553,0.783353284979931,43184.0,0.9927946474523932,0.9979306777030522,0.9953560371517027,1933.0,,,,,,,,
lightgbm,cross_station,4242,top20_stable,1.0,False,0.9340795615053411,0.8359506959271484,0.8877325902058115,0.7984517375525443,0.0017827362125481627,0.998728812259693,0.9972821034666445,8.04358434677124,0.48076820373535156,195501.69763668318,93991,93991,20,9.0,lightgbm_cross_station_bs1_top20_stable_seed4242.json,0.5292557246089581,0.9982172637874518,0.6917467022675646,17389.0,0.9907383586313352,0.9676487216533702,0.9790574252391394,15919.0,0.9929577464788732,1.0,0.9964664310954063,141.0,0.9991416309012876,1.0,0.9995706311721769,1164.0,0.9987824675324676,0.9975678962302391,0.9981748124112756,2467.0,0.9430074058173231,0.9842052201187409,0.9631659723744793,8927.0,0.9967266775777414,0.997134670487106,0.9969306322897483,2443.0,0.9999290150842945,0.6460659985782099,0.7849600178317684,43607.0,0.9953584321815369,0.9979317476732161,0.9966434288665117,1934.0,,,,,,,,
lightgbm,cross_station,456,top20_stable,1.0,False,0.9299252291049344,0.8299495895756416,0.8850882505308165,0.7944254522116128,0.003110061625295168,0.998852055039912,0.997680663546341,7.981317520141602,0.6796400547027588,137881.80868913644,93710,93710,20,9.0,lightgbm_cross_station_bs1_top20_stable_seed456.json,0.5244515816264695,0.9968899383747049,0.6873151071137849,17363.0,0.9907643937905286,0.9519793567877147,0.9709847220439081,15889.0,0.9858156028368794,1.0,0.9928571428571429,139.0,0.9949238578680203,1.0,0.9974554707379135,1176.0,0.9962901896125309,0.9987603305785124,0.9975237309120925,2420.0,0.9185755935027072,0.9847081147449492,0.9504929160157303,8959.0,0.9979765277215702,0.9975728155339806,0.9977746307910176,2472.0,0.999855402523226,0.6380980944031744,0.7790280105338759,43346.0,0.9943647540983607,0.9974306269270298,0.995895330938943,1946.0,,,,,,,,
lightgbm,cross_station,5555,top20_stable,1.0,False,0.9319464567873066,0.8324937435524005,0.8861683033955436,0.7958536457514285,0.0013684570646595963,0.9989722566717677,0.9977215887137189,10.581446647644043,0.7573215961456299,123918.29373099482,93846,93846,20,9.0,lightgbm_cross_station_bs1_top20_stable_seed5555.json,0.5292517829082558,0.9986315429353404,0.6918427809599051,17538.0,0.9913236349403092,0.9544027132269816,0.9725128795878532,15922.0,0.9851851851851852,1.0,0.9925373134328358,133.0,1.0,1.0,1.0,1181.0,0.9991789819376026,0.9991789819376026,0.9991789819376026,2436.0,0.9259140816544078,0.9852540834845736,0.9546628565148101,8816.0,0.994669946699467,0.9987649238369699,0.9967132292522597,2429.0,1.0,0.6421828229334562,0.7821088053841839,43430.0,0.9974528782475802,0.998470168281489,0.9979612640163099,1961.0,,,,,,,,
lightgbm,cross_station,6789,top20_stable,1.0,False,0.9343559158655701,0.8365230687072801,0.8873725592785565,0.7979221118661788,0.0020701552616446232,0.9980258275754527,0.9955370779680925,6.920605659484863,0.4523160457611084,207620.31522003256,93910,93910,20,9.0,lightgbm_cross_station_bs1_top20_stable_seed6789.json,0.5288112868330439,0.9979298447383553,0.6912980261716494,17390.0,0.9917902373830586,0.9732092674701804,0.9824119019101053,16013.0,0.9850746268656716,1.0,0.9924812030075187,132.0,0.9949367088607595,1.0,0.9974619289340102,1179.0,0.999189298743413,0.9979757085020243,0.9985821348997367,2470.0,0.9524842699067043,0.9857415515886382,0.9688275862068966,8907.0,0.998766447368421,0.9991772932949403,0.9989718280896566,2431.0,0.9997857372424384,0.644231211744673,0.7835602636403073,43458.0,0.9927872230808862,0.9984455958549223,0.9956083699302506,1930.0,,,,,,,,
lightgbm,cross_station,789,top20_stable,1.0,False,0.9318372135758715,0.8335072369203587,0.8870396883652987,0.7974258460734353,0.0022797218739313806,0.9990503655103945,0.9975589581781592,8.490536451339722,0.4851047992706299,193929.22960450232,94076,94076,20,9.0,lightgbm_cross_station_bs1_top20_stable_seed789.json,0.5303402102456906,0.9977202781260687,0.6925526654139057,17546.0,0.9909513960703206,0.9569342154537511,0.9736457737981837,16022.0,0.9849624060150376,1.0,0.9924242424242424,131.0,0.9949109414758269,1.0,0.9974489795918368,1173.0,0.9983566146261298,0.9983566146261298,0.9983566146261298,2434.0,0.9258350229431224,0.9842314237095859,0.954140547674035,8815.0,0.9987864077669902,0.9987864077669902,0.9987864077669902,2472.0,0.9999286606028179,0.6440962249844909,0.7835042902261102,43523.0,0.9928970065956367,0.9984693877551021,0.9956754006614094,1960.0,,,,,,,,
lightgbm,cross_station,1011,top50,1.0,False,0.9339585447188006,0.8351746323539933,0.8863543728892512,0.7961323727461722,0.001274992755722979,0.9977580954964831,0.9961322049191135,12.548598766326904,0.9412198066711426,99589.91442341256,93736,93736,50,9.0,lightgbm_cross_station_bs1_top50_seed1011.json,0.524996191926885,0.998725007244277,0.6882188498402556,17255.0,0.9923800986104886,0.9717223650385605,0.9819425964645505,15949.0,0.9924242424242424,0.9924242424242424,0.9924242424242424,132.0,0.9966101694915255,1.0,0.99830220713073,1176.0,0.9991850040749797,0.9959382615759546,0.9975589910496339,2462.0,0.9504529084361018,0.9869673617407072,0.9683660421415466,8824.0,0.9979591836734694,0.9983666802776644,0.998162890385793,2449.0,1.0,0.6423077806093165,0.7822014706293511,43557.0,0.9969040247678018,1.0,0.9984496124031008,1932.0,,,,,,,,
lightgbm,cross_station,123,top50,1.0,False,0.9335587446495166,0.8335781021238459,0.8859499056893451,0.7956795797767564,0.002350647861483775,0.995722505818006,0.9936847427740891,9.676321268081665,0.4635798931121826,201889.68803561004,93592,93592,50,9.0,lightgbm_cross_station_bs1_top50_seed123.json,0.5279429611650486,0.9976493521385162,0.6904884726796555,17442.0,0.9918038076798967,0.9652053762090189,0.9783238374128657,15922.0,1.0,1.0,1.0,141.0,0.9958053691275168,1.0,0.9978982765868012,1187.0,0.9987775061124694,0.9991846718304117,0.9989810474831873,2453.0,0.9402092675635276,0.9861142217245241,0.9626147791867075,8930.0,0.9979633401221996,0.9991843393148451,0.9985734664764622,2452.0,1.0,0.6399054943018623,0.7804175259188113,43172.0,0.9921177088807147,0.9973586899101955,0.9947312961011591,1893.0,,,,,,,,
lightgbm,cross_station,2026,top50,1.0,False,0.9059530862026277,0.8341412139498643,0.8874994534563421,0.7986098360655738,0.004676894998003765,0.9939250844494207,0.9706186916955194,7.810753583908081,0.1821129322052002,514971.66546265763,93783,93783,50,9.0,lightgbm_cross_station_bs1_top50_seed2026.json,0.5319291614594446,0.9953231050019963,0.6933253873659118,17533.0,0.9911953727506426,0.9660507359849672,0.9784615384615385,15965.0,0.6398104265402843,1.0,0.7803468208092486,135.0,0.9931623931623932,1.0,0.9965694682675815,1162.0,0.9947068403908795,0.9963295269168027,0.9955175224123879,2452.0,0.9421249332621463,0.9847098214285714,0.9629467939972715,8960.0,0.9995911692559281,0.9979591836734694,0.9987745098039216,2450.0,0.9992800057599539,0.6430821981280697,0.7825547630458685,43164.0,0.9582914572864322,0.971967380224261,0.965080971659919,1962.0,,,,,,,,
lightgbm,cross_station,3141,top50,1.0,False,0.931134579536373,0.8312368403212367,0.883910089018601,0.7923545996983804,0.0021193722075839158,0.9970326145810626,0.9930923063203482,9.29623293876648,0.5058116912841797,185272.50677436264,93713,93713,50,9.0,lightgbm_cross_station_bs1_top50_seed3141.json,0.5238610735227786,0.997880627792416,0.6870427700983969,17458.0,0.9905703029128722,0.9673899331399016,0.9788429013626065,15854.0,0.9927007299270073,0.9855072463768116,0.9890909090909091,138.0,0.9991589571068125,0.9958088851634534,0.9974811083123426,1193.0,0.995928338762215,0.9971463514064411,0.9965369729069057,2453.0,0.9460567483007876,0.9846171120592859,0.9649518569463549,8906.0,0.9926530612244898,0.9979482970865818,0.9952936361776141,2437.0,1.0,0.6351572776995684,0.776876067350712,43331.0,0.9918032786885246,0.9963973237261966,0.9940949935815148,1943.0,,,,,,,,
lightgbm,cross_station,42,top50,1.0,False,0.934116574648415,0.835677620571375,0.8875328083989501,0.7983709125250856,0.003127896200185357,0.9984821727715936,0.9969187798846918,10.158310174942017,0.5102536678314209,183248.07031253286,93503,93503,50,9.0,lightgbm_cross_station_bs1_top50_seed42.json,0.5282057577803695,0.9968721037998146,0.6905268226136501,17264.0,0.9917265264238071,0.9670419011882426,0.979228674561459,15990.0,1.0,1.0,1.0,131.0,0.9991266375545852,1.0,0.999563128003495,1144.0,0.9983818770226537,0.9987859166329421,0.9985838559579203,2471.0,0.9422953622568925,0.9873474414959131,0.9642954781562688,8931.0,0.9951278928136419,0.9983706720977596,0.9967466449776332,2455.0,0.9999640494679322,0.6441042978881067,0.7835211267605634,43184.0,0.9917695473251029,0.9974133471288154,0.9945834408047459,1933.0,,,,,,,,
lightgbm,cross_station,4242,top50,1.0,False,0.9337152897520222,0.8358217310440398,0.887714893215579,0.7984647920419833,0.002012766691586635,0.9986312667825129,0.997149637185824,12.021109104156494,0.5216665267944336,180174.48920397728,93991,93991,50,9.0,lightgbm_cross_station_bs1_top50_seed4242.json,0.5292144425469627,0.9979872333084133,0.6916562045395668,17389.0,0.990859938208033,0.9670205414912997,0.9787951041169926,15919.0,0.9929577464788732,1.0,0.9964664310954063,141.0,0.9982847341337907,1.0,0.9991416309012876,1164.0,0.9975688816855753,0.9979732468585326,0.9977710233029382,2467.0,0.9425016090967604,0.9842052201187409,0.9629020768261275,8927.0,0.9963220269718022,0.9979533360622186,0.9971370143149284,2443.0,1.0,0.6460659985782099,0.7849818891056004,43607.0,0.9917737789203085,0.9974146845915202,0.9945862335653519,1934.0,,,,,,,,
lightgbm,cross_station,456,top50,1.0,False,0.9301347322969398,0.8292606132543248,0.8844612205859805,0.7933645067913605,0.002822092956286356,0.9985504310694027,0.9967901665106257,10.118863344192505,0.4300708770751953,217894.3169490999,93710,93710,50,9.0,lightgbm_cross_station_bs1_top50_seed456.json,0.5232396494409187,0.9971779070437137,0.6863417438011615,17363.0,0.9910299220847246,0.9526087230159229,0.9714395738399333,15889.0,0.9858156028368794,1.0,0.9928571428571429,139.0,1.0,1.0,1.0,1176.0,0.9958813838550247,0.9991735537190083,0.9975247524752475,2420.0,0.9190962099125365,0.9852662127469584,0.9510316220438507,8959.0,0.9991899554475496,0.9979773462783171,0.9985832827362882,2472.0,0.9999274652739999,0.6360679186084067,0.7775349342207307,43346.0,0.9933537832310838,0.9984583761562179,0.9958995386981035,1946.0,,,,,,,,
lightgbm,cross_station,5555,top50,1.0,False,0.9313115364482544,0.832721841883998,0.8862396030935357,0.7959060648948996,0.0010263427984946972,0.9975171583044522,0.994866953492994,14.11513900756836,0.8240635395050049,113881.99513883484,93846,93846,50,9.0,lightgbm_cross_station_bs1_top50_seed5555.json,0.5294010998972624,0.9989736572015053,0.692052456944225,17538.0,0.9913984100091229,0.9555332244692878,0.973135473966995,15922.0,0.9708029197080292,1.0,0.9851851851851852,133.0,1.0,1.0,1.0,1181.0,0.9995891536565324,0.9987684729064039,0.9991786447638604,2436.0,0.9277854930028843,0.9851406533575318,0.9556032348572372,8816.0,0.9979432332373509,0.9987649238369699,0.9983539094650206,2429.0,1.0,0.6421828229334562,0.7821088053841839,43430.0,0.9934077079107505,0.9989801121876594,0.996186117467582,1961.0,,,,,,,,
lightgbm,cross_station,6789,top50,1.0,False,0.9331856967480137,0.83575225511381,0.8872156406715604,0.7976476738107684,0.0019551466359977,0.9977929073711747,0.9933802651339598,10.062108278274536,0.4996647834777832,187946.00521246373,93910,93910,50,9.0,lightgbm_cross_station_bs1_top50_seed6789.json,0.5285018270401949,0.9980448533640023,0.6910611188532749,17390.0,0.9917492804605053,0.9683382251920315,0.9799039433771486,16013.0,0.9777777777777777,1.0,0.9887640449438202,132.0,0.9949367088607595,1.0,0.9974619289340102,1179.0,0.9975718332658843,0.9979757085020243,0.9977737300141671,2470.0,0.9466364812419146,0.9858538228359717,0.9658472199307045,8907.0,0.9995883079456567,0.9987659399424106,0.9991769547325103,2431.0,0.9998928571428571,0.644231211744673,0.7835931596182373,43458.0,0.9927797833935018,0.9974093264248705,0.9950891703282502,1930.0,,,,,,,,
lightgbm,cross_station,789,top50,1.0,False,0.9301825538952188,0.8335206838627495,0.8868730920191888,0.7971775774206193,0.0023937079676279492,0.9978381795726919,0.9930456199971549,9.88661003112793,0.4771919250488281,197144.99567521765,94076,94076,50,9.0,lightgbm_cross_station_bs1_top50_seed789.json,0.5300066614182765,0.997606292032372,0.6922407656410662,17546.0,0.9908879410624273,0.9569966296342529,0.9736474472948946,16022.0,0.9562043795620438,1.0,0.9776119402985075,131.0,0.9957555178268251,1.0,0.9978732454274777,1173.0,0.9987654320987654,0.9971240755957272,0.9979440789473685,2434.0,0.9280136913038828,0.9842314237095859,0.9552961902664612,8815.0,0.9983825313384553,0.9987864077669902,0.9985844287158746,2472.0,1.0,0.6440962249844909,0.7835261892783275,43523.0,0.9908906882591093,0.9989795918367347,0.9949186991869918,1960.0,,,,,,,,
lightgbm,cross_station,1011,full,2.0,False,0.7922690910087833,0.788137611147419,0.9233645770526149,0.9911612034361476,0.6900608519269776,0.9081154439623733,0.8612529338613228,13.61641240119934,0.5344159603118896,175398.95317739926,93736,93736,89,9.0,lightgbm_cross_station_bs2_full_seed1011.json,0.8877822045152722,0.3099391480730223,0.45946990850122427,17255.0,0.8480542452830189,0.9018120258323405,0.8741073870369808,15949.0,0.9850746268656716,1.0,0.9924812030075187,132.0,1.0,0.12414965986394558,0.22087745839636913,1176.0,0.8940445743514798,0.9939073923639318,0.9413348720907867,2462.0,0.8852319477940134,0.7071622846781505,0.7862407862407862,8824.0,0.9709972189114024,0.9979583503470805,0.9842931937172775,2449.0,0.7744843527738264,1.0,0.8729120113831077,43557.0,0.9994815966822188,0.9979296066252588,0.9987049987049987,1932.0,,,,,,,,
lightgbm,cross_station,123,full,2.0,False,0.7961894961638336,0.7927351335556385,0.9214403118679694,0.9901641497045305,0.694186446508428,0.9094302823348913,0.8552847833915707,17.621120929718018,0.7626404762268066,122720.99753090742,93592,93592,89,9.0,lightgbm_cross_station_bs2_full_seed123.json,0.8768699654775605,0.3058135534915721,0.4534750265674814,17442.0,0.8605918109874986,0.942532345182766,0.8997002398081535,15922.0,0.986013986013986,1.0,0.9929577464788732,141.0,1.0,0.12468407750631845,0.22172284644194756,1187.0,0.9983693436608235,0.9983693436608235,0.9983693436608235,2453.0,0.8762578188740822,0.7216125419932811,0.7914517317612381,8930.0,0.8746428571428572,0.9987765089722676,0.9325971058644326,2452.0,0.7809696092619393,1.0,0.8770162109454354,43172.0,0.9984152139461173,0.9984152139461173,0.9984152139461173,1893.0,,,,,,,,
lightgbm,cross_station,2026,full,2.0,False,0.7997117772507397,0.7885212690083075,0.9222085949465181,0.9910688524590164,0.6883020589745052,0.92118358751351,0.8724986869515212,11.786958932876587,0.5520617961883545,169877.72138465956,93783,93783,89,9.0,lightgbm_cross_station_bs2_full_seed2026.json,0.8891962251871136,0.3116979410254948,0.46159043878542166,17533.0,0.8506050992832804,0.9069213905418102,0.8778609755358171,15965.0,1.0,1.0,1.0,135.0,1.0,0.14974182444061962,0.26047904191616766,1162.0,0.963946117274168,0.9922512234910277,0.9778938906752411,2452.0,0.8977161272243239,0.7150669642857143,0.7960489532210971,8960.0,0.9138059701492537,0.9995918367346939,0.9547758284600389,2450.0,0.7707581872075997,1.0,0.8705403061533187,43164.0,0.9979623025980642,0.9984709480122325,0.9982165605095541,1962.0,,,,,,,,
lightgbm,cross_station,3141,full,2.0,False,0.7703987704628827,0.785920900978502,0.9216581992059087,0.9908596157629008,0.6958414480467408,0.9155971940684317,0.8541400329560657,30.150221824645996,0.3613772392272949,259321.81063859828,93713,93713,89,9.0,lightgbm_cross_station_bs2_full_seed3141.json,0.8839687031796237,0.30415855195325925,0.45258896228425316,17458.0,0.8492260427744299,0.9066481645010723,0.8769981696156193,15854.0,0.6244343891402715,1.0,0.7688022284122563,138.0,1.0,0.14585079631181894,0.25457205559619606,1193.0,0.8928310168251646,0.9951080309824705,0.9411991517254675,2453.0,0.8965224766751484,0.7121041994161239,0.7937421777221527,8906.0,0.9983333333333333,0.9831760361099713,0.9906967128385363,2437.0,0.7711240034168565,1.0,0.8707735900244165,43331.0,0.9738035264483628,0.9948533196088523,0.9842158859470469,1943.0,,,,,,,,
lightgbm,cross_station,42,full,2.0,False,0.7947277599216951,0.7885188088988743,0.9227828466038865,0.990975747320925,0.6925393883225208,0.9263040200899275,0.8802070413336897,11.928252696990967,0.5823595523834229,160558.88431351437,93503,93503,89,9.0,lightgbm_cross_station_bs2_full_seed42.json,0.885256837891928,0.3074606116774791,0.45640584694754943,17264.0,0.8497072599531615,0.9076297686053784,0.8777139401270033,15990.0,0.9849624060150376,1.0,0.9924242424242424,131.0,1.0,0.12762237762237763,0.22635658914728682,1144.0,0.888328530259366,0.9979765277215702,0.9399656946826758,2471.0,0.8962889798222097,0.7112305452916806,0.7931077537770008,8931.0,0.9971475142624286,0.9967413441955193,0.9969443878590344,2455.0,0.7725776441963647,1.0,0.8716996366572467,43184.0,0.9974160206718347,0.9984480082772892,0.9979317476732161,1933.0,,,,,,,,
lightgbm,cross_station,4242,full,2.0,False,0.7897211315159387,0.7878033696897316,0.9227543454479153,0.9910315657554633,0.691414112369889,0.9325719773686946,0.8863447354185865,17.57616639137268,0.44037437438964844,213434.30832066457,93991,93991,89,9.0,lightgbm_cross_station_bs2_full_seed4242.json,0.8865025607136957,0.30858588763011097,0.45781076699940276,17389.0,0.850183063658911,0.9043909793328727,0.8764496393023469,15919.0,0.9791666666666666,1.0,0.9894736842105263,141.0,0.9696969696969697,0.10996563573883161,0.19753086419753085,1164.0,0.87724335965542,0.9906769355492501,0.9305158956786598,2467.0,0.889772568717734,0.7143497255516971,0.7924692431962221,8927.0,0.9882495948136143,0.9983626688497749,0.9932803909590715,2443.0,0.7735029090393075,1.0,0.8722882890091316,43607.0,0.9984464008285863,0.9968976215098242,0.9976714100905563,1934.0,,,,,,,,
lightgbm,cross_station,456,full,2.0,False,0.7975713897409418,0.7874641760382018,0.9224914929687404,0.9906872568666745,0.6910672118873467,0.9272128339399378,0.8828000638605094,15.329535722732544,0.5501096248626709,170347.86479766414,93710,93710,89,9.0,lightgbm_cross_station_bs2_full_seed456.json,0.882962962962963,0.30893278811265334,0.45771823534431266,17363.0,0.8439110070257612,0.9071684813392913,0.8743971609693955,15889.0,1.0,1.0,1.0,139.0,1.0,0.14710884353741496,0.25648628613787994,1176.0,0.9971086327963652,0.9975206611570248,0.9973146044205743,2420.0,0.877742070700014,0.7011943297242996,0.7795979151154132,8959.0,0.8900108186080058,0.9983818770226537,0.9410867492850333,2472.0,0.7747551297633517,1.0,0.8730839728483091,43346.0,0.9989711934156379,0.9979445015416238,0.9984575835475579,1946.0,,,,,,,,
lightgbm,cross_station,5555,full,2.0,False,0.7735424244012891,0.7909721130852824,0.9204709669945061,0.9891492373014625,0.6964876268673738,0.9060570960048663,0.8221664591960318,18.055718898773193,0.7803518772125244,120261.13185659907,93846,93846,89,9.0,lightgbm_cross_station_bs2_full_seed5555.json,0.8653877418305966,0.3035123731326263,0.4494068977162396,17538.0,0.8582762557077626,0.9444165305866097,0.8992883200765505,15922.0,0.7074468085106383,1.0,0.8286604361370716,133.0,1.0,0.10838272650296359,0.19556913674560733,1181.0,0.9617377441211639,0.9905582922824302,0.9759352881698685,2436.0,0.8825677763730861,0.7126814882032668,0.7885786005647945,8816.0,0.9048507462686567,0.9983532317826266,0.9493051477784302,2429.0,0.7812275147503238,1.0,0.8771788087495708,43430.0,0.998468606431853,0.9974502804691484,0.9979591836734694,1961.0,,,,,,,,
lightgbm,cross_station,6789,full,2.0,False,0.7898338348468807,0.7992258736286355,0.9227297609634451,0.9912833246210141,0.6921794134560092,0.968933139870264,0.8851276368160517,13.513917922973633,0.5405399799346924,173733.6801828167,93910,93910,89,9.0,lightgbm_cross_station_bs2_full_seed6789.json,0.889202657807309,0.3078205865439908,0.4573259290901324,17390.0,0.8971784130113356,0.9094485730344095,0.9032718250891612,16013.0,0.6910994764397905,1.0,0.8173374613003096,132.0,1.0,0.15521628498727735,0.2687224669603524,1179.0,0.9995941558441559,0.9971659919028341,0.9983785974868261,2470.0,0.9095028319697923,0.8112720332322892,0.8575836695941135,8907.0,0.8787988422575976,0.9991772932949403,0.9351299326275264,2431.0,0.773535536925295,1.0,0.8723090356185831,43458.0,0.9984455958549223,0.9984455958549223,0.9984455958549223,1930.0,,,,,,,,
lightgbm,cross_station,789,full,2.0,False,0.8023895657534506,0.7964471741512728,0.9214622756238751,0.9900692538873644,0.6928074774877465,0.9138643215469054,0.8587816939895944,22.169302701950073,1.086317539215088,86600.82950329057,94076,94076,89,9.0,lightgbm_cross_station_bs2_full_seed789.json,0.8764227642276423,0.3071925225122535,0.4549291019581364,17546.0,0.8745561441294604,0.9377106478591936,0.9050329809343092,16022.0,0.9632352941176471,1.0,0.9812734082397003,131.0,1.0,0.1534526854219949,0.2660753880266075,1173.0,0.8841951930080116,0.9975349219391948,0.9374517374517375,2434.0,0.8744875016532204,0.7500850822461713,0.8075232046897899,8815.0,0.9911611088790679,0.9979773462783171,0.9945575488812739,2472.0,0.7816911526994504,1.0,0.8774709932359552,43523.0,0.99795605518651,0.9964285714285714,0.9971917283635435,1960.0,,,,,,,,
lightgbm,cross_station,1011,top20,2.0,False,0.7886064962793747,0.7876357785817375,0.9203964604363997,0.9853035394411684,0.6902926687916546,0.9335825348787602,0.8847300651237999,8.417123317718506,0.500420093536377,187314.62067716924,93736,93736,20,9.0,lightgbm_cross_station_bs2_top20_seed1011.json,0.826221397649969,0.3097073312083454,0.45053323778611476,17255.0,0.8523303834808259,0.9058248166029218,0.8782637770144989,15949.0,0.9850746268656716,1.0,0.9924812030075187,132.0,1.0,0.12670068027210885,0.22490566037735849,1176.0,0.9975550122249389,0.9943135662063363,0.9959316517493898,2462.0,0.8905628197839681,0.7101087941976428,0.7901639344262295,8824.0,0.8626478443342236,0.9232339730502246,0.8919132149901381,2449.0,0.7779008090297002,1.0,0.8750778503264691,43557.0,0.9984464008285863,0.9979296066252588,0.9981879368366554,1932.0,,,,,,,,
lightgbm,cross_station,123,top20,2.0,False,0.7908115448068376,0.7909738858843907,0.9200905420286308,0.9875114904793172,0.6943584451324389,0.9091272692864304,0.8412453445371351,11.815718173980713,0.825758695602417,113340.61693618822,93592,93592,20,9.0,lightgbm_cross_station_bs2_top20_seed123.json,0.8486150907354346,0.30564155486756106,0.4494183105715731,17442.0,0.8769323308270677,0.9156513000879286,0.8958736596306879,15922.0,0.9790209790209791,0.9929078014184397,0.9859154929577465,141.0,1.0,0.12468407750631845,0.22172284644194756,1187.0,0.9983693436608235,0.9983693436608235,0.9983693436608235,2453.0,0.8368872549019608,0.7647256438969765,0.7991808074897601,8930.0,0.8643158298198543,0.9196574225122349,0.8911282355265758,2452.0,0.7809696092619393,1.0,0.8770162109454354,43172.0,0.9989429175475687,0.9984152139461173,0.9986789960369881,1893.0,,,,,,,,
lightgbm,cross_station,2026,top20,2.0,False,0.7896984960633333,0.7691721104873775,0.9220319537171522,0.990727868852459,0.6883590942793589,0.9718517257225263,0.8710130748265904,7.516674995422363,0.34260034561157227,273738.77814568154,93783,93783,20,9.0,lightgbm_cross_station_bs2_top20_seed2026.json,0.8854318586938907,0.31164090572064107,0.46101923725953425,17533.0,0.832892824104665,0.7895396179141873,0.8106369979742114,15965.0,0.9854014598540146,1.0,0.9926470588235294,135.0,1.0,0.1514629948364888,0.26307922272047835,1162.0,0.9983680130558955,0.9979608482871125,0.9981643891495003,2452.0,0.7320711417096959,0.7120535714285714,0.7219236209335219,8960.0,0.9967360261117911,0.9971428571428571,0.996939400122424,2450.0,0.7627765604014985,1.0,0.8654262571176518,43164.0,0.9979591836734694,0.9969418960244648,0.9974502804691484,1962.0,,,,,,,,
lightgbm,cross_station,3141,top20,2.0,False,0.7889274416956565,0.781778827228207,0.9220867167338771,0.9910300963871221,0.692347347920724,0.912301090815774,0.8724206958741936,8.451830863952637,0.5644638538360596,166021.2595777968,93713,93713,20,9.0,lightgbm_cross_station_bs2_top20_seed3141.json,0.8870355078447564,0.307652652079276,0.4568536554246587,17458.0,0.8471610376896721,0.8733442664311846,0.8600534194670476,15854.0,1.0,1.0,1.0,138.0,1.0,0.14417435037720033,0.252014652014652,1193.0,0.9979550102249489,0.9947003668976763,0.9963250306247448,2453.0,0.7591354191545259,0.7137884572198517,0.7357638888888889,8906.0,0.8625222024866785,0.9963069347558473,0.9246001523229246,2437.0,0.7818375374400057,1.0,0.8775632132694703,43331.0,0.9958932238193019,0.9984559958826557,0.9971729632485222,1943.0,,,,,,,,
lightgbm,cross_station,42,top20,2.0,False,0.857500650119198,0.7953056738329968,0.923262869386335,0.9919332625034432,0.6925393883225208,0.9719185531743203,0.9194227472889056,8.43874478340149,0.47609663009643555,196395.00489860753,93503,93503,20,9.0,lightgbm_cross_station_bs2_top20_seed42.json,0.8961674826945805,0.3074606116774791,0.457842756717126,17264.0,0.8490676674094054,0.9055659787367104,0.876407214622927,15990.0,0.9849624060150376,1.0,0.9924242424242424,131.0,1.0,0.6582167832167832,0.7938850817079599,1144.0,0.9967585089141004,0.9955483609874545,0.9961530674225552,2471.0,0.893408929836995,0.7057440376217669,0.7885649943700738,8931.0,0.9695017182130584,0.9193482688391039,0.9437591469788835,2455.0,0.7731862780204827,1.0,0.8720869178884446,43184.0,0.9953536396489416,0.9974133471288154,0.9963824289405685,1933.0,,,,,,,,
lightgbm,cross_station,4242,top20,2.0,False,0.7836794112418324,0.7850392141644248,0.919931753092438,0.9854181352967285,0.691414112369889,0.9442495769374142,0.8198464074930417,9.266794919967651,0.5024204254150391,187076.3910968707,93991,93991,20,9.0,lightgbm_cross_station_bs2_top20_seed4242.json,0.8277032238161345,0.30858588763011097,0.4495643431635389,17389.0,0.848314606741573,0.9011244424901061,0.8739224466173201,15919.0,0.9790209790209791,0.9929078014184397,0.9859154929577465,141.0,1.0,0.109106529209622,0.1967467079783114,1164.0,0.8929484837413226,0.9906769355492501,0.9392774788624135,2467.0,0.8847771236333053,0.7070684440461521,0.7860033621816823,8927.0,0.9746345657781599,0.9279574293900942,0.9507234221010694,2443.0,0.7758976548877264,1.0,0.8738089751425222,43607.0,0.9984447900466563,0.9958634953464323,0.9971524721718872,1934.0,,,,,,,,
lightgbm,cross_station,456,top20,2.0,False,0.7962595469847609,0.7877323971529929,0.920729547148145,0.9872031644989325,0.6911823993549502,0.9684206182540481,0.9115491323283026,8.826459884643555,0.5079143047332764,184499.6274503637,93710,93710,20,9.0,lightgbm_cross_station_bs2_top20_seed456.json,0.845874743650418,0.3088176006450498,0.4524512699350266,17363.0,0.8470263281617302,0.9071055447164705,0.8760370764321531,15889.0,0.9928571428571429,1.0,0.996415770609319,139.0,1.0,0.13945578231292516,0.24477611940298508,1176.0,0.9971086327963652,0.9975206611570248,0.9973146044205743,2420.0,0.8981481481481481,0.7037615805335417,0.7891607735152387,8959.0,0.8848637015781923,0.9979773462783171,0.9380228136882129,2472.0,0.7757256881062314,1.0,0.8736999113117794,43346.0,0.9989711934156379,0.9979445015416238,0.9984575835475579,1946.0,,,,,,,,
lightgbm,cross_station,5555,top20,2.0,False,0.7952946236140886,0.785494129426973,0.9194176773043149,0.9865413849137705,0.6938647508267761,0.9510744114118082,0.8633680527762891,11.630234956741333,0.9680154323577881,96946.8015312731,93846,93846,20,9.0,lightgbm_cross_station_bs2_top20_seed5555.json,0.8394308943089431,0.3061352491732239,0.4486504554190691,17538.0,0.8491422507811118,0.9046602185655068,0.8760225026607876,15922.0,0.9779411764705882,1.0,0.9888475836431226,133.0,1.0,0.15664690939881457,0.2708638360175695,1181.0,0.8797653958944281,0.9852216748768473,0.9295120061967467,2436.0,0.8876340243030736,0.7042876588021778,0.7854025678325217,8816.0,0.9966499162479062,0.9798270893371758,0.9881669088644385,2429.0,0.7742084997147747,1.0,0.8727367723007053,43430.0,0.9979581419091373,0.9969403365629781,0.9974489795918368,1961.0,,,,,,,,
lightgbm,cross_station,6789,top20,2.0,False,0.7951445318700434,0.7889393912645855,0.9195971925541654,0.984553058024046,0.6895917193789535,0.969815069650497,0.9157538443375614,8.811300039291382,0.48151278495788574,195031.1662196334,93910,93910,20,9.0,lightgbm_cross_station_bs2_top20_seed6789.json,0.8203647416413374,0.3104082806210466,0.45039632874426366,17390.0,0.8558913452492944,0.9090738774745519,0.8816813542896944,16013.0,1.0,1.0,1.0,132.0,1.0,0.15012722646310434,0.2610619469026549,1179.0,0.9995943204868154,0.9975708502024292,0.9985815602836879,2470.0,0.900168255748738,0.7207814078814415,0.8005486626348276,8907.0,0.8705514274540477,0.9156725627313863,0.892542101042502,2431.0,0.777132025536024,1.0,0.8745912114229364,43458.0,0.9948400412796697,0.9989637305699481,0.9968976215098242,1930.0,,,,,,,,
lightgbm,cross_station,789,top20,2.0,False,0.8118261503386633,0.8079579175032965,0.9212749265658353,0.9897295178361427,0.6929784566282914,0.9649274115411887,0.8812721513422191,13.755069017410278,1.001274824142456,93956.22233942772,94076,94076,20,9.0,lightgbm_cross_station_bs2_top20_seed789.json,0.8726713105459258,0.30702154337170867,0.45423500147561024,17546.0,0.9280407687112421,0.9433903382848583,0.9356526045374354,16022.0,0.9776119402985075,1.0,0.9886792452830189,131.0,1.0,0.13725490196078433,0.2413793103448276,1173.0,0.8835092828540225,0.9971240755957272,0.9368847712796757,2434.0,0.8973177360274135,0.8614861032331254,0.8790369255700892,8815.0,0.9955555555555555,0.9967637540453075,0.9961592884576511,2472.0,0.7816911526994504,1.0,0.8774709932359552,43523.0,0.9974463738508682,0.9964285714285714,0.996937212863706,1960.0,,,,,,,,
lightgbm,cross_station,1011,top20_stable,2.0,False,0.7893544344284718,0.7877644760711001,0.9217585420300816,0.9879970188674311,0.6902347145754854,0.8987230114260988,0.851754798425249,8.888990640640259,0.49512791633605957,189316.7339334151,93736,93736,20,9.0,lightgbm_cross_station_bs2_top20_stable_seed1011.json,0.8534248762573846,0.30976528542451465,0.45454545454545453,17255.0,0.8539964476021314,0.9043827199197442,0.8784676756295867,15949.0,0.9850746268656716,1.0,0.9924812030075187,132.0,1.0,0.12755102040816327,0.22624434389140272,1176.0,0.9975550122249389,0.9943135662063363,0.9959316517493898,2462.0,0.8907420494699647,0.7141885766092475,0.7927542612742939,8824.0,0.8623713305375524,0.9236423029808085,0.8919558359621451,2449.0,0.7747874346294781,1.0,0.8731044850914558,43557.0,0.9994815966822188,0.9979296066252588,0.9987049987049987,1932.0,,,,,,,,
lightgbm,cross_station,123,top20_stable,2.0,False,0.7618972083170358,0.7991356845970653,0.9207725274658091,0.9888903479973736,0.6944731108817797,0.8435394917334013,0.7869048129919027,11.406432628631592,0.8588356971740723,108975.44234357832,93592,93592,20,9.0,lightgbm_cross_station_bs2_top20_stable_seed123.json,0.862995951417004,0.3055268891182204,0.45128509124782995,17442.0,0.9083276745478116,0.9241301344052255,0.9161607670994054,15922.0,0.9850746268656716,0.46808510638297873,0.6346153846153846,141.0,1.0,0.12468407750631845,0.22172284644194756,1187.0,0.8803758583303216,0.9930697105584998,0.9333333333333333,2453.0,0.8642264062682727,0.8275475923852184,0.84548938847892,8930.0,0.9817073170731707,0.984910277324633,0.9833061889250815,2452.0,0.7804472404504944,1.0,0.876686736589873,43172.0,0.9905660377358491,0.9984152139461173,0.994475138121547,1893.0,,,,,,,,
lightgbm,cross_station,2026,top20_stable,2.0,False,0.7710826016518237,0.7695419489663676,0.9216107644781988,0.989888524590164,0.6883590942793589,0.9480509930741111,0.8841738141129016,8.493887662887573,0.41601085662841797,225434.0205447264,93783,93783,20,9.0,lightgbm_cross_station_bs2_top20_stable_seed2026.json,0.8763432237369687,0.31164090572064107,0.4597778525748906,17533.0,0.8350867964229353,0.7954901346695897,0.8148076861386456,15965.0,0.9523809523809523,0.7407407407407407,0.8333333333333334,135.0,1.0,0.1523235800344234,0.2643764002987304,1162.0,0.9963084495488105,0.9906199021207178,0.9934560327198364,2452.0,0.8979792309851249,0.7141741071428571,0.7955986572174562,8960.0,0.8865327380952381,0.9726530612244898,0.9275982872713118,2450.0,0.7461494580718768,1.0,0.8546226723293041,43164.0,0.9974450689831375,0.9949031600407747,0.9961724929829038,1962.0,,,,,,,,
lightgbm,cross_station,3141,top20_stable,2.0,False,0.8628055875047991,0.7971091391501306,0.9248145466052444,0.9964723624680348,0.6922900675907894,0.9405279479014337,0.8908614292287997,9.412629842758179,0.5655455589294434,165703.71479425143,93713,93713,20,9.0,lightgbm_cross_station_bs2_top20_stable_seed3141.json,0.9523134196064528,0.3077099324092107,0.4651283605350881,17458.0,0.8507162306144194,0.9065220133720197,0.8777329913277147,15854.0,1.0,1.0,1.0,138.0,1.0,0.7099748533109808,0.8303921568627451,1193.0,0.9987714987714987,0.9942927028128822,0.9965270684371808,2453.0,0.8960101867572157,0.7110936447338873,0.7929134844121698,8906.0,0.8753153153153154,0.9967172753385309,0.93207981580967,2437.0,0.7742932704335085,1.0,0.8727906297523491,43331.0,0.9969167523124358,0.9984559958826557,0.9976857804062741,1943.0,,,,,,,,
lightgbm,cross_station,42,top20_stable,2.0,False,0.7951287585449063,0.7878828539879152,0.920600924027782,0.9866341373837537,0.6925393883225208,0.9643327438595458,0.9023378891718176,8.463882207870483,0.5314042568206787,175954.55587694398,93503,93503,20,9.0,lightgbm_cross_station_bs2_top20_stable_seed42.json,0.83894420736526,0.3074606116774791,0.45000211945233354,17264.0,0.8492942072277866,0.906816760475297,0.8771133895895714,15990.0,0.9849624060150376,1.0,0.9924242424242424,131.0,1.0,0.14073426573426573,0.2467432950191571,1144.0,0.8892895780742878,0.9979765277215702,0.9405034324942791,2471.0,0.8953273682715523,0.7058560071660508,0.789381417480591,8931.0,0.9995833333333334,0.9771894093686354,0.988259526261586,2455.0,0.7758812749290309,1.0,0.8737985876449282,43184.0,0.9969024264326277,0.9989653388515262,0.9979328165374677,1933.0,,,,,,,,
lightgbm,cross_station,4242,top20_stable,2.0,False,0.7745223723161399,0.7694550997639436,0.9189907848434765,0.9835643977964021,0.6914716199896487,0.973387829340508,0.9200027807696157,9.737236261367798,0.6008822917938232,156421.6507685843,93991,93991,20,9.0,lightgbm_cross_station_bs2_top20_stable_seed4242.json,0.809933574879227,0.3085283800103514,0.44684129429892144,17389.0,0.8347134380908913,0.8041962434826309,0.8191707192219094,15919.0,0.9790209790209791,0.9929078014184397,0.9859154929577465,141.0,1.0,0.10481099656357389,0.18973561430793157,1164.0,0.8770609318996416,0.9918929874341306,0.9309492105763744,2467.0,0.8918424753867792,0.7103170157947799,0.7907962835941884,8927.0,0.9889135254988913,0.9128121162505116,0.9493401447424435,2443.0,0.7560159500693481,1.0,0.8610581812078549,43607.0,0.9979274611398964,0.9958634953464323,0.9968944099378882,1934.0,,,,,,,,
lightgbm,cross_station,456,top20_stable,2.0,False,0.7921902724622288,0.7722471221440385,0.9203282434818739,0.9864172790024494,0.691239993088752,0.9692668209377752,0.9162873503968003,7.282618999481201,0.4645509719848633,201721.67458741946,93710,93710,20,9.0,lightgbm_cross_station_bs2_top20_stable_seed456.json,0.8379180994060644,0.30876000691124805,0.45124363452716637,17363.0,0.8310443119979269,0.8073509975454717,0.8190263367916999,15889.0,0.9928571428571429,1.0,0.996415770609319,139.0,0.9947916666666666,0.16241496598639457,0.27923976608187134,1176.0,0.9971098265895953,0.9979338842975206,0.9975216852540273,2420.0,0.8980755523877405,0.7032034825315325,0.7887817703768624,8959.0,0.8845878136200717,0.9983818770226537,0.9380463702014443,2472.0,0.7554990065186321,1.0,0.8607227958697379,43346.0,0.9994853319608852,0.9979445015416238,0.99871432244793,1946.0,,,,,,,,
lightgbm,cross_station,5555,top20_stable,2.0,False,0.7600229511294366,0.7841196341644313,0.9183231863859752,0.9843922000314514,0.6939787889154978,0.9276705084154054,0.8304475459004994,8.039960622787476,0.4584641456604004,204696.48692989582,93846,93846,20,9.0,lightgbm_cross_station_bs2_top20_stable_seed5555.json,0.8183897529734675,0.3060212110845022,0.44546812749003983,17538.0,0.8518277149120208,0.9030272578821756,0.8766805890064328,15922.0,1.0,0.5488721804511278,0.7087378640776699,133.0,1.0,0.14817950889077053,0.2581120943952802,1181.0,0.8797653958944281,0.9852216748768473,0.9295120061967467,2436.0,0.8885580603998299,0.7108666061705989,0.7898418299829857,8816.0,0.9891398783666377,0.9374228077398106,0.9625871908687381,2429.0,0.7739601525466016,1.0,0.8725789600578638,43430.0,0.9959266802443992,0.9974502804691484,0.996687898089172,1961.0,,,,,,,,
lightgbm,cross_station,6789,top20_stable,2.0,False,0.8070362045081104,0.8087811343333845,0.9212955909686462,0.9878463146889702,0.6891891891891891,0.94088019273682,0.8829905690134575,12.431415796279907,0.8254129886627197,113773.34896576665,93910,93910,20,9.0,lightgbm_cross_station_bs2_top20_stable_seed6789.json,0.8531965272296764,0.3108108108108108,0.45563751317175977,17390.0,0.9330351596471611,0.9379878848435647,0.935504967145215,16013.0,0.9777777777777777,1.0,0.9887640449438202,132.0,1.0,0.12298558100084818,0.2190332326283988,1179.0,0.9119496855345912,0.9979757085020243,0.9530253237966364,2470.0,0.8938976829548061,0.8749298304704165,0.8843120567375886,8907.0,0.954337899543379,0.9457013574660633,0.95,2431.0,0.7839027381940186,1.0,0.8788626435851804,43458.0,0.9984447900466563,0.9979274611398964,0.9981860585643949,1930.0,,,,,,,,
lightgbm,cross_station,789,top20_stable,2.0,False,0.7955513203111528,0.792618512547192,0.9208605081281028,0.9888932444792892,0.692921463581443,0.9281872038451843,0.8346875326404782,12.729652881622314,0.8881921768188477,105918.51904949552,94076,94076,20,9.0,lightgbm_cross_station_bs2_top20_stable_seed789.json,0.8637383776851555,0.3070785364185569,0.4530776992936428,17546.0,0.8679179091387476,0.9264760953688678,0.8962415094339623,16022.0,0.9632352941176471,1.0,0.9812734082397003,131.0,1.0,0.13554987212276215,0.23873873873873874,1173.0,0.8836363636363637,0.9983566146261298,0.9375,2434.0,0.8548535399973729,0.7382870107770845,0.7923058193328464,8815.0,0.9922194922194922,0.9801779935275081,0.9861619861619861,2472.0,0.7816911526994504,1.0,0.8774709932359552,43523.0,0.99795605518651,0.9964285714285714,0.9971917283635435,1960.0,,,,,,,,
lightgbm,cross_station,1011,top50,2.0,False,0.793523780572365,0.788900906816449,0.9233252328138037,0.991082752579072,0.6900608519269776,0.9183997156120908,0.8767105163606098,12.078680038452148,0.9437551498413086,99322.37192640656,93736,93736,50,9.0,lightgbm_cross_station_bs2_top50_seed1011.json,0.8868988391376451,0.3099391480730223,0.4593515138501181,17255.0,0.8532202585695647,0.902062825255502,0.8769619944530798,15949.0,0.9850746268656716,1.0,0.9924812030075187,132.0,1.0,0.12755102040816327,0.22624434389140272,1176.0,0.9147663551401869,0.9939073923639318,0.9526961261436636,2462.0,0.886354034643008,0.7132819582955575,0.7904552590266876,8824.0,0.9472868217054263,0.9979583503470805,0.9719626168224299,2449.0,0.7739889117918829,1.0,0.8725972373864354,43557.0,1.0,0.9979296066252588,0.9989637305699481,1932.0,,,,,,,,
lightgbm,cross_station,123,top50,2.0,False,0.7956894660959345,0.793664435976821,0.9215213074690698,0.9903479973736047,0.6943011122577686,0.909491897358042,0.8536059133833613,14.26522445678711,0.8441202640533447,110875.19632639147,93592,93592,50,9.0,lightgbm_cross_station_bs2_top50_seed123.json,0.8788528102851492,0.3056988877422314,0.45361350971968184,17442.0,0.8643190056965303,0.9434116317045598,0.9021350710188883,15922.0,0.9657534246575342,1.0,0.9825783972125436,141.0,1.0,0.12468407750631845,0.22172284644194756,1187.0,0.8774632748118953,0.9983693436608235,0.9340198321891686,2453.0,0.8791312559017942,0.7297872340425532,0.7975279936364192,8930.0,0.9890953150242326,0.9987765089722676,0.9939123376623377,2452.0,0.7809696092619393,1.0,0.8770162109454354,43172.0,0.9989429175475687,0.9984152139461173,0.9986789960369881,1893.0,,,,,,,,
lightgbm,cross_station,2026,top50,2.0,False,0.7914030033296613,0.7707808554577001,0.9221757117926312,0.9910032786885246,0.6883020589745052,0.9318239546930474,0.881285828364785,12.524271488189697,0.5349829196929932,175300.92372634733,93783,93783,50,9.0,lightgbm_cross_station_bs2_top50_seed2026.json,0.8884734189562673,0.3116979410254948,0.4614929910488093,17533.0,0.8333114840062926,0.7963044159098027,0.8143877518337017,15965.0,1.0,1.0,1.0,135.0,1.0,0.1514629948364888,0.26307922272047835,1162.0,0.8886048210372535,0.9922512234910277,0.9375722543352601,2452.0,0.8980936361087749,0.7150669642857143,0.796197340623835,8960.0,0.9931062449310625,0.9995918367346939,0.9963384865744508,2450.0,0.7472474205387438,1.0,0.8553424223208624,43164.0,0.9979623025980642,0.9984709480122325,0.9982165605095541,1962.0,,,,,,,,
lightgbm,cross_station,3141,top50,2.0,False,0.7972017055680078,0.7871646797905394,0.9220857660559694,0.9910169824929513,0.6922900675907894,0.9147272554677447,0.8669964028391947,12.36494517326355,0.5619158744812012,166774.07465400794,93713,93713,50,9.0,lightgbm_cross_station_bs2_top50_seed3141.json,0.886907710087502,0.3077099324092107,0.4568998511588348,17458.0,0.8490744573895559,0.9055758799041251,0.8764154686689253,15854.0,1.0,1.0,1.0,138.0,1.0,0.14333612740989102,0.250733137829912,1193.0,0.9975490196078431,0.9955156950672646,0.9965313201387472,2453.0,0.8944624489220797,0.7127779025376151,0.7933512466412548,8906.0,0.8756308579668349,0.9967172753385309,0.9322586835540203,2437.0,0.7713848290103786,1.0,0.870939861714102,43331.0,0.9969167523124358,0.9984559958826557,0.9976857804062741,1943.0,,,,,,,,
lightgbm,cross_station,42,top50,2.0,False,0.7875243895766254,0.771252858788283,0.9228749389350269,0.9911593803696271,0.6925393883225208,0.9294664784091735,0.8829841496406892,11.234951972961426,0.45859193801879883,203891.50407647828,93503,93503,50,9.0,lightgbm_cross_station_bs2_top50_seed42.json,0.8873286526245403,0.3074606116774791,0.4566807192635292,17264.0,0.8307562916477971,0.8030644152595372,0.8166756765351226,15990.0,0.9849624060150376,1.0,0.9924242424242424,131.0,1.0,0.13898601398601398,0.24405218726016883,1144.0,0.888328530259366,0.9979765277215702,0.9399656946826758,2471.0,0.8895004233700254,0.7057440376217669,0.7870387713054879,8931.0,0.9943112555871597,0.9967413441955193,0.9955248169243287,2455.0,0.7508302182039468,1.0,0.8576847833642837,43184.0,0.9974146845915202,0.9979306777030522,0.9976726144297905,1933.0,,,,,,,,
lightgbm,cross_station,4242,top50,2.0,False,0.7895574400377992,0.7775856698449225,0.9228656331848539,0.991253492075925,0.691414112369889,0.9214816969831789,0.8651836418869345,10.756608963012695,0.4704267978668213,199799.41709572639,93991,93991,50,9.0,lightgbm_cross_station_bs2_top50_seed4242.json,0.8889993373094764,0.30858588763011097,0.4581430096051227,17389.0,0.8618483093089048,0.8037565173691815,0.8317893710385178,15919.0,0.9790209790209791,0.9929078014184397,0.9859154929577465,141.0,1.0,0.1254295532646048,0.22290076335877862,1164.0,0.8771049802938015,0.992298338062424,0.9311525294788893,2467.0,0.8932708577378629,0.7687913072700795,0.826369656833233,8927.0,0.9882495948136143,0.9983626688497749,0.9932803909590715,2443.0,0.7525324865825668,1.0,0.858794336018276,43607.0,0.9984464008285863,0.9968976215098242,0.9976714100905563,1934.0,,,,,,,,
lightgbm,cross_station,456,top50,2.0,False,0.7968121102182375,0.7875194621363873,0.9225450021952291,0.990805139691147,0.6911248056211484,0.9270274586149009,0.8790640914147224,11.458042621612549,0.5912442207336426,158496.26383446148,93710,93710,50,9.0,lightgbm_cross_station_bs2_top50_seed456.json,0.8842539159109646,0.3088751943788516,0.4578282397131637,17363.0,0.8440023405500292,0.9077978475674995,0.8747384699354135,15889.0,0.9928571428571429,1.0,0.996415770609319,139.0,1.0,0.14200680272108843,0.2486969471332837,1176.0,0.9971098265895953,0.9979338842975206,0.9975216852540273,2420.0,0.8984553775743707,0.7011943297242996,0.7876622155350762,8959.0,0.8846291651737729,0.9987864077669902,0.9382481474444233,2472.0,0.7726421988912854,1.0,0.8717407262159743,43346.0,0.9994850669412977,0.9974306269270298,0.9984567901234568,1946.0,,,,,,,,
lightgbm,cross_station,5555,top50,2.0,False,0.7988887292315814,0.7864935399160439,0.9216376977645596,0.9908921738218798,0.6935226365606112,0.910614441824954,0.878765235406001,13.768204927444458,0.5386583805084229,174221.73941009084,93846,93846,50,9.0,lightgbm_cross_station_bs2_top50_seed5555.json,0.8855024711696869,0.30647736343938875,0.45535411724839037,17538.0,0.8501119886832489,0.9058535359879412,0.8770980296764778,15922.0,1.0,1.0,1.0,133.0,1.0,0.16257408975444537,0.27967953386744354,1181.0,0.8797653958944281,0.9852216748768473,0.9295120061967467,2436.0,0.8884948219605617,0.710412885662432,0.789536716041601,8816.0,0.9958350687213661,0.9843557019349527,0.9900621118012423,2429.0,0.7707597565087759,1.0,0.8705413071148661,43430.0,0.9984693877551021,0.9979602243753187,0.9982147411374649,1961.0,,,,,,,,
lightgbm,cross_station,6789,top50,2.0,False,0.8078713666878575,0.8028239225041722,0.9227623226685979,0.9907213800313643,0.6889591719378954,0.966969176903776,0.9167390365442718,13.50543761253357,0.5394284725189209,174091.66327738852,93910,93910,50,9.0,lightgbm_cross_station_bs2_top50_seed6789.json,0.883967968622324,0.31104082806210465,0.46016419243693907,17390.0,0.9163406940063091,0.907013051895335,0.9116530144681919,16013.0,0.9924812030075187,1.0,0.9962264150943396,132.0,1.0,0.12298558100084818,0.2190332326283988,1179.0,0.9995943204868154,0.9975708502024292,0.9985815602836879,2470.0,0.9121475054229935,0.8497810710676995,0.8798605056669573,8907.0,0.8781634128705712,0.9991772932949403,0.934770059649798,2431.0,0.7732189879723863,1.0,0.8721077241074833,43458.0,0.9984455958549223,0.9984455958549223,0.9984455958549223,1930.0,,,,,,,,
lightgbm,cross_station,789,top50,2.0,False,0.7905259603249264,0.7856285996646325,0.9217489620628658,0.9906964589050046,0.6930924427219879,0.9434642150762228,0.8780042233281645,6.726338624954224,0.16130805015563965,583207.0991449581,94076,94076,50,9.0,lightgbm_cross_station_bs2_top50_seed789.json,0.8832212563555847,0.30690755727801206,0.455525948483695,17546.0,0.8475805979755426,0.9041318187492198,0.874943375713466,16022.0,0.9014084507042254,0.9770992366412213,0.9377289377289377,131.0,1.0,0.15942028985507245,0.275,1173.0,0.8833819241982507,0.9958915365653246,0.936268829663963,2434.0,0.8976892893474786,0.7007373794668179,0.7870795107033639,8815.0,0.9900949236483698,0.9704692556634305,0.9801838610827375,2472.0,0.7695830533649256,1.0,0.869790261498646,43523.0,0.9989780275932549,0.9974489795918368,0.9982129180495277,1960.0,,,,,,,,
lightgbm,holdout_attack,1011,full,,False,0.109928899198225,0.6914902554214301,0.9745086984536082,0.953166850480542,0.0013064798004649033,,0.2655152858547188,16.143805980682373,0.49578142166137695,170085.03408099612,215675,84325,89,9.0,lightgbm_holdout_attack_full_seed1011.json,0.9801995037386134,0.9986935201995351,0.989360092784025,58937.0,0.0,0.0,0.0,0.0,0.0,0.0,0.0,0.0,0.0,0.0,0.0,2399.0,0.0,0.0,0.0,0.0,0.0,0.0,0.0,18042.0,0.0,0.0,0.0,4947.0,0.0,0.0,0.0,0.0,0.0,0.0,0.0,0.0,,,,,,,,
lightgbm,holdout_attack,123,full,,False,0.1100721826195025,0.6923915569927135,0.9777046416889085,0.9595084291791397,0.0014082834212803502,,0.28204838224569073,14.773776054382324,0.2106173038482666,400370.7124688559,215675,84325,89,9.0,lightgbm_holdout_attack_full_seed123.json,0.9828329047126014,0.9985917165787197,0.9906496435755224,58937.0,0.0,0.0,0.0,0.0,0.0,0.0,0.0,0.0,0.0,0.0,0.0,2399.0,0.0,0.0,0.0,0.0,0.0,0.0,0.0,18042.0,0.0,0.0,0.0,4947.0,0.0,0.0,0.0,0.0,0.0,0.0,0.0,0.0,,,,,,,,
lightgbm,holdout_attack,2026,full,,False,0.12363574495257139,0.6912986564145579,0.9738257873420783,0.9518276351031983,0.0012895125303289954,,0.26635411678256904,14.455201864242554,0.37317419052124023,225966.85982547983,215675,84325,89,9.0,lightgbm_holdout_attack_full_seed2026.json,0.9796451634378537,0.9987104874696711,0.9890859596205711,58937.0,0.0,0.0,0.0,0.0,0.0,0.0,0.0,0.0,0.0,0.0,0.0,2399.0,0.0,0.0,0.0,0.0,0.0,0.0,0.0,18042.0,0.0,0.0,0.0,4947.0,0.0,0.0,0.0,0.0,0.0,0.0,0.0,0.0,,,,,,,,
lightgbm,holdout_attack,3141,full,,False,0.1101205994651237,0.692696115459045,0.9786908973946606,0.958799432802899,0.00023754178190270967,,0.27671788726769514,13.927636861801147,0.2769176959991455,304512.86146863,215675,84325,89,9.0,lightgbm_holdout_attack_full_seed3141.json,0.9825576547883073,0.9997624582180973,0.9910853951861134,58937.0,0.0,0.0,0.0,0.0,0.0,0.0,0.0,0.0,0.0,0.0,0.0,2399.0,0.0,0.0,0.0,0.0,0.0,0.0,0.0,18042.0,0.0,0.0,0.0,4947.0,0.0,0.0,0.0,0.0,0.0,0.0,0.0,0.0,,,,,,,,
lightgbm,holdout_attack,42,full,,False,0.11001610305958132,0.6920387974408881,0.9763627204030226,0.9542303450449031,0.00018663997149498618,,0.2715621879025367,13.846334218978882,0.1684248447418213,500668.4146229253,215675,84325,89,9.0,lightgbm_holdout_attack_full_seed42.json,0.9806616961789375,0.999813360028505,0.9901449275362318,58937.0,0.0,0.0,0.0,0.0,0.0,0.0,0.0,0.0,0.0,0.0,0.0,2399.0,0.0,0.0,0.0,0.0,0.0,0.0,0.0,18042.0,0.0,0.0,0.0,4947.0,0.0,0.0,0.0,0.0,0.0,0.0,0.0,0.0,,,,,,,,
lightgbm,holdout_attack,4242,full,,False,0.10988561748358465,0.691217998679754,0.9735308940630985,0.9510792500393886,0.0012046761796494561,,0.27356304065517034,14.8227219581604,0.28130269050598145,299766.06284256984,215675,84325,89,9.0,lightgbm_holdout_attack_full_seed4242.json,0.9793371930525054,0.9987953238203505,0.9889705573522618,58937.0,0.0,0.0,0.0,0.0,0.0,0.0,0.0,0.0,0.0,0.0,0.0,2399.0,0.0,0.0,0.0,0.0,0.0,0.0,0.0,18042.0,0.0,0.0,0.0,4947.0,0.0,0.0,0.0,0.0,0.0,0.0,0.0,0.0,,,,,,,,
lightgbm,holdout_attack,456,full,,False,0.10998208487291457,0.6918248114484992,0.9755900746419205,0.9524184654167324,3.3934540271815666e-05,,0.26273083539474495,14.200979471206665,0.2993276119232178,281714.7387713456,215675,84325,89,9.0,lightgbm_holdout_attack_full_seed456.json,0.9799145370201021,0.9999660654597282,0.9898387638562312,58937.0,0.0,0.0,0.0,0.0,0.0,0.0,0.0,0.0,0.0,0.0,0.0,2399.0,0.0,0.0,0.0,0.0,0.0,0.0,0.0,18042.0,0.0,0.0,0.0,4947.0,0.0,0.0,0.0,0.0,0.0,0.0,0.0,0.0,,,,,,,,
lightgbm,holdout_attack,5555,full,,False,0.12365925565065473,0.6914301144649998,0.9742503982416874,0.9515519142902158,0.0007974616963876682,,0.2788980148091299,15.027382373809814,0.3226737976074219,261332.03447338243,215675,84325,89,9.0,lightgbm_holdout_attack_full_seed5555.json,0.9795409181636726,0.9992025383036124,0.9892740452052379,58937.0,0.0,0.0,0.0,0.0,0.0,0.0,0.0,0.0,0.0,0.0,0.0,2399.0,0.0,0.0,0.0,0.0,0.0,0.0,0.0,18042.0,0.0,0.0,0.0,4947.0,0.0,0.0,0.0,0.0,0.0,0.0,0.0,0.0,,,,,,,,
lightgbm,holdout_attack,6789,full,,False,0.10932419173227213,0.6876864392899413,0.960676567319674,0.9261855994958248,0.0008653307769312996,,0.2772176773326852,13.969918012619019,0.346829891204834,243130.71663768037,215675,84325,89,9.0,lightgbm_holdout_attack_full_seed6789.json,0.969157340355497,0.9991346692230687,0.9839177255904492,58937.0,0.0,0.0,0.0,0.0,0.0,0.0,0.0,0.0,0.0,0.0,0.0,2399.0,0.0,0.0,0.0,0.0,0.0,0.0,0.0,18042.0,0.0,0.0,0.0,4947.0,0.0,0.0,0.0,0.0,0.0,0.0,0.0,0.0,,,,,,,,
lightgbm,holdout_attack,789,full,,False,0.12368117964540021,0.6915527005999125,0.974747982856798,0.9540727902946274,0.0015100870420957971,,0.28284376289931923,15.862050294876099,0.2363128662109375,356836.2626719184,215675,84325,89,9.0,lightgbm_holdout_attack_full_seed789.json,0.9805712000533209,0.9984899129579042,0.9894494371632017,58937.0,0.0,0.0,0.0,0.0,0.0,0.0,0.0,0.0,0.0,0.0,0.0,2399.0,0.0,0.0,0.0,0.0,0.0,0.0,0.0,18042.0,0.0,0.0,0.0,4947.0,0.0,0.0,0.0,0.0,0.0,0.0,0.0,0.0,,,,,,,,
lightgbm,holdout_attack,1011,top20,,False,0.10981906720960496,0.6907993747665863,0.9720456150973862,0.9484795966598393,0.0013064798004649033,,0.2546741307556183,12.0496244430542,0.49755120277404785,169480.04452577795,215675,84325,20,9.0,lightgbm_holdout_attack_top20_seed1011.json,0.9782608695652174,0.9986935201995351,0.9883716048864447,58937.0,0.0,0.0,0.0,0.0,0.0,0.0,0.0,0.0,0.0,0.0,0.0,2399.0,0.0,0.0,0.0,0.0,0.0,0.0,0.0,18042.0,0.0,0.0,0.0,4947.0,0.0,0.0,0.0,0.0,0.0,0.0,0.0,0.0,,,,,,,,
lightgbm,holdout_attack,123,top20,,False,0.10589975674351054,0.6661455756742428,0.8714935136933141,0.7739877107294785,0.0009671343977467465,,0.2683855131808513,13.951176643371582,0.38622522354125977,218331.15721141323,215675,84325,20,9.0,lightgbm_holdout_attack_top20_seed123.json,0.9112012132842242,0.9990328656022532,0.9530978106915948,58937.0,0.0,0.0,0.0,0.0,0.0,0.0,0.0,0.0,0.0,0.0,0.0,2399.0,0.0,0.0,0.0,0.0,0.0,0.0,0.0,18042.0,0.0,0.0,0.0,4947.0,0.0,0.0,0.0,0.0,0.0,0.0,0.0,0.0,,,,,,,,
lightgbm,holdout_attack,2026,top20,,False,0.10621609013696133,0.6681354205706351,0.8807928102133644,0.7894280762564991,0.0013404143407367188,,0.2709935287054413,7.371326446533203,0.16304659843444824,517183.4359605011,215675,84325,20,9.0,lightgbm_holdout_attack_top20_seed2026.json,0.9167341598654289,0.9986595856592633,0.955944811232652,58937.0,0.0,0.0,0.0,0.0,0.0,0.0,0.0,0.0,0.0,0.0,0.0,2399.0,0.0,0.0,0.0,0.0,0.0,0.0,0.0,18042.0,0.0,0.0,0.0,4947.0,0.0,0.0,0.0,0.0,0.0,0.0,0.0,0.0,,,,,,,,
lightgbm,holdout_attack,3141,top20,,False,0.10579991375592929,0.6655175292416108,0.8685345786079609,0.769221679533638,0.0008992653172031152,,0.2661464249567018,5.318925857543945,0.0678410530090332,1242978.9376761578,215675,84325,20,9.0,lightgbm_holdout_attack_top20_seed3141.json,0.9095037301329874,0.9991007346827969,0.9521992238033635,58937.0,0.0,0.0,0.0,0.0,0.0,0.0,0.0,0.0,0.0,0.0,0.0,2399.0,0.0,0.0,0.0,0.0,0.0,0.0,0.0,18042.0,0.0,0.0,0.0,4947.0,0.0,0.0,0.0,0.0,0.0,0.0,0.0,0.0,,,,,,,,
lightgbm,holdout_attack,42,top20,,False,0.10984897211176176,0.690987486797013,0.9726199142602928,0.9472585473452024,0.0002545090520386175,,0.25488960942909,7.413071155548096,0.1902461051940918,443241.6627608246,215675,84325,20,9.0,lightgbm_holdout_attack_top20_seed42.json,0.9777799903752012,0.9997454909479614,0.9886407490058559,58937.0,0.0,0.0,0.0,0.0,0.0,0.0,0.0,0.0,0.0,0.0,0.0,2399.0,0.0,0.0,0.0,0.0,0.0,0.0,0.0,18042.0,0.0,0.0,0.0,4947.0,0.0,0.0,0.0,0.0,0.0,0.0,0.0,0.0,,,,,,,,
lightgbm,holdout_attack,4242,top20,,False,0.10591796045575924,0.6662600832307114,0.8721707932852018,0.7756026469198046,0.0012725452601930875,,0.26765148355203855,6.985022306442261,0.14554119110107422,579389.2393077825,215675,84325,20,9.0,lightgbm_holdout_attack_top20_seed4242.json,0.911755138710327,0.998727454739807,0.9532616441018332,58937.0,0.0,0.0,0.0,0.0,0.0,0.0,0.0,0.0,0.0,0.0,0.0,2399.0,0.0,0.0,0.0,0.0,0.0,0.0,0.0,18042.0,0.0,0.0,0.0,4947.0,0.0,0.0,0.0,0.0,0.0,0.0,0.0,0.0,,,,,,,,
lightgbm,holdout_attack,456,top20,,False,0.10559516001275944,0.664229558387762,0.8621153070823814,0.7580352922640617,0.00022057451176680183,,0.27634956487955054,7.582617282867432,0.1597001552581787,528020.7765839443,215675,84325,20,9.0,lightgbm_holdout_attack_top20_seed456.json,0.9055896230039805,0.9997794254882332,0.950356440114835,58937.0,0.0,0.0,0.0,0.0,0.0,0.0,0.0,0.0,0.0,0.0,0.0,2399.0,0.0,0.0,0.0,0.0,0.0,0.0,0.0,18042.0,0.0,0.0,0.0,4947.0,0.0,0.0,0.0,0.0,0.0,0.0,0.0,0.0,,,,,,,,
lightgbm,holdout_attack,5555,top20,,False,0.11770292642742317,0.6581258108369322,0.8326569915399958,0.7152591775642035,0.0011877089095135485,,0.22999784877358198,11.165645837783813,0.3195035457611084,263925.0835201982,215675,84325,20,9.0,lightgbm_holdout_attack_top20_seed5555.json,0.8906287823771484,0.9988122910904864,0.9416234114193853,58937.0,0.0,0.0,0.0,0.0,0.0,0.0,0.0,0.0,0.0,0.0,0.0,2399.0,0.0,0.0,0.0,0.0,0.0,0.0,0.0,18042.0,0.0,0.0,0.0,4947.0,0.0,0.0,0.0,0.0,0.0,0.0,0.0,0.0,,,,,,,,
lightgbm,holdout_attack,6789,top20,,False,0.12303962548068885,0.6879655055516498,0.9617377116051397,0.9286670868126674,0.0011028725588340092,,0.2743711248803217,9.249886274337769,0.3166844844818115,266274.4912747474,215675,84325,20,9.0,lightgbm_holdout_attack_top20_seed6789.json,0.9701563864673797,0.998897127441166,0.9843170038455108,58937.0,0.0,0.0,0.0,0.0,0.0,0.0,0.0,0.0,0.0,0.0,0.0,2399.0,0.0,0.0,0.0,0.0,0.0,0.0,0.0,18042.0,0.0,0.0,0.0,4947.0,0.0,0.0,0.0,0.0,0.0,0.0,0.0,0.0,,,,,,,,
lightgbm,holdout_attack,789,top20,,False,0.12349256036052669,0.6904980520574787,0.9709644177729284,0.946391996218686,0.0012895125303289954,,0.27140077408334945,10.215239763259888,0.2434844970703125,346325.9509932945,215675,84325,20,9.0,lightgbm_holdout_attack_top20_seed789.json,0.97740028560991,0.9987104874696711,0.9879404828842135,58937.0,0.0,0.0,0.0,0.0,0.0,0.0,0.0,0.0,0.0,0.0,0.0,2399.0,0.0,0.0,0.0,0.0,0.0,0.0,0.0,18042.0,0.0,0.0,0.0,4947.0,0.0,0.0,0.0,0.0,0.0,0.0,0.0,0.0,,,,,,,,
lightgbm,holdout_attack,1011,top20_stable,,False,0.10983929166281763,0.6909265934726753,0.972505194359833,0.9494643138490626,0.0013573816108726267,,0.2559574531775756,12.230678081512451,0.500199556350708,168582.716496607,215675,84325,20,9.0,lightgbm_holdout_attack_top20_stable_seed1011.json,0.9786664449617559,0.9986426183891274,0.9885536249653586,58937.0,0.0,0.0,0.0,0.0,0.0,0.0,0.0,0.0,0.0,0.0,0.0,2399.0,0.0,0.0,0.0,0.0,0.0,0.0,0.0,18042.0,0.0,0.0,0.0,4947.0,0.0,0.0,0.0,0.0,0.0,0.0,0.0,0.0,,,,,,,,
lightgbm,holdout_attack,123,top20_stable,,False,0.10884998946165708,0.6847035453319318,0.949519131547447,0.9060973688356704,0.0010519707484262857,,0.2771434163393473,10.068984508514404,0.3231499195098877,260946.99366750062,215675,84325,20,9.0,lightgbm_holdout_attack_top20_stable_seed123.json,0.9610832693971498,0.9989480292515737,0.9796499051549137,58937.0,0.0,0.0,0.0,0.0,0.0,0.0,0.0,0.0,0.0,0.0,0.0,2399.0,0.0,0.0,0.0,0.0,0.0,0.0,0.0,18042.0,0.0,0.0,0.0,4947.0,0.0,0.0,0.0,0.0,0.0,0.0,0.0,0.0,,,,,,,,
lightgbm,holdout_attack,2026,top20_stable,,False,0.12307618314736438,0.6881699146071713,0.9625224050839172,0.9306759098786829,0.0013573816108726267,,0.27321069721334473,11.194545984268188,0.34914612770080566,241517.78670809363,215675,84325,20,9.0,lightgbm_holdout_attack_top20_stable_seed2026.json,0.9709652407740403,0.9986426183891274,0.984609465178915,58937.0,0.0,0.0,0.0,0.0,0.0,0.0,0.0,0.0,0.0,0.0,0.0,2399.0,0.0,0.0,0.0,0.0,0.0,0.0,0.0,18042.0,0.0,0.0,0.0,4947.0,0.0,0.0,0.0,0.0,0.0,0.0,0.0,0.0,,,,,,,,
lightgbm,holdout_attack,3141,top20_stable,,False,0.12383067600164735,0.6923885966447996,0.9775925590384732,0.9563179454860564,6.786908054363133e-05,,0.27155377167642436,10.040542364120483,0.2551305294036865,330517.0894172947,215675,84325,20,9.0,lightgbm_holdout_attack_top20_stable_seed3141.json,0.9815295959495021,0.9999321309194563,0.9906454080131788,58937.0,0.0,0.0,0.0,0.0,0.0,0.0,0.0,0.0,0.0,0.0,0.0,2399.0,0.0,0.0,0.0,0.0,0.0,0.0,0.0,18042.0,0.0,0.0,0.0,4947.0,0.0,0.0,0.0,0.0,0.0,0.0,0.0,0.0,,,,,,,,
lightgbm,holdout_attack,42,top20_stable,,False,0.10599522325223658,0.6667460925627465,0.8740002215575495,0.7769024736095793,0.0003902472131258802,,0.2662964988708272,8.78199577331543,0.1454477310180664,579761.5363936189,215675,84325,20,9.0,lightgbm_holdout_attack_top20_stable_seed42.json,0.9122921118647217,0.9996097527868741,0.9539570092701292,58937.0,0.0,0.0,0.0,0.0,0.0,0.0,0.0,0.0,0.0,0.0,0.0,2399.0,0.0,0.0,0.0,0.0,0.0,0.0,0.0,18042.0,0.0,0.0,0.0,4947.0,0.0,0.0,0.0,0.0,0.0,0.0,0.0,0.0,,,,,,,,
lightgbm,holdout_attack,4242,top20_stable,,False,0.10980368003120664,0.6907025841683134,0.9717466271401779,0.9489916495982353,0.0017985306344062305,,0.2404941030235783,7.2528746128082275,0.21893095970153809,385167.08698923944,215675,84325,20,9.0,lightgbm_holdout_attack_top20_stable_seed4242.json,0.978461896683631,0.9982014693655937,0.9882331202808597,58937.0,0.0,0.0,0.0,0.0,0.0,0.0,0.0,0.0,0.0,0.0,0.0,2399.0,0.0,0.0,0.0,0.0,0.0,0.0,0.0,18042.0,0.0,0.0,0.0,4947.0,0.0,0.0,0.0,0.0,0.0,0.0,0.0,0.0,,,,,,,,
lightgbm,holdout_attack,456,top20_stable,,False,0.12331014623774725,0.6894780991463133,0.9671661211295668,0.9368993225145739,0.00022057451176680183,,0.26958096731096287,14.179924964904785,0.33095669746398926,254791.6408586209,215675,84325,20,9.0,lightgbm_holdout_attack_top20_stable_seed456.json,0.9735320358193174,0.9997794254882332,0.986481169901978,58937.0,0.0,0.0,0.0,0.0,0.0,0.0,0.0,0.0,0.0,0.0,0.0,2399.0,0.0,0.0,0.0,0.0,0.0,0.0,0.0,18042.0,0.0,0.0,0.0,4947.0,0.0,0.0,0.0,0.0,0.0,0.0,0.0,0.0,,,,,,,,
lightgbm,holdout_attack,5555,top20_stable,,False,0.10955830018840276,0.6891590612965911,0.9660944641950229,0.9365842130140224,0.0010010689380185623,,0.28159424140499273,5.968472242355347,0.1839914321899414,458309.3842812641,215675,84325,20,9.0,lightgbm_holdout_attack_top20_stable_seed5555.json,0.9733831503769342,0.9989989310619815,0.9860247016956248,58937.0,0.0,0.0,0.0,0.0,0.0,0.0,0.0,0.0,0.0,0.0,0.0,2399.0,0.0,0.0,0.0,0.0,0.0,0.0,0.0,18042.0,0.0,0.0,0.0,4947.0,0.0,0.0,0.0,0.0,0.0,0.0,0.0,0.0,,,,,,,,
lightgbm,holdout_attack,6789,top20_stable,,False,0.1080392313241901,0.6796036002251306,0.9293678730265793,0.8683630061446352,0.0001527054312231705,,0.2546519243144545,12.937735557556152,0.4680445194244385,180164.48542906932,215675,84325,20,9.0,lightgbm_holdout_attack_top20_stable_seed6789.json,0.9463304962261121,0.9998472945687769,0.972353081917711,58937.0,0.0,0.0,0.0,0.0,0.0,0.0,0.0,0.0,0.0,0.0,0.0,2399.0,0.0,0.0,0.0,0.0,0.0,0.0,0.0,18042.0,0.0,0.0,0.0,4947.0,0.0,0.0,0.0,0.0,0.0,0.0,0.0,0.0,,,,,,,,
lightgbm,holdout_attack,789,top20_stable,,False,0.10987114845938376,0.691126983584421,0.9732527693856999,0.9516700803529227,0.0017136942837266912,,0.2757931825264561,7.046278238296509,0.18219256401062012,462834.47657657776,215675,84325,20,9.0,lightgbm_holdout_attack_top20_stable_seed789.json,0.9795714499775235,0.9982863057162733,0.9888403361344538,58937.0,0.0,0.0,0.0,0.0,0.0,0.0,0.0,0.0,0.0,0.0,0.0,2399.0,0.0,0.0,0.0,0.0,0.0,0.0,0.0,18042.0,0.0,0.0,0.0,4947.0,0.0,0.0,0.0,0.0,0.0,0.0,0.0,0.0,,,,,,,,
lightgbm,holdout_attack,1011,top50,,False,0.109928899198225,0.6914902554214301,0.9745086984536082,0.953166850480542,0.0013064798004649033,,0.2685293467531448,21.056766271591187,0.43465185165405273,194005.84554995934,215675,84325,50,9.0,lightgbm_holdout_attack_top50_seed1011.json,0.9801995037386134,0.9986935201995351,0.989360092784025,58937.0,0.0,0.0,0.0,0.0,0.0,0.0,0.0,0.0,0.0,0.0,0.0,2399.0,0.0,0.0,0.0,0.0,0.0,0.0,0.0,18042.0,0.0,0.0,0.0,4947.0,0.0,0.0,0.0,0.0,0.0,0.0,0.0,0.0,,,,,,,,
lightgbm,holdout_attack,123,top50,,False,0.12377444797605233,0.6920742024656599,0.9765505590861556,0.9563179454860564,0.0009671343977467465,,0.27837337575133997,14.051019191741943,0.3075416088104248,274190.54067568376,215675,84325,50,9.0,lightgbm_holdout_attack_top50_seed123.json,0.9815132774341963,0.9990328656022532,0.9901955838084187,58937.0,0.0,0.0,0.0,0.0,0.0,0.0,0.0,0.0,0.0,0.0,0.0,2399.0,0.0,0.0,0.0,0.0,0.0,0.0,0.0,18042.0,0.0,0.0,0.0,4947.0,0.0,0.0,0.0,0.0,0.0,0.0,0.0,0.0,,,,,,,,
lightgbm,holdout_attack,2026,top50,,False,0.12363574495257139,0.6912986564145579,0.9738257873420783,0.9518276351031983,0.0012895125303289954,,0.2674980120022224,11.587391138076782,0.36593031883239746,230440.04735399457,215675,84325,50,9.0,lightgbm_holdout_attack_top50_seed2026.json,0.9796451634378537,0.9987104874696711,0.9890859596205711,58937.0,0.0,0.0,0.0,0.0,0.0,0.0,0.0,0.0,0.0,0.0,0.0,2399.0,0.0,0.0,0.0,0.0,0.0,0.0,0.0,18042.0,0.0,0.0,0.0,4947.0,0.0,0.0,0.0,0.0,0.0,0.0,0.0,0.0,,,,,,,,
lightgbm,holdout_attack,3141,top50,,False,0.10615972869631012,0.6677808878929127,0.8786400264929904,0.7837954939341422,0.00013573816108726266,,0.2869904486432621,6.879709482192993,0.07493305206298828,1125337.8539701933,215675,84325,50,9.0,lightgbm_holdout_attack_top50_seed3141.json,0.9147908969542674,0.9998642618389127,0.955437558266791,58937.0,0.0,0.0,0.0,0.0,0.0,0.0,0.0,0.0,0.0,0.0,0.0,2399.0,0.0,0.0,0.0,0.0,0.0,0.0,0.0,18042.0,0.0,0.0,0.0,4947.0,0.0,0.0,0.0,0.0,0.0,0.0,0.0,0.0,,,,,,,,
lightgbm,holdout_attack,42,top50,,False,0.11000869054653363,0.6919921702065754,0.9761986335879401,0.9539546242319206,0.000203607241630894,,0.27185130548876973,10.681745052337646,0.14353036880493164,587506.3284663046,215675,84325,50,9.0,lightgbm_holdout_attack_top50_seed42.json,0.9805471428095983,0.9997963927583691,0.9900782149188027,58937.0,0.0,0.0,0.0,0.0,0.0,0.0,0.0,0.0,0.0,0.0,0.0,2399.0,0.0,0.0,0.0,0.0,0.0,0.0,0.0,18042.0,0.0,0.0,0.0,4947.0,0.0,0.0,0.0,0.0,0.0,0.0,0.0,0.0,,,,,,,,
lightgbm,holdout_attack,4242,top50,,False,0.10988173949083292,0.691193604783172,0.9734577480400654,0.9512761934772334,0.0013573816108726267,,0.26927230542195146,15.400031566619873,0.48802685737609863,172787.6216759415,215675,84325,50,9.0,lightgbm_holdout_attack_top50_seed4242.json,0.979415582254468,0.9986426183891274,0.9889356554174963,58937.0,0.0,0.0,0.0,0.0,0.0,0.0,0.0,0.0,0.0,0.0,0.0,2399.0,0.0,0.0,0.0,0.0,0.0,0.0,0.0,18042.0,0.0,0.0,0.0,4947.0,0.0,0.0,0.0,0.0,0.0,0.0,0.0,0.0,,,,,,,,
lightgbm,holdout_attack,456,top50,,False,0.10996815586737241,0.6917371932546451,0.9752839820027036,0.9519851898534741,0.000101803620815447,,0.2740285338808534,9.113564252853394,0.1939091682434082,434868.5560558407,215675,84325,50,9.0,lightgbm_holdout_attack_top50_seed456.json,0.9797339983374896,0.9998981963791845,0.9897134028063517,58937.0,0.0,0.0,0.0,0.0,0.0,0.0,0.0,0.0,0.0,0.0,0.0,2399.0,0.0,0.0,0.0,0.0,0.0,0.0,0.0,18042.0,0.0,0.0,0.0,4947.0,0.0,0.0,0.0,0.0,0.0,0.0,0.0,0.0,,,,,,,,
lightgbm,holdout_attack,5555,top50,,False,0.10986390845513848,0.6910814414892911,0.9730111629221422,0.9493067590987868,0.0008483635067953917,,0.2719604047827656,11.08949589729309,0.29358649253845215,287223.70457474515,215675,84325,50,9.0,lightgbm_holdout_attack_top50_seed5555.json,0.9786120251271313,0.9991516364932046,0.9887751760962463,58937.0,0.0,0.0,0.0,0.0,0.0,0.0,0.0,0.0,0.0,0.0,0.0,2399.0,0.0,0.0,0.0,0.0,0.0,0.0,0.0,18042.0,0.0,0.0,0.0,4947.0,0.0,0.0,0.0,0.0,0.0,0.0,0.0,0.0,,,,,,,,
lightgbm,holdout_attack,6789,top50,,False,0.10988326093122545,0.6912031751619652,0.9734473992171422,0.9501733102253033,0.0008653307769312996,,0.28002312051143424,12.128043174743652,0.3329319953918457,253279.95256434678,215675,84325,50,9.0,lightgbm_holdout_attack_top50_seed6789.json,0.9789695931904706,0.9991346692230687,0.9889493483810291,58937.0,0.0,0.0,0.0,0.0,0.0,0.0,0.0,0.0,0.0,0.0,0.0,2399.0,0.0,0.0,0.0,0.0,0.0,0.0,0.0,18042.0,0.0,0.0,0.0,4947.0,0.0,0.0,0.0,0.0,0.0,0.0,0.0,0.0,,,,,,,,
lightgbm,holdout_attack,789,top50,,False,0.10994448974559434,0.6915883252798677,0.9748656752460105,0.9540727902946274,0.0014082834212803502,,0.2759195505123907,9.351335763931274,0.1676480770111084,502988.17322200845,215675,84325,50,9.0,lightgbm_holdout_attack_top50_seed789.json,0.9805731422859048,0.9985917165787197,0.9895004077103491,58937.0,0.0,0.0,0.0,0.0,0.0,0.0,0.0,0.0,0.0,0.0,0.0,2399.0,0.0,0.0,0.0,0.0,0.0,0.0,0.0,18042.0,0.0,0.0,0.0,4947.0,0.0,0.0,0.0,0.0,0.0,0.0,0.0,0.0,,,,,,,,
lightgbm,random,1011,full,,False,0.9972699275918782,0.9994332960582125,0.999807803190467,0.9996980096087852,0.00012725344644750795,0.9999993045367805,0.9999352881589808,24.96711277961731,0.42418527603149414,141447.62534271754,240000,60000,89,9.0,lightgbm_random_full_seed1011.json,0.9995335623118348,0.9998727465535525,0.999703125662666,23575.0,0.9988497483824587,0.9997121888041445,0.9992807825086306,6949.0,1.0,0.9824561403508771,0.9911504424778761,57.0,0.9917355371900827,1.0,0.995850622406639,480.0,0.9989847715736041,0.9949443882709808,0.9969604863221885,989.0,0.9994447529150472,0.9977827050997783,0.9986130374479889,3608.0,0.9989868287740629,0.9969666329625885,0.9979757085020243,989.0,0.9998670271707815,0.9995568947181851,0.9997119368920206,22568.0,0.9949174078780177,0.9974522292993631,0.9961832061068703,785.0,,,,,,,,
lightgbm,random,123,full,,False,0.9948647244634924,0.9993004320487556,0.9998490068770505,0.9998627316403569,0.0002545068928950159,0.9997031115719507,0.9916352061202862,13.872150659561157,0.16440248489379883,364957.9873367423,240000,60000,89,9.0,lightgbm_random_full_seed123.json,0.9997879019258505,0.999745493107105,0.9997666970667458,23575.0,0.9981297655013667,0.9984170384227946,0.998273381294964,6949.0,0.9491525423728814,0.9824561403508771,0.9655172413793104,57.0,1.0,0.9979166666666667,0.9989572471324296,480.0,0.998989898989899,1.0,0.9994946942900454,989.0,0.9972229936128854,0.9952882483370288,0.9962546816479401,3608.0,0.9959636730575177,0.9979777553083923,0.996969696969697,989.0,0.9997784669915818,0.9998670684154555,0.9998227657406177,22568.0,0.9987261146496815,0.9987261146496815,0.9987261146496815,785.0,,,,,,,,
lightgbm,random,2026,full,,False,0.9985865535083767,0.9995167234347194,0.999739129240866,0.9995058339052848,4.241781548250265e-05,0.9998846264741742,0.9996712067769791,20.338889122009277,0.31859540939331055,188326.63067636717,240000,60000,89,9.0,lightgbm_random_full_seed2026.json,0.9992370295015259,0.9999575821845175,0.9995971759916891,23575.0,0.9992806790389872,0.9995682832062167,0.9994244604316547,6949.0,0.9827586206896551,1.0,0.991304347826087,57.0,1.0,1.0,1.0,480.0,0.9989888776541962,0.9989888776541962,0.9989888776541962,989.0,0.9991680532445923,0.9986141906873615,0.9988910451899086,3608.0,1.0,0.9989888776541962,0.9994941831057157,989.0,0.999955656068467,0.9992024104927331,0.9995788913761386,22568.0,1.0,1.0,1.0,785.0,,,,,,,,
lightgbm,random,3141,full,,False,0.9978121307832253,0.9993833274070231,0.999807803190467,0.9996980096087852,0.00012725344644750795,0.9998840763917506,0.9984168009533051,18.364145755767822,0.3195512294769287,187763.32076147414,240000,60000,89,9.0,lightgbm_random_full_seed3141.json,0.9995335623118348,0.9998727465535525,0.999703125662666,23575.0,0.9984181765890136,0.9991365664124334,0.9987772423218011,6949.0,0.9827586206896551,1.0,0.991304347826087,57.0,1.0,1.0,1.0,480.0,0.9979716024340771,0.9949443882709808,0.9964556962025316,989.0,0.9983351831298557,0.9972283813747228,0.9977814753189129,3608.0,0.9989878542510121,0.9979777553083923,0.9984825493171472,989.0,0.999911343587925,0.9995125841900036,0.9997119241252466,22568.0,0.9961928934010152,1.0,0.9980928162746344,785.0,,,,,,,,
lightgbm,random,42,full,,False,0.9969685231168111,0.9992001069439183,0.9997254180510173,0.9995607412491421,0.0001696712619300106,0.9995615414130677,0.9965212611956975,14.589054346084595,0.24664592742919922,243263.69636580866,240000,60000,89,9.0,lightgbm_random_full_seed42.json,0.999321660236571,0.99983032873807,0.9995759297739706,23575.0,0.998561978717285,0.9992804720103612,0.9989210961662951,6949.0,0.9827586206896551,1.0,0.991304347826087,57.0,1.0,0.9979166666666667,0.9989572471324296,480.0,0.9919517102615694,0.9969666329625885,0.994452849218356,989.0,0.998611882287618,0.9969512195121951,0.9977808599167822,3608.0,0.9949545913218971,0.9969666329625885,0.9959595959595959,989.0,0.9998669976946267,0.9993353420772776,0.999601099193334,22568.0,1.0,0.9923566878980892,0.9961636828644501,785.0,,,,,,,,
lightgbm,random,4242,full,,False,0.9983389149011743,0.9996333971061937,0.9998901762670913,0.9998078242964996,4.241781548250265e-05,0.9998867100174399,0.9979388994184978,22.668598175048828,0.3774855136871338,158946.49681770036,240000,60000,89,9.0,lightgbm_random_full_seed4242.json,0.9997031508417794,0.9999575821845175,0.9998303503265756,23575.0,0.9992804720103612,0.9992804720103612,0.9992804720103612,6949.0,0.9827586206896551,1.0,0.991304347826087,57.0,1.0,1.0,1.0,480.0,1.0,0.9979777553083923,0.9989878542510121,989.0,0.9986141906873615,0.9986141906873615,0.9986141906873615,3608.0,0.9989878542510121,0.9979777553083923,0.9984825493171472,989.0,0.9999556776881482,0.9996898263027295,0.9998227343230667,22568.0,0.9974587039390089,1.0,0.9987277353689568,785.0,,,,,,,,
lightgbm,random,456,full,,False,0.9991676314317373,0.9993998939640163,0.9997666533979384,0.9998078242964996,0.0004241781548250265,0.9999995789711369,0.9999958563684065,18.359647035598755,0.3112359046936035,192779.81458812425,240000,60000,89,9.0,lightgbm_random_full_seed456.json,0.9997030375021212,0.999575821845175,0.9996394256262329,23575.0,0.9979885057471264,0.9995682832062167,0.9987777697893451,6949.0,1.0,1.0,1.0,57.0,0.997920997920998,1.0,0.9989594172736732,480.0,1.0,0.9979777553083923,0.9989878542510121,989.0,0.9991659716430359,0.996119733924612,0.9976405274115198,3608.0,0.998989898989899,1.0,0.9994946942900454,989.0,0.9996012405848471,0.9996898263027295,0.9996455314812354,22568.0,0.9987277353689568,1.0,0.9993634627625716,785.0,,,,,,,,
lightgbm,random,5555,full,,False,0.9986854080319595,0.9992501975022021,0.9997117245734211,0.9996705559368566,0.00038176033934252384,0.999883291443758,0.998265075633368,16.58733558654785,0.1540846824645996,389396.2660031751,240000,60000,89,9.0,lightgbm_random_full_seed5555.json,0.9994910509797269,0.9996182396606574,0.9995546412741501,23575.0,0.9988484237800489,0.9985609440207224,0.9987046632124352,6949.0,1.0,1.0,1.0,57.0,1.0,1.0,1.0,480.0,0.997979797979798,0.9989888776541962,0.9984840828701365,989.0,0.9972268441486412,0.9966740576496674,0.9969503742722484,3608.0,0.9919678714859438,0.9989888776541962,0.9954659949622167,989.0,0.999822695035461,0.999468273661822,0.999645452933877,22568.0,0.9987277353689568,1.0,0.9993634627625716,785.0,,,,,,,,
lightgbm,random,6789,full,,False,0.992257384921444,0.9987528183464505,0.9993686868686869,0.9995607412491421,0.0012725344644750796,0.9979475690211882,0.9900390998282358,14.882528305053711,0.17309165000915527,346637.171676545,240000,60000,89,9.0,lightgbm_random_full_seed6789.json,0.9993209116760748,0.9987274655355249,0.9990241004752206,23575.0,0.9991356957649092,0.9981292272269391,0.9986322079043986,6949.0,0.9333333333333333,0.9824561403508771,0.9572649572649573,57.0,0.9958419958419958,0.9979166666666667,0.9968782518210197,480.0,0.9959555106167847,0.9959555106167847,0.9959555106167847,989.0,0.996401882092444,0.9977827050997783,0.9970918155380141,3608.0,0.9791666666666666,0.9979777553083923,0.9884827240861291,989.0,0.9996897300651567,0.999379652605459,0.9995346672871103,22568.0,0.9974522292993631,0.9974522292993631,0.9974522292993631,785.0,,,,,,,,
lightgbm,random,789,full,,False,0.99568849171358,0.9992173096386707,0.9997254858899748,0.9998078242964996,0.0005514316012725345,0.9996323947590763,0.9921996871356321,19.379563331604004,0.1897597312927246,316189.31788770086,240000,60000,89,9.0,lightgbm_random_full_seed789.json,0.9997029997029997,0.9994485683987274,0.9995757678601731,23575.0,0.9978438982319966,0.9989926608145057,0.9984179490867252,6949.0,0.95,1.0,0.9743589743589743,57.0,1.0,1.0,1.0,480.0,0.9989847715736041,0.9949443882709808,0.9969604863221885,989.0,0.9980555555555556,0.9958425720620843,0.9969478357380688,3608.0,0.9929718875502008,1.0,0.9964735516372796,989.0,0.9997784277231233,0.9996898263027295,0.9997341250498516,22568.0,0.9974587039390089,1.0,0.9987277353689568,785.0,,,,,,,,
lightgbm,random,1011,top20,,False,0.9973633370356862,0.99949996315502,0.999807803190467,0.9996980096087852,0.00012725344644750795,0.9999996292749036,0.9999492583001705,16.94951844215393,0.34198546409606934,175446.05341221465,240000,60000,20,9.0,lightgbm_random_top20_seed1011.json,0.9995335623118348,0.9998727465535525,0.999703125662666,23575.0,0.999137311286844,1.0,0.9995684695051784,6949.0,1.0,0.9824561403508771,0.9911504424778761,57.0,0.9917355371900827,1.0,0.995850622406639,480.0,0.9989858012170385,0.9959555106167847,0.9974683544303797,989.0,1.0,0.9983370288248337,0.9991678224687933,3608.0,0.9979757085020243,0.9969666329625885,0.9974709155285787,989.0,0.9998670271707815,0.9995568947181851,0.9997119368920206,22568.0,0.9961783439490446,0.9961783439490446,0.9961783439490446,785.0,,,,,,,,
lightgbm,random,123,top20,,False,0.9991685598228115,0.9996000505048701,0.9998627391769841,0.9999176389842142,0.00029692470837751854,0.9999997388144855,0.9999953314963356,15.126706838607788,0.4025118350982666,149063.93990962277,240000,60000,20,9.0,lightgbm_random_top20_seed123.json,0.9998727249586357,0.9997030752916225,0.9997878929283502,23575.0,0.9994242118900245,0.9991365664124334,0.9992803684513529,6949.0,1.0,1.0,1.0,57.0,1.0,0.9979166666666667,0.9989572471324296,480.0,0.9969758064516129,1.0,0.9984856133266027,989.0,0.9977851605758582,0.9988913525498891,0.9983379501385041,3608.0,0.9989878542510121,0.9979777553083923,0.9984825493171472,989.0,0.9997784669915818,0.9998670684154555,0.9998227657406177,22568.0,1.0,0.9987261146496815,0.9993626513702996,785.0,,,,,,,,
lightgbm,random,2026,top20,,False,0.9994955284895196,0.9994666945300357,0.9996705016612208,0.9995058339052848,0.0002545068928950159,0.9999981228787903,0.999955279637128,12.742268562316895,0.33519434928894043,179000.6309094414,240000,60000,20,9.0,lightgbm_random_top20_seed2026.json,0.9992368677661424,0.999745493107105,0.9994911157287647,23575.0,0.9992806790389872,0.9995682832062167,0.9994244604316547,6949.0,1.0,1.0,1.0,57.0,1.0,1.0,1.0,480.0,0.9969758064516129,1.0,0.9984856133266027,989.0,0.9991682838924314,0.9988913525498891,0.999029799029799,3608.0,1.0,0.9989888776541962,0.9994941831057157,989.0,0.9998669800026604,0.9992024104927331,0.9995345847831387,22568.0,1.0,1.0,1.0,785.0,,,,,,,,
lightgbm,random,3141,top20,,False,0.9975711306908361,0.9993166391796536,0.9997803465033909,0.9996705559368566,0.0001696712619300106,0.9998802963721936,0.9979498898490954,10.967628955841064,0.1863996982574463,321888.9330879221,240000,60000,20,9.0,lightgbm_random_top20_seed3141.json,0.999491158885638,0.99983032873807,0.9996607150430468,23575.0,0.9979882166978014,0.999424377608289,0.9987057808455565,6949.0,0.9827586206896551,1.0,0.991304347826087,57.0,1.0,1.0,1.0,480.0,0.9969604863221885,0.9949443882709808,0.9959514170040485,989.0,0.9988882712618121,0.996119733924612,0.9975020815986678,3608.0,0.9989878542510121,0.9979777553083923,0.9984825493171472,989.0,0.999911343587925,0.9995125841900036,0.9997119241252466,22568.0,0.9949238578680203,0.9987261146496815,0.9968213604577241,785.0,,,,,,,,
lightgbm,random,42,top20,,False,0.9977346803628043,0.9993666992018347,0.9997254406677283,0.9996431022649279,0.00029692470837751854,0.9999731367301133,0.9978412374196323,15.434223890304565,0.3425471782684326,175158.3542544373,240000,60000,20,9.0,lightgbm_random_top20_seed42.json,0.9994487087061618,0.9997030752916225,0.999575875816439,23575.0,0.9984193131197011,0.9998560944020722,0.999137187230371,6949.0,0.9827586206896551,1.0,0.991304347826087,57.0,1.0,1.0,1.0,480.0,0.9979757085020243,0.9969666329625885,0.9974709155285787,989.0,0.999722145040289,0.9972283813747228,0.998473706119051,3608.0,0.9989878542510121,0.9979777553083923,0.9984825493171472,989.0,0.999778378617969,0.999468273661822,0.9996233020895655,22568.0,0.9949109414758269,0.9961783439490446,0.9955442393380013,785.0,,,,,,,,
lightgbm,random,4242,top20,,False,0.997107874785069,0.9995166828736622,0.9998489985860777,0.9998078242964996,0.0001696712619300106,0.9998871775453606,0.9996444311024033,8.458500385284424,0.18243050575256348,328892.3623408685,240000,60000,20,9.0,lightgbm_random_top20_seed4242.json,0.9997031130715074,0.99983032873807,0.9997667168578882,23575.0,0.9987057808455565,0.999424377608289,0.999064950010789,6949.0,0.9824561403508771,0.9824561403508771,0.9824561403508771,57.0,1.0,1.0,1.0,480.0,1.0,0.9979777553083923,0.9989878542510121,989.0,0.9988898140438524,0.9975055432372506,0.9981971987241715,3608.0,0.9959636730575177,0.9979777553083923,0.996969696969697,989.0,0.9999113593050569,0.9996898263027295,0.9998005805322284,22568.0,0.9974587039390089,1.0,0.9987277353689568,785.0,,,,,,,,
lightgbm,random,456,top20,,False,0.9980302271621669,0.9989171717946301,0.9994922255616397,0.9997254632807138,0.0011452810180275716,0.9998616452749649,0.9935018395894326,13.375399112701416,0.22146248817443848,270926.2435123552,240000,60000,20,9.0,lightgbm_random_top20_seed456.json,0.9995755157483658,0.9988547189819724,0.9992149873761483,23575.0,0.9968399885090491,0.9987048496186501,0.9977715476960679,6949.0,1.0,1.0,1.0,57.0,0.997920997920998,1.0,0.9989594172736732,480.0,0.986986986986987,0.9969666329625885,0.9919517102615694,989.0,0.9980539338337503,0.9950110864745011,0.9965301873698821,3608.0,0.998989898989899,1.0,0.9994946942900454,989.0,0.9995569536130433,0.9996898263027295,0.9996233855424356,22568.0,0.9987261146496815,0.9987261146496815,0.9987261146496815,785.0,,,,,,,,
lightgbm,random,5555,top20,,False,0.9993513795241693,0.9994499873412923,0.9997528898163147,0.9996431022649279,0.00021208907741251324,0.9997703582513198,0.998861408683686,8.143092632293701,0.20023250579833984,299651.64627379633,240000,60000,20,9.0,lightgbm_random_top20_seed5555.json,0.9994487554594411,0.9997879109225875,0.9996183044234276,23575.0,0.9988490864623795,0.9991365664124334,0.9989928057553957,6949.0,1.0,1.0,1.0,57.0,1.0,1.0,1.0,480.0,1.0,0.9989888776541962,0.9994941831057157,989.0,0.9983361064891847,0.9977827050997783,0.9980593290823399,3608.0,0.9989888776541962,0.9989888776541962,0.9989888776541962,989.0,0.999822695035461,0.999468273661822,0.999645452933877,22568.0,0.9987277353689568,1.0,0.9993634627625716,785.0,,,,,,,,
lightgbm,random,6789,top20,,False,0.9932664780539893,0.9989677757279823,0.9995195013797175,0.9993960192175704,0.0005514316012725345,0.9978920822653099,0.9912620040624276,13.359779119491577,0.2231297492980957,268901.83935016894,240000,60000,20,9.0,lightgbm_random_top20_seed6789.json,0.9990671641791045,0.9994485683987274,0.9992578298946119,23575.0,0.9988480921526278,0.9982731328248668,0.9985605297250612,6949.0,0.9333333333333333,0.9824561403508771,0.9572649572649573,57.0,1.0,0.9979166666666667,0.9989572471324296,480.0,0.9969666329625885,0.9969666329625885,0.9969666329625885,989.0,0.9975034674063801,0.9966740576496674,0.9970885900457507,3608.0,0.9929506545820745,0.9969666329625885,0.9949545913218971,989.0,0.9996897300651567,0.999379652605459,0.9995346672871103,22568.0,0.9974489795918368,0.9961783439490446,0.9968132568514978,785.0,,,,,,,,
lightgbm,random,789,top20,,False,0.9974694032185517,0.9994502174537502,0.9998352734460795,0.9998078242964996,0.00021208907741251324,0.9997725845661536,0.9960028593675297,11.531694173812866,0.28600096702575684,209789.50044807536,240000,60000,20,9.0,lightgbm_random_top20_seed789.json,0.9997031004792807,0.9997879109225875,0.9997455039022735,23575.0,0.998274374460742,0.9989926608145057,0.9986333884773071,6949.0,0.9661016949152542,1.0,0.9827586206896551,57.0,1.0,1.0,1.0,480.0,1.0,0.9979777553083923,0.9989878542510121,989.0,0.9980571745767416,0.9966740576496674,0.9973651365968659,3608.0,1.0,1.0,1.0,989.0,0.9997784277231233,0.9996898263027295,0.9997341250498516,22568.0,1.0,1.0,1.0,785.0,,,,,,,,
lightgbm,random,1011,top20_stable,,False,0.9973366334452225,0.9994834524202914,0.9997940833276134,0.9997254632807138,0.00021208907741251324,0.9999927156991948,0.9991442709068205,14.492404699325562,0.36479997634887695,164473.6948738695,240000,60000,20,9.0,lightgbm_random_top20_stable_seed1011.json,0.9995759117896522,0.9997879109225875,0.9996819001166366,23575.0,0.9992808859485114,0.9998560944020722,0.9995684074233924,6949.0,0.9827586206896551,1.0,0.991304347826087,57.0,0.9917355371900827,1.0,0.995850622406639,480.0,0.9989847715736041,0.9949443882709808,0.9969604863221885,989.0,0.9997225305216426,0.9986141906873615,0.9991680532445923,3608.0,0.9969666329625885,0.9969666329625885,0.9969666329625885,989.0,0.9998670271707815,0.9995568947181851,0.9997119368920206,22568.0,0.9961832061068703,0.9974522292993631,0.9968173138128581,785.0,,,,,,,,
lightgbm,random,123,top20_stable,,False,0.9972217148554533,0.9995336303126349,0.9998490151671128,0.9999176389842142,0.0003393425238600212,0.9998522257305839,0.9983420979310303,17.561352252960205,0.3750753402709961,159967.86127461575,240000,60000,20,9.0,lightgbm_random_top20_stable_seed123.json,0.9998727195587611,0.99966065747614,0.9997666772722452,23575.0,0.9989928057553957,0.9991365664124334,0.9990646809122958,6949.0,0.9661016949152542,1.0,0.9827586206896551,57.0,1.0,0.9979166666666667,0.9989572471324296,480.0,0.9979818365287588,1.0,0.998989898989899,989.0,0.99778331947908,0.998059866962306,0.9979215740612443,3608.0,1.0,0.9979777553083923,0.9989878542510121,989.0,0.9997784669915818,0.9998670684154555,0.9998227657406177,22568.0,0.9987261146496815,0.9987261146496815,0.9987261146496815,785.0,,,,,,,,
lightgbm,random,2026,top20_stable,,False,0.9985641385958866,0.9994834163293992,0.9996979515624141,0.9995058339052848,0.0001696712619300106,0.9998846662845909,0.9993418494121773,13.940599918365479,0.3511216640472412,170880.93998075658,240000,60000,20,9.0,lightgbm_random_top20_stable_seed2026.json,0.9992369324685234,0.99983032873807,0.99953354253244,23575.0,0.9992806790389872,0.9995682832062167,0.9994244604316547,6949.0,0.9827586206896551,1.0,0.991304347826087,57.0,1.0,1.0,1.0,480.0,0.9989888776541962,0.9989888776541962,0.9989888776541962,989.0,0.998614574674425,0.9988913525498891,0.9987529444367466,3608.0,1.0,0.9989888776541962,0.9994941831057157,989.0,0.999955656068467,0.9992024104927331,0.9995788913761386,22568.0,1.0,1.0,1.0,785.0,,,,,,,,
lightgbm,random,3141,top20_stable,,False,0.9986980106558422,0.9994499732792709,0.999807803190467,0.9996980096087852,0.00012725344644750795,0.9999974675934511,0.9999909184326552,13.36572790145874,0.2960035800933838,202700.25106139286,240000,60000,20,9.0,lightgbm_random_top20_stable_seed3141.json,0.9995335623118348,0.9998727465535525,0.999703125662666,23575.0,0.9988494175176182,0.999424377608289,0.9991368148467846,6949.0,1.0,1.0,1.0,57.0,1.0,1.0,1.0,480.0,0.9989837398373984,0.993933265925177,0.9964521033958439,989.0,0.9988904299583912,0.998059866962306,0.9984749757382504,3608.0,0.9979777553083923,0.9979777553083923,0.9979777553083923,989.0,0.999911343587925,0.9995125841900036,0.9997119241252466,22568.0,0.9936708860759493,1.0,0.9968253968253968,785.0,,,,,,,,
lightgbm,random,42,top20_stable,,False,0.9982104487351778,0.9992499541380809,0.9997116929117643,0.9995607412491421,0.00021208907741251324,0.9997406167515871,0.9989995301595407,11.919032096862793,0.15685153007507324,382527.3490879077,240000,60000,20,9.0,lightgbm_random_top20_stable_seed42.json,0.9993216314762995,0.9997879109225875,0.9995547168211022,23575.0,0.9984188587034641,0.9995682832062167,0.998993240327916,6949.0,1.0,1.0,1.0,57.0,1.0,1.0,1.0,480.0,0.9939516129032258,0.9969666329625885,0.9954568399798082,989.0,0.9988891974451541,0.9969512195121951,0.997919267582189,3608.0,0.9979757085020243,0.9969666329625885,0.9974709155285787,989.0,0.9998669976946267,0.9993353420772776,0.999601099193334,22568.0,0.9961685823754789,0.9936305732484076,0.9948979591836735,785.0,,,,,,,,
lightgbm,random,4242,top20_stable,,False,0.996424653948286,0.9994999857426115,0.9997529169526425,0.9997529169526425,0.00038176033934252384,0.9956638191485898,0.9931668416216708,17.061737775802612,0.42093467712402344,142539.93139729305,240000,60000,20,9.0,lightgbm_random_top20_stable_seed4242.json,0.9996182396606574,0.9996182396606574,0.9996182396606574,23575.0,0.9998560529725061,0.9995682832062167,0.9997121473805411,6949.0,1.0,0.9649122807017544,0.9821428571428571,57.0,1.0,1.0,1.0,480.0,0.9969666329625885,0.9969666329625885,0.9969666329625885,989.0,0.999169205206314,1.0,0.999584429976451,3608.0,0.9909638554216867,0.9979777553083923,0.9944584382871536,989.0,0.9999113593050569,0.9996898263027295,0.9998005805322284,22568.0,0.9961734693877551,0.9949044585987261,0.9955385595920969,785.0,,,,,,,,
lightgbm,random,456,top20_stable,,False,0.9962662149078313,0.9993839404048601,0.9997391793759524,0.9996980096087852,0.0003393425238600212,0.9999559287568217,0.9928585826308401,11.834229946136475,0.28359222412109375,211571.3862957682,240000,60000,20,9.0,lightgbm_random_top20_stable_seed456.json,0.9995334633980829,0.99966065747614,0.9995970563908977,23575.0,0.9982748706152962,0.9992804720103612,0.998777418194894,6949.0,0.95,1.0,0.9743589743589743,57.0,0.997920997920998,1.0,0.9989594172736732,480.0,1.0,0.9979777553083923,0.9989878542510121,989.0,0.998611882287618,0.9969512195121951,0.9977808599167822,3608.0,0.998989898989899,1.0,0.9994946942900454,989.0,0.999911343587925,0.9995125841900036,0.9997119241252466,22568.0,0.9974587039390089,1.0,0.9987277353689568,785.0,,,,,,,,
lightgbm,random,5555,top20_stable,,False,0.9992616115602547,0.9994666954504767,0.9997666213637549,0.9996705559368566,0.00021208907741251324,0.9999981557307448,0.9999467211860728,10.975344896316528,0.10843086242675781,553347.9920491126,240000,60000,20,9.0,lightgbm_random_top20_stable_seed5555.json,0.9994911373081163,0.9997879109225875,0.9996395020887673,23575.0,0.9992801612438814,0.9988487552165779,0.99906441165887,6949.0,1.0,1.0,1.0,57.0,0.997920997920998,1.0,0.9989594172736732,480.0,1.0,0.9989888776541962,0.9994941831057157,989.0,0.9977845472168374,0.9986141906873615,0.9981991965646212,3608.0,0.9989888776541962,0.9989888776541962,0.9989888776541962,989.0,0.999822695035461,0.999468273661822,0.999645452933877,22568.0,0.9987277353689568,1.0,0.9993634627625716,785.0,,,,,,,,
lightgbm,random,6789,top20_stable,,False,0.9985868498221967,0.9992166701829824,0.999670474516696,0.999423472889499,0.00012725344644750795,0.9999948148053713,0.9999660118684468,23.242573261260986,0.34384775161743164,174495.83345467557,240000,60000,20,9.0,lightgbm_random_top20_stable_seed6789.json,0.9991099054804391,0.9998727465535525,0.9994911804613297,23575.0,0.9988487552165779,0.9988487552165779,0.9988487552165779,6949.0,1.0,1.0,1.0,57.0,0.9979166666666667,0.9979166666666667,0.9979166666666667,480.0,0.9979777553083923,0.9979777553083923,0.9979777553083923,989.0,0.9975062344139651,0.9977827050997783,0.9976444506027435,3608.0,0.9989878542510121,0.9979777553083923,0.9984825493171472,989.0,0.9998669623059867,0.9990694789081885,0.99946806152755,22568.0,0.9974522292993631,0.9974522292993631,0.9974522292993631,785.0,,,,,,,,
lightgbm,random,789,top20_stable,,False,0.9992906032547718,0.9994833091309484,0.9998352734460795,0.9998078242964996,0.00021208907741251324,0.9999991591571126,0.9999940580838103,13.406622648239136,0.31005072593688965,193516.72155804888,240000,60000,20,9.0,lightgbm_random_top20_stable_seed789.json,0.9997031004792807,0.9997879109225875,0.9997455039022735,23575.0,0.9985615650172612,0.9989926608145057,0.9987770663981008,6949.0,1.0,1.0,1.0,57.0,1.0,1.0,1.0,480.0,1.0,0.9979777553083923,0.9989878542510121,989.0,0.9980582524271845,0.9972283813747228,0.9976431443227506,3608.0,1.0,1.0,1.0,989.0,0.9997784277231233,0.9996898263027295,0.9997341250498516,22568.0,0.9974587039390089,1.0,0.9987277353689568,785.0,,,,,,,,
lightgbm,random,1011,top50,,False,0.9972699275918782,0.9994332960582125,0.999807803190467,0.9996980096087852,0.00012725344644750795,0.9999991252176925,0.9999603139033524,21.1552791595459,0.3617992401123047,165837.82757911718,240000,60000,50,9.0,lightgbm_random_top50_seed1011.json,0.9995335623118348,0.9998727465535525,0.999703125662666,23575.0,0.9988497483824587,0.9997121888041445,0.9992807825086306,6949.0,1.0,0.9824561403508771,0.9911504424778761,57.0,0.9917355371900827,1.0,0.995850622406639,480.0,0.9989847715736041,0.9949443882709808,0.9969604863221885,989.0,0.9994447529150472,0.9977827050997783,0.9986130374479889,3608.0,0.9989868287740629,0.9969666329625885,0.9979757085020243,989.0,0.9998670271707815,0.9995568947181851,0.9997119368920206,22568.0,0.9949174078780177,0.9974522292993631,0.9961832061068703,785.0,,,,,,,,
lightgbm,random,123,top50,,False,0.9990427535694477,0.9994999603077186,0.9998901883270191,0.9999176389842142,0.00021208907741251324,0.9999994199362177,0.999991129697769,21.420464277267456,0.3799092769622803,157932.44239718097,240000,60000,50,9.0,lightgbm_random_top50_seed123.json,0.9998727357570102,0.9997879109225875,0.9998303215406804,23575.0,0.9984179490867252,0.9989926608145057,0.998705222270177,6949.0,1.0,1.0,1.0,57.0,1.0,0.9979166666666667,0.9989572471324296,480.0,0.998989898989899,1.0,0.9994946942900454,989.0,0.9977808599167822,0.9969512195121951,0.9973658671842507,3608.0,0.9989878542510121,0.9979777553083923,0.9984825493171472,989.0,0.9997784669915818,0.9998670684154555,0.9998227657406177,22568.0,0.9987261146496815,0.9987261146496815,0.9987261146496815,785.0,,,,,,,,
lightgbm,random,2026,top50,,False,0.9995621474211716,0.9994999862926021,0.999739129240866,0.9995058339052848,4.241781548250265e-05,0.9999971249038047,0.9999933845335938,18.56833028793335,0.3249337673187256,184653.01558254595,240000,60000,50,9.0,lightgbm_random_top50_seed2026.json,0.9992370295015259,0.9999575821845175,0.9995971759916891,23575.0,0.9991368148467846,0.999424377608289,0.9992805755395684,6949.0,1.0,1.0,1.0,57.0,1.0,1.0,1.0,480.0,0.998989898989899,1.0,0.9994946942900454,989.0,0.9988907376594565,0.9983370288248337,0.9986138064873856,3608.0,1.0,0.9989888776541962,0.9994941831057157,989.0,0.999955656068467,0.9992024104927331,0.9995788913761386,22568.0,1.0,1.0,1.0,785.0,,,,,,,,
lightgbm,random,3141,top50,,False,0.9978411803604543,0.9993999961271341,0.9997940720198789,0.9996705559368566,0.00012725344644750795,0.9999918582472307,0.9979696697492528,14.550174474716187,0.30916666984558105,194070.07886706578,240000,60000,50,9.0,lightgbm_random_top50_seed3141.json,0.9994911804613297,0.9998727465535525,0.9996819270976908,23575.0,0.9987054085155351,0.9991365664124334,0.9989209409395008,6949.0,0.9827586206896551,1.0,0.991304347826087,57.0,1.0,1.0,1.0,480.0,0.9979716024340771,0.9949443882709808,0.9964556962025316,989.0,0.9983356449375866,0.9975055432372506,0.9979204214612505,3608.0,0.9989878542510121,0.9979777553083923,0.9984825493171472,989.0,0.999911343587925,0.9995125841900036,0.9997119241252466,22568.0,0.9961928934010152,1.0,0.9980928162746344,785.0,,,,,,,,
lightgbm,random,42,top50,,False,0.9982578473632608,0.9992666706534495,0.999725425590335,0.9995881949210706,0.00021208907741251324,0.9997301039891262,0.9970770261598205,11.212613344192505,0.17467546463012695,343494.14857461076,240000,60000,50,9.0,lightgbm_random_top50_seed42.json,0.9993640025439898,0.9997879109225875,0.9995759117896522,23575.0,0.9984188587034641,0.9995682832062167,0.998993240327916,6949.0,1.0,1.0,1.0,57.0,1.0,1.0,1.0,480.0,0.9949545913218971,0.9969666329625885,0.9959595959595959,989.0,0.9991666666666666,0.9969512195121951,0.9980577136514983,3608.0,0.9949545913218971,0.9969666329625885,0.9959595959595959,989.0,0.9998669976946267,0.9993353420772776,0.999601099193334,22568.0,0.9974457215836526,0.9949044585987261,0.9961734693877551,785.0,,,,,,,,
lightgbm,random,4242,top50,,False,0.9991671330693147,0.9996000137535453,0.9998764499965681,0.9998078242964996,8.48356309650053e-05,0.9999932442577885,0.9992712925360681,19.377403497695923,0.34686708450317383,172976.92021120846,240000,60000,50,9.0,lightgbm_random_top50_seed4242.json,0.9997031382527566,0.999915164369035,0.999809140069982,23575.0,0.9992803684513529,0.9991365664124334,0.9992084622580413,6949.0,1.0,1.0,1.0,57.0,1.0,1.0,1.0,480.0,0.9989878542510121,0.9979777553083923,0.9984825493171472,989.0,0.99833748960931,0.9986141906873615,0.9984758209782458,3608.0,0.9979777553083923,0.9979777553083923,0.9979777553083923,989.0,0.9999556776881482,0.9996898263027295,0.9998227343230667,22568.0,0.9974587039390089,1.0,0.9987277353689568,785.0,,,,,,,,
lightgbm,random,456,top50,,False,0.9991208712710294,0.99936656961985,0.9997666533979384,0.9998078242964996,0.0004241781548250265,0.9999995938436942,0.9999959413436356,19.55268931388855,0.3265261650085449,183752.50264685482,240000,60000,50,9.0,lightgbm_random_top50_seed456.json,0.9997030375021212,0.999575821845175,0.9996394256262329,23575.0,0.9979879275653923,0.9992804720103612,0.9986337815488603,6949.0,1.0,1.0,1.0,57.0,0.997920997920998,1.0,0.9989594172736732,480.0,1.0,0.9979777553083923,0.9989878542510121,989.0,0.9986107252014449,0.996119733924612,0.9973636742056334,3608.0,0.998989898989899,1.0,0.9994946942900454,989.0,0.9996012405848471,0.9996898263027295,0.9996455314812354,22568.0,0.9987277353689568,1.0,0.9993634627625716,785.0,,,,,,,,
lightgbm,random,5555,top50,,False,0.9974194587827111,0.999383647432144,0.999739172214977,0.9996705559368566,0.00029692470837751854,0.9999882866388086,0.9962176494839292,18.330308198928833,0.35658740997314453,168261.68934152427,240000,60000,50,9.0,lightgbm_random_top50_seed5555.json,0.9994910941475827,0.9997030752916225,0.9995970734810731,23575.0,0.9989922257414339,0.9985609440207224,0.9987765383231378,6949.0,0.9661016949152542,1.0,0.9827586206896551,57.0,1.0,1.0,1.0,480.0,1.0,1.0,1.0,989.0,0.9972306840210468,0.998059866962306,0.9976451031998892,3608.0,0.9989888776541962,0.9989888776541962,0.9989888776541962,989.0,0.999822695035461,0.999468273661822,0.999645452933877,22568.0,0.9987277353689568,1.0,0.9993634627625716,785.0,,,,,,,,
lightgbm,random,6789,top50,,False,0.9728276261886885,0.9982351458197747,0.9993549715226789,0.9995607412491421,0.0013149522799575822,0.9978377712274948,0.9501581244727553,10.498541593551636,0.1259148120880127,476512.6437869822,240000,60000,50,9.0,lightgbm_random_top50_seed6789.json,0.999320882852292,0.9986850477200424,0.999002864113716,23575.0,0.9985599078341014,0.9978414160310836,0.9982005326423379,6949.0,0.6551724137931034,1.0,0.7916666666666666,57.0,0.9958071278825996,0.9895833333333334,0.9926854754440961,480.0,0.992936427850656,0.9949443882709808,0.9939393939393939,989.0,0.9949874686716792,0.99029933481153,0.9926378663703292,3608.0,0.9840478564307079,0.9979777553083923,0.9909638554216867,989.0,0.9996897300651567,0.999379652605459,0.9995346672871103,22568.0,0.9961832061068703,0.9974522292993631,0.9968173138128581,785.0,,,,,,,,
lightgbm,random,789,top50,,False,0.9978617171430889,0.9993499341238423,0.9998215437835464,0.999780370624571,0.00021208907741251324,0.9997715678938542,0.9977836176997477,13.272224426269531,0.22644424438476562,264965.88669328345,240000,60000,50,9.0,lightgbm_random_top50_seed789.json,0.9996607006531513,0.9997879109225875,0.9997243017411406,23575.0,0.9979873490511788,0.9989926608145057,0.9984897518878102,6949.0,0.9827586206896551,1.0,0.991304347826087,57.0,1.0,1.0,1.0,480.0,1.0,0.9949443882709808,0.9974657881398885,989.0,0.9980560955290197,0.996119733924612,0.9970869746150645,3608.0,0.998989898989899,1.0,0.9994946942900454,989.0,0.9997784277231233,0.9996898263027295,0.9997341250498516,22568.0,0.9961880559085133,0.9987261146496815,0.9974554707379135,785.0,,,,,,,,
lightgbm,temporal,1011,full,,False,0.9818051270455691,0.9860359747737024,0.9980834655344747,0.9961924984898131,2.8279743219931563e-05,0.9993401610519143,0.9975798259233888,22.037878274917603,0.570873498916626,157635.62360273922,210010,89990,89,9.0,lightgbm_temporal_full_seed1011.json,0.9941520467836257,0.99997172025678,0.9970533914195886,35361.0,0.9116205810290514,0.9996161965073882,0.9535926773455378,10422.0,1.0,1.0,1.0,84.0,1.0,1.0,1.0,718.0,0.9973045822102425,0.9986504723346828,0.9979770734996628,1482.0,1.0,0.8133776792313377,0.8970857958019156,5412.0,0.9959514170040485,0.99527983816588,0.9956155143338955,1483.0,1.0,0.9941214699279215,0.9970520702170209,33852.0,1.0,0.9957482993197279,0.9978696207925011,1176.0,,,,,,,,
lightgbm,temporal,123,full,,False,0.9506807993615214,0.9295518303314609,0.9456517543521056,0.8969064616511074,0.0,0.9674811218962353,0.9609532979646443,17.475529670715332,0.3611876964569092,249153.00516261137,210009,89991,89,9.0,lightgbm_temporal_full_seed123.json,0.8626106896299368,1.0,0.9262383110249627,35361.0,0.9449048356251708,0.9955862598349645,0.9695837032191749,10422.0,0.953125,0.7176470588235294,0.8187919463087249,85.0,1.0,1.0,1.0,719.0,1.0,0.9986504723346828,0.9993247805536799,1482.0,0.9917491749174917,0.8883961566888396,0.9372319688109162,5412.0,0.997968855788761,0.9939312204989885,0.995945945945946,1483.0,1.0,0.8346282236861541,0.9098608785263429,33851.0,0.9991496598639455,0.9991496598639455,0.9991496598639455,1176.0,,,,,,,,
lightgbm,temporal,2026,full,,False,0.9456431443605058,0.9344035914339485,0.9689838361153835,0.9398337970420266,0.0,0.9987841356772077,0.9965860623618715,15.884957551956177,0.40050435066223145,224699.18204682955,210007,89993,89,9.0,lightgbm_temporal_full_seed2026.json,0.9149503208445456,1.0,0.955586482725074,35361.0,0.8135831381733021,1.0,0.8972107438016529,10422.0,1.0,1.0,1.0,85.0,1.0,1.0,1.0,719.0,0.9986513823331086,0.9993252361673415,0.9989881956155143,1482.0,1.0,0.5594974131559497,0.7175355450236967,5412.0,1.0,0.9871967654986523,0.9935571380128857,1484.0,1.0,0.9032848871558549,0.9491851621915257,33852.0,0.9983007646559049,0.9991496598639455,0.9987250318742031,1176.0,,,,,,,,
lightgbm,temporal,3141,full,,False,0.9578284969334747,0.957438770864489,0.9844025952296853,0.9692842760388065,0.0,0.9989238360982918,0.996546891528507,17.64593243598938,0.3570981025695801,252006.37962635318,210009,89991,89,9.0,lightgbm_temporal_full_seed3141.json,0.9546964010907422,1.0,0.9768232044198895,35361.0,0.8385383129426915,0.9996161965073882,0.9120196095596603,10422.0,1.0,1.0,1.0,85.0,0.9958391123439667,1.0,0.9979152189020153,718.0,0.9993234100135318,0.9966261808367072,0.9979729729729729,1482.0,1.0,0.6301977453335798,0.7731549710917129,5411.0,0.9993117687543015,0.9784366576819407,0.9887640449438202,1484.0,1.0,0.9513765804088384,0.9750825032547156,33852.0,0.9991489361702127,0.9982993197278912,0.9987239472564866,1176.0,,,,,,,,
lightgbm,temporal,42,full,,False,0.9815092868721708,0.9884578207081995,0.99835907778338,0.9967235319958998,0.0,0.9995031624173895,0.9955050546261717,16.853485345840454,0.40819311141967773,220466.72881619266,210007,89993,89,9.0,lightgbm_temporal_full_seed42.json,0.9949634214969049,1.0,0.99747535295694,35361.0,0.9260575897618201,0.9998080982536941,0.9615207160653317,10422.0,0.9770114942528736,1.0,0.9883720930232558,85.0,0.9972260748959778,1.0,0.9986111111111111,719.0,0.997979797979798,0.9993256911665542,0.9986522911051213,1483.0,1.0,0.8477457501847746,0.9176,5412.0,0.9985855728429985,0.952124072825354,0.9748015188125647,1483.0,1.0,0.9965142384497223,0.9982540762879887,33852.0,1.0,0.9965986394557823,0.9982964224872232,1176.0,,,,,,,,
lightgbm,temporal,4242,full,,False,0.9558885265801632,0.9704739761120513,0.9983682898210618,0.9967418959237091,0.0,0.9992125626898629,0.9933751124517932,31.427809476852417,0.7649798393249512,117642.31601111777,210006,89994,89,9.0,lightgbm_temporal_full_seed4242.json,0.9949914178789498,1.0,0.9974894217207334,35361.0,0.820716817644742,0.9997121473805411,0.901414543409612,10422.0,0.9659090909090909,1.0,0.9826589595375722,85.0,0.9958448753462604,1.0,0.9979181124219292,719.0,0.9979784366576819,0.9986513823331086,0.9983147960903269,1483.0,1.0,0.5805617147080562,0.7346270750526069,5412.0,0.998641304347826,0.9912339851652057,0.9949238578680203,1483.0,0.9999703043801039,0.9947418173224625,0.9973492084647623,33852.0,0.9983007646559049,0.9983007646559049,0.9983007646559049,1177.0,,,,,,,,
lightgbm,temporal,456,full,,False,0.9805600496321891,0.9704592433353963,0.9808877985989982,0.9625100680969466,2.8279743219931563e-05,0.9988337013614608,0.9940777236006864,18.997427225112915,0.1817796230316162,495044.4857306617,210011,89989,89,9.0,lightgbm_temporal_full_seed456.json,0.9452523524379812,0.99997172025678,0.9718424054198903,35361.0,0.953541858325667,0.9945308002302821,0.9736051099004321,10422.0,0.9882352941176471,1.0,0.9940828402366864,84.0,1.0,1.0,1.0,718.0,0.9946236559139785,0.9979770734996628,0.9962975429148435,1483.0,0.9889135254988913,0.9066715948992793,0.9460084843810258,5411.0,0.9794293297942933,0.99527983816588,0.9872909698996656,1483.0,1.0,0.9395291128770199,0.9688218719061762,33851.0,0.9991289198606271,0.9753401360544217,0.9870912220309811,1176.0,,,,,,,,
lightgbm,temporal,5555,full,,False,0.959802323259919,0.994726758340603,0.9981477745786645,0.9963023979498444,0.0,0.9487419904262535,0.9444320414836324,12.675393342971802,0.24985790252685547,360168.71625794383,210009,89991,89,9.0,lightgbm_temporal_full_seed5555.json,0.9943199392627169,1.0,0.9971518808865828,35361.0,0.9842722333428653,0.9907887161773172,0.987519724573232,10422.0,1.0,0.5238095238095238,0.6875,84.0,1.0,1.0,1.0,719.0,1.0,0.9986504723346828,0.9993247805536799,1482.0,0.981665107577175,0.9696913694326372,0.9756415024172554,5411.0,1.0,0.9892110586648685,0.9945762711864407,1483.0,1.0,0.9955689471818504,0.9977795541344702,33852.0,0.997457627118644,1.0,0.9987271955876114,1177.0,,,,,,,,
lightgbm,temporal,6789,full,,False,0.9668934034781194,0.9212424349737534,0.93328126525432,0.8749244934194871,2.8279743219931563e-05,0.986846720573113,0.9798704613880227,16.89101219177246,0.38932156562805176,231150.8222125464,210008,89992,89,9.0,lightgbm_temporal_full_seed6789.json,0.8380537055909748,0.99997172025678,0.9118807540552389,35361.0,0.9856966941365919,0.9984647860295529,0.9920396587063254,10422.0,0.9620253164556962,0.9047619047619048,0.9325153374233128,84.0,0.9972260748959778,1.0,0.9986111111111111,719.0,0.9986504723346828,0.9979770734996628,0.9983136593591906,1483.0,0.9977242556419496,0.9720990391722099,0.9847449695835283,5412.0,0.9986486486486487,0.9966284558327714,0.9976375295308809,1483.0,1.0,0.7985583882307761,0.8879982918055943,33851.0,0.9991489361702127,0.9974511469838573,0.9982993197278912,1177.0,,,,,,,,
lightgbm,temporal,789,full,,False,0.9857309897881,0.9879147997439727,0.9974767632836944,0.9949662279658069,0.0,0.9990319090019383,0.9962446430941745,20.419336557388306,0.44080448150634766,204154.0042707213,210008,89992,89,9.0,lightgbm_temporal_full_seed789.json,0.9922830845212707,1.0,0.9961265968984605,35361.0,0.9296679757229561,0.9994242947610823,0.9632849348007029,10422.0,1.0,1.0,1.0,85.0,1.0,1.0,1.0,718.0,0.9986522911051213,0.9993256911665542,0.9989888776541962,1483.0,0.9991356957649092,0.8543976348854397,0.9211155378486056,5412.0,0.999322951929587,0.99527983816588,0.9972972972972973,1483.0,1.0,0.9921124929839591,0.9960406317194336,33851.0,0.9991496598639455,0.9983007646559049,0.9987250318742031,1177.0,,,,,,,,
lightgbm,temporal,1011,top20,,False,0.9487268580950945,0.9646777675859236,0.9980467138023055,0.9961192773069248,2.8279743219931563e-05,0.998621528588299,0.9844568486920401,13.037742376327515,0.39644384384155273,226993.0568929869,210010,89990,20,9.0,lightgbm_temporal_top20_seed1011.json,0.9940402563814236,0.99997172025678,0.9969971663400674,35361.0,0.7959963325183375,0.9996161965073882,0.8862611654615058,10422.0,1.0,1.0,1.0,84.0,0.9972222222222222,1.0,0.9986091794158554,718.0,0.9973045822102425,0.9986504723346828,0.9979770734996628,1482.0,1.0,0.5075757575757576,0.6733668341708543,5412.0,0.9972862957937585,0.9912339851652057,0.9942509299966182,1483.0,1.0,0.9941214699279215,0.9970520702170209,33852.0,0.997431506849315,0.9906462585034014,0.9940273037542662,1176.0,,,,,,,,
lightgbm,temporal,123,top20,,False,0.9690465256715373,0.9286613974311566,0.9458064391636999,0.8972176459820611,5.6559486439863127e-05,0.9989418282366233,0.9959686180062712,11.720707416534424,0.3815169334411621,235876.81728386114,210009,89991,20,9.0,lightgbm_temporal_top20_seed123.json,0.8629618782642652,0.9999434405135601,0.9264164537892186,35361.0,0.9346869104303297,0.998272884283247,0.9654340463044587,10422.0,1.0,1.0,1.0,85.0,0.9972260748959778,1.0,0.9986111111111111,719.0,1.0,0.9986504723346828,0.9993247805536799,1482.0,0.9972316865417377,0.86529933481153,0.9265927977839336,5412.0,0.9986431478968792,0.9925826028320971,0.9956036523503551,1483.0,1.0,0.8346282236861541,0.9098608785263429,33851.0,0.9991503823279524,1.0,0.9995750106247344,1176.0,,,,,,,,
lightgbm,temporal,2026,top20,,False,0.9532251206701995,0.9394419884999213,0.9690519323671497,0.9399619270757066,0.0,0.9983098666513845,0.9954686177704097,15.122538089752197,0.41791653633117676,215337.2555918326,210007,89993,20,9.0,lightgbm_temporal_top20_seed2026.json,0.9151160684247303,1.0,0.9556768735980109,35361.0,0.8379160636758322,1.0,0.9118110236220472,10422.0,1.0,1.0,1.0,85.0,1.0,1.0,1.0,719.0,0.9993252361673415,0.9993252361673415,0.9993252361673415,1482.0,1.0,0.6282335550628233,0.7716749886518384,5412.0,1.0,0.9858490566037735,0.9928741092636579,1484.0,1.0,0.9036098310291859,0.9493645350010087,33852.0,0.9982993197278912,0.9982993197278912,0.9982993197278912,1176.0,,,,,,,,
lightgbm,temporal,3141,top20,,False,0.9526838977793989,0.954341982873747,0.9844686724479268,0.9694124107633169,0.0,0.9987306590598934,0.9954960878953094,12.785781383514404,0.3642003536224365,247092.0170859936,210009,89991,20,9.0,lightgbm_temporal_top20_seed3141.json,0.9548768632534025,1.0,0.9769176577845924,35361.0,0.8226468730259002,0.9996161965073882,0.9025383349215975,10422.0,1.0,1.0,1.0,85.0,0.9958391123439667,1.0,0.9979152189020153,718.0,0.9993238674780257,0.9973009446693657,0.9983113812901047,1482.0,1.0,0.5856588430973942,0.7386946386946387,5411.0,0.9979267449896337,0.9730458221024259,0.9853292391675196,1484.0,1.0,0.9517901453385325,0.9752996730839084,33852.0,1.0,0.9982993197278912,0.9991489361702127,1176.0,,,,,,,,
lightgbm,temporal,42,top20,,False,0.9923323181801363,0.9955198156888718,0.9983498954933813,0.9967052277053742,0.0,0.9995327231116726,0.995910234130618,8.719494342803955,0.24814820289611816,362658.2781970563,210007,89993,20,9.0,lightgbm_temporal_top20_seed42.json,0.9949354266903013,1.0,0.9974612845899975,35361.0,0.9838786154575628,0.9954903089618116,0.9896504030142605,10422.0,0.9883720930232558,1.0,0.9941520467836257,85.0,0.9930939226519337,1.0,0.9965349965349966,719.0,0.9973082099596231,0.9993256911665542,0.9983159312899966,1483.0,0.9924271109428247,0.9685883222468589,0.9803628202730503,5412.0,0.9992962702322308,0.9575185434929198,0.977961432506887,1483.0,1.0,0.9965142384497223,0.9982540762879887,33852.0,0.9991482112436116,0.9974489795918368,0.9982978723404256,1176.0,,,,,,,,
lightgbm,temporal,4242,top20,,False,0.9868528321993987,0.9902644489817641,0.9982580952730207,0.9965222484578917,0.0,0.9992786584759303,0.9972742485369596,15.018797874450684,0.6236011981964111,144313.38531786343,210006,89994,20,9.0,lightgbm_temporal_top20_seed4242.json,0.9946555652442969,1.0,0.9973206227436823,35361.0,0.9398394516099937,0.9998080982536941,0.9688967408991584,10422.0,0.9883720930232558,1.0,0.9941520467836257,85.0,1.0,1.0,1.0,719.0,0.9993256911665542,0.9993256911665542,0.9993256911665542,1483.0,0.9997896065642752,0.8780487804878049,0.9349729463846532,5412.0,0.9993160054719562,0.9851652056641942,0.9921901528013582,1483.0,1.0,0.9947418173224625,0.9973639783194621,33852.0,0.996607294317218,0.9983007646559049,0.9974533106960951,1177.0,,,,,,,,
lightgbm,temporal,456,top20,,False,0.9331356625504047,0.9120099163429044,0.9530161468065738,0.9102657977593908,2.8279743219931563e-05,0.9837632735832921,0.9489076630517004,8.755197048187256,0.11429071426391602,787369.3027431838,210011,89989,20,9.0,lightgbm_temporal_top20_seed456.json,0.8782474790124684,0.99997172025678,0.9351652275101491,35361.0,0.7951320006104075,0.999904049126847,0.8858381502890174,10422.0,0.9882352941176471,1.0,0.9940828402366864,84.0,1.0,1.0,1.0,718.0,0.9966329966329966,0.9979770734996628,0.9973045822102425,1483.0,1.0,0.5045278137128072,0.6706792777300086,5411.0,0.9993201903467029,0.9912339851652057,0.995260663507109,1483.0,0.9998964052626127,0.8553957047059171,0.9220187868173858,33851.0,0.9991474850809889,0.9965986394557823,0.9978714346530438,1176.0,,,,,,,,
lightgbm,temporal,5555,top20,,False,0.9916546625529225,0.9951606355949981,0.9983498349834984,0.9967051070840197,0.0,0.9993449604972705,0.9911597987105275,8.677877426147461,0.2415308952331543,372585.875248506,210009,89991,20,9.0,lightgbm_temporal_top20_seed5555.json,0.9949354266903013,1.0,0.9974612845899975,35361.0,0.9844717538344289,0.9915563231625408,0.988001338496104,10422.0,0.9545454545454546,1.0,0.9767441860465116,84.0,1.0,1.0,1.0,719.0,0.9993243243243243,0.9979757085020243,0.9986495611073599,1482.0,0.9838709677419355,0.9695065607096655,0.97663594899004,5411.0,1.0,0.9811193526635199,0.9904697072838666,1483.0,1.0,0.9955689471818504,0.9977795541344702,33852.0,0.9991503823279524,0.9991503823279524,0.9991503823279524,1177.0,,,,,,,,
lightgbm,temporal,6789,top20,,False,0.9726288650247378,0.9220999970218207,0.934571055248942,0.8771942669912687,2.8279743219931563e-05,0.9977522335496771,0.9925567003127325,10.983927011489868,0.2670557498931885,336978.3276937238,210008,89992,20,9.0,lightgbm_temporal_top20_seed6789.json,0.840523901209917,0.99997172025678,0.9133410822678548,35361.0,0.985623155288965,0.9932834388792938,0.9894384707287933,10422.0,0.9767441860465116,1.0,0.9882352941176471,84.0,0.9986111111111111,1.0,0.9993050729673384,719.0,0.9986513823331086,0.9986513823331086,0.9986513823331086,1483.0,0.9877957191137815,0.9720990391722099,0.9798845222574036,5412.0,0.9986449864498645,0.9939312204989885,0.9962825278810409,1483.0,1.0,0.8021624176538359,0.8902221129415622,33851.0,0.9991489361702127,0.9974511469838573,0.9982993197278912,1177.0,,,,,,,,
lightgbm,temporal,789,top20,,False,0.9723825123912534,0.9790028983930474,0.9973939694250216,0.994801486335597,0.0,0.9992565288714255,0.9958418928714479,13.362697124481201,0.41405487060546875,217343.1745130917,210008,89992,20,9.0,lightgbm_temporal_top20_seed789.json,0.9920325431336794,1.0,0.9960003379996056,35361.0,0.8721124874455976,0.9998080982536941,0.9316048278945016,10422.0,1.0,1.0,1.0,85.0,1.0,1.0,1.0,718.0,0.9986522911051213,0.9993256911665542,0.9989888776541962,1483.0,1.0,0.717479674796748,0.8355029585798817,5412.0,0.9993192648059904,0.9898853674983142,0.994579945799458,1483.0,1.0,0.9921124929839591,0.9960406317194336,33851.0,0.9991496598639455,0.9983007646559049,0.9987250318742031,1177.0,,,,,,,,
lightgbm,temporal,1011,top20_stable,,False,0.9516311213435747,0.9663051687826728,0.998019111901836,0.9960460561240367,0.0,0.9994497260874825,0.9972832533047258,14.20309329032898,0.4769859313964844,188663.8453602476,210010,89990,20,9.0,lightgbm_temporal_top20_stable_seed1011.json,0.9939286617758665,1.0,0.9969550875412332,35361.0,0.8033317908375752,0.9994242947610823,0.8907131862493587,10422.0,1.0,1.0,1.0,84.0,1.0,1.0,1.0,718.0,0.9973045822102425,0.9986504723346828,0.9979770734996628,1482.0,0.9993014320642682,0.528640059127864,0.6914803625377643,5412.0,0.9979605710401088,0.9898853674983142,0.993906567366283,1483.0,1.0,0.9941214699279215,0.9970520702170209,33852.0,0.9974446337308348,0.9957482993197279,0.9965957446808511,1176.0,,,,,,,,
lightgbm,temporal,123,top20_stable,,False,0.9230882378053435,0.9121064206614723,0.9448677463278964,0.8954969796814937,0.0,0.9674719627626005,0.958806308062679,12.588761806488037,0.4540059566497803,198215.4610130346,210009,89991,20,9.0,lightgbm_temporal_top20_stable_seed123.json,0.8609934258582908,1.0,0.9253051772186678,35361.0,0.8380270357257805,0.9993283438879293,0.9115973741794311,10422.0,0.953125,0.7176470588235294,0.8187919463087249,85.0,1.0,1.0,1.0,719.0,1.0,0.9986504723346828,0.9993247805536799,1482.0,1.0,0.6278640059127863,0.7713961407491486,5412.0,0.9992877492877493,0.9460552933243426,0.971943193626602,1483.0,1.0,0.8346282236861541,0.9098608785263429,33851.0,1.0,0.9991496598639455,0.9995746490854955,1176.0,,,,,,,,
lightgbm,temporal,2026,top20_stable,,False,0.9730279630581092,0.965107557691584,0.9814018961675787,0.9634829404012301,0.0,0.9983635302485483,0.9915302466269907,8.552411556243896,0.1941547393798828,463511.73444146453,210007,89993,20,9.0,lightgbm_temporal_top20_stable_seed2026.json,0.9465949245101188,1.0,0.9725648747885639,35361.0,0.9046709498176767,0.9998080982536941,0.9498632634457612,10422.0,0.9770114942528736,1.0,0.9883720930232558,85.0,1.0,1.0,1.0,719.0,0.9986486486486487,0.9973009446693657,0.9979743416610398,1482.0,0.9995365005793743,0.7969327420546932,0.88680991055824,5412.0,0.9993188010899182,0.988544474393531,0.9939024390243902,1484.0,1.0,0.9415396431525463,0.9698896918980601,33852.0,0.9974511469838573,0.9982993197278912,0.9978750531236719,1176.0,,,,,,,,
lightgbm,temporal,3141,top20_stable,,False,0.9483314506638989,0.9450606151449293,0.9779041703305955,0.9567636829580817,0.0,0.9991203306778029,0.9969733177397919,13.747885704040527,0.46002745628356934,195620.9325569644,210009,89991,20,9.0,lightgbm_temporal_top20_stable_seed3141.json,0.93738567982398,1.0,0.9676810245744623,35361.0,0.8148611654282362,0.9996161965073882,0.8978325505235489,10422.0,1.0,1.0,1.0,85.0,1.0,1.0,1.0,718.0,0.9993252361673415,0.9993252361673415,0.9993252361673415,1482.0,0.9996722386102918,0.563666605063759,0.7208697707397779,5411.0,0.9993074792243767,0.9723719676549866,0.985655737704918,1484.0,1.0,0.9313777620229233,0.9644698000948287,33852.0,1.0,0.9982993197278912,0.9991489361702127,1176.0,,,,,,,,
lightgbm,temporal,42,top20_stable,,False,0.9840890874267717,0.9902785527199371,0.9983223476132416,0.9966503148337971,0.0,0.9991736572278492,0.9908287117785564,16.141331672668457,0.5054988861083984,178028.08764390042,210007,89993,20,9.0,lightgbm_temporal_top20_stable_seed42.json,0.9948514517218096,1.0,0.9974190818701079,35361.0,0.9395797637298223,0.9997121473805411,0.9687136813723212,10422.0,0.9770114942528736,1.0,0.9883720930232558,85.0,1.0,1.0,1.0,719.0,0.9973082099596231,0.9993256911665542,0.9983159312899966,1483.0,0.9997895179962113,0.8776792313377679,0.9347633572763948,5412.0,0.9985855728429985,0.952124072825354,0.9748015188125647,1483.0,1.0,0.9965142384497223,0.9982540762879887,33852.0,0.9991445680068435,0.9931972789115646,0.9961620469083156,1176.0,,,,,,,,
lightgbm,temporal,4242,top20_stable,,False,0.9502939069447596,0.9660839761226474,0.9982580952730207,0.9965222484578917,0.0,0.999430082737455,0.9967485363726811,15.527422189712524,0.5568974018096924,161598.88645117704,210006,89994,20,9.0,lightgbm_temporal_top20_stable_seed4242.json,0.9946555652442969,1.0,0.9973206227436823,35361.0,0.8008145700453393,0.999904049126847,0.8893535310433113,10422.0,0.9883720930232558,1.0,0.9941520467836257,85.0,1.0,1.0,1.0,719.0,0.9993256911665542,0.9993256911665542,0.9993256911665542,1483.0,1.0,0.5223577235772358,0.6862483311081442,5412.0,0.9986329460013671,0.9851652056641942,0.9918533604887984,1483.0,1.0,0.9947418173224625,0.9973639783194621,33852.0,0.9966044142614601,0.9974511469838573,0.9970276008492569,1177.0,,,,,,,,
lightgbm,temporal,456,top20_stable,,False,0.8982579252473886,0.9537057327302368,0.981049018876371,0.9628029581899392,0.0,0.9422664935275871,0.9225886847855418,20.822274208068848,0.8657693862915039,103941.07417619035,210011,89989,20,9.0,lightgbm_temporal_top20_stable_seed456.json,0.94565827828738,1.0,0.9720702641779146,35361.0,0.8440032414910859,0.9993283438879293,0.9151216940514894,10422.0,0.8484848484848485,0.3333333333333333,0.47863247863247865,84.0,0.9986091794158554,1.0,0.9993041057759221,718.0,0.9979770734996628,0.9979770734996628,0.9979770734996628,1483.0,1.0,0.6449824431713177,0.7841815526345355,5411.0,0.9627411842980705,0.9757248819959542,0.9691895512391159,1483.0,1.0,0.9408880092168621,0.969543842559474,33851.0,0.9974533106960951,0.9991496598639455,0.9983007646559049,1176.0,,,,,,,,
lightgbm,temporal,5555,top20_stable,,False,0.9318631099847521,0.9810885862762916,0.9888295558661028,0.9779059125022881,0.0,0.999435342041179,0.9936666618485143,14.108137369155884,0.45070362091064453,199667.79902538526,210009,89991,20,9.0,lightgbm_temporal_top20_stable_seed5555.json,0.9669929993436884,1.0,0.9832195637364624,35361.0,0.9843438656419015,0.9953943580886586,0.9898382710748533,10422.0,0.9767441860465116,1.0,0.9882352941176471,84.0,1.0,1.0,1.0,719.0,1.0,1.0,1.0,1482.0,0.9914917753828701,0.969136943263722,0.9801869158878505,5411.0,1.0,0.28860418071476734,0.4479330193615908,1483.0,1.0,0.9955689471818504,0.9977795541344702,33852.0,0.9991511035653651,1.0,0.9995753715498938,1177.0,,,,,,,,
lightgbm,temporal,6789,top20_stable,,False,0.9652628847879647,0.9021048687131631,0.9162451149596302,0.8454357416119054,0.0,0.997488302936278,0.9927856866041379,13.218639612197876,0.5125877857208252,175564.0741096649,210008,89992,20,9.0,lightgbm_temporal_top20_stable_seed6789.json,0.8072366168245634,1.0,0.8933380491625192,35361.0,0.9847980997624703,0.9945308002302821,0.9896405213157016,10422.0,0.9882352941176471,1.0,0.9940828402366864,84.0,1.0,1.0,1.0,719.0,0.997979797979798,0.9993256911665542,0.9986522911051213,1483.0,0.9900150715900528,0.970990391722099,0.980410447761194,5412.0,0.9964862965565706,0.9561699258260283,0.9759119064005506,1483.0,1.0,0.7524445363504771,0.8587370621354641,33851.0,0.9991460290350128,0.994052676295667,0.9965928449744463,1177.0,,,,,,,,
lightgbm,temporal,789,top20_stable,,False,0.9873016804214974,0.9892072806123622,0.9974031694179613,0.9948197909611759,0.0,0.9992821824505751,0.9962829455278442,10.374064207077026,0.48581695556640625,185238.49151184887,210008,89992,20,9.0,lightgbm_temporal_top20_stable_seed789.json,0.9920603748176411,1.0,0.9960143651855503,35361.0,0.9398862713241267,0.9991364421416234,0.9686061113436585,10422.0,1.0,1.0,1.0,85.0,1.0,1.0,1.0,718.0,0.9993256911665542,0.9993256911665542,0.9993256911665542,1483.0,0.998528484338869,0.8776792313377679,0.9342118202379782,5412.0,0.9993174061433447,0.9871881321645314,0.9932157394843962,1483.0,1.0,0.9921124929839591,0.9960406317194336,33851.0,0.9983007646559049,0.9983007646559049,0.9983007646559049,1177.0,,,,,,,,
lightgbm,temporal,1011,top50,,False,0.9823537057999285,0.9864891237892981,0.9980834655344747,0.9961924984898131,2.8279743219931563e-05,0.9993228996550825,0.9965832121349165,20.370310306549072,0.708052396774292,127095.11387853742,210010,89990,50,9.0,lightgbm_temporal_top50_seed1011.json,0.9941520467836257,0.99997172025678,0.9970533914195886,35361.0,0.9145816872969889,0.9996161965073882,0.9552101957548251,10422.0,1.0,1.0,1.0,84.0,0.9986091794158554,1.0,0.9993041057759221,718.0,0.9979770734996628,0.9986504723346828,0.9983136593591906,1482.0,1.0,0.8211382113821138,0.9017857142857143,5412.0,0.996614759647935,0.9925826028320971,0.9945945945945946,1483.0,1.0,0.9941214699279215,0.9970520702170209,33852.0,1.0,0.9957482993197279,0.9978696207925011,1176.0,,,,,,,,
lightgbm,temporal,123,top50,,False,0.9718124329761265,0.9315190152317826,0.9458776313504544,0.8973457807065714,5.6559486439863127e-05,0.9986909501694039,0.993612032992832,16.945638418197632,0.38872289657592773,231504.24323518696,210009,89991,50,9.0,lightgbm_temporal_top50_seed123.json,0.8631093319012864,0.9999434405135601,0.9265014149460225,35361.0,0.956902108849802,0.9970255229322587,0.9765518537662704,10422.0,0.9770114942528736,1.0,0.9883720930232558,85.0,0.9972260748959778,1.0,0.9986111111111111,719.0,1.0,0.9979757085020243,0.9989868287740629,1482.0,0.9947686116700202,0.9135254988913526,0.9524176459256405,5412.0,0.9979702300405954,0.9946055293324343,0.9962850388382303,1483.0,1.0,0.8346282236861541,0.9098608785263429,33851.0,0.9983007646559049,0.9991496598639455,0.9987250318742031,1176.0,,,,,,,,
lightgbm,temporal,2026,top50,,False,0.9633067815421157,0.9459703118405441,0.9690519323671497,0.9399619270757066,0.0,0.9985492260389172,0.9962837161025663,15.792607545852661,0.39435386657714844,228203.6709341975,210007,89993,50,9.0,lightgbm_temporal_top50_seed2026.json,0.9151160684247303,1.0,0.9556768735980109,35361.0,0.8747691791170052,1.0,0.933202005730659,10422.0,1.0,1.0,1.0,85.0,1.0,1.0,1.0,719.0,0.9993252361673415,0.9993252361673415,0.9993252361673415,1482.0,1.0,0.7250554323725056,0.8406169665809768,5412.0,1.0,0.9871967654986523,0.9935571380128857,1484.0,0.9997711296387118,0.9032848871558549,0.949082049133262,33852.0,0.9974533106960951,0.9991496598639455,0.9983007646559049,1176.0,,,,,,,,
lightgbm,temporal,3141,top50,,False,0.8656930427686262,0.9434681468098731,0.971099245698788,0.9438220757825371,0.0,0.9986266939379735,0.9950481935228161,13.348564147949219,0.33321285247802734,270070.6150160704,210009,89991,50,9.0,lightgbm_temporal_top50_seed3141.json,0.9201405152224824,1.0,0.9584095621417246,35361.0,0.886789240721825,0.9996161965073882,0.939828597203428,10422.0,1.0,1.0,1.0,85.0,0.9958391123439667,1.0,0.9979152189020153,718.0,0.9993234100135318,0.9966261808367072,0.9979729729729729,1482.0,0.9997553816046967,0.7553132507854371,0.860511632803453,5411.0,0.9795918367346939,0.03234501347708895,0.06262230919765166,1484.0,1.0,0.9517015242821695,0.9752531444399037,33852.0,0.9991489361702127,0.9982993197278912,0.9987239472564866,1176.0,,,,,,,,
lightgbm,temporal,42,top50,,False,0.982473551198382,0.9881685617597681,0.9987904555950592,0.9975838336506077,0.0,0.9995647532525754,0.9951074844760923,17.307311058044434,0.5804612636566162,155037.0466292428,210007,89993,50,9.0,lightgbm_temporal_top50_seed42.json,0.9962809568083848,1.0,0.9981370141417563,35361.0,0.9200883002207505,0.9998080982536941,0.9582930978985608,10422.0,0.9770114942528736,1.0,0.9883720930232558,85.0,1.0,1.0,1.0,719.0,0.997979797979798,0.9993256911665542,0.9986522911051213,1483.0,1.0,0.8342572062084257,0.9096403747355697,5412.0,0.9993160054719562,0.9851652056641942,0.9921901528013582,1483.0,1.0,0.9965142384497223,0.9982540762879887,33852.0,1.0,0.9974489795918368,0.9987228607918263,1176.0,,,,,,,,
lightgbm,temporal,4242,top50,,False,0.9593666870170957,0.9718985356581064,0.9983315609988632,0.99666868010177,0.0,0.9993124428535405,0.9944780515065919,24.623099327087402,0.8286442756652832,108603.89993975117,210006,89994,50,9.0,lightgbm_temporal_top50_seed4242.json,0.9948794418028867,1.0,0.9974331490465982,35361.0,0.8279561347743166,0.9997121473805411,0.9057637138137877,10422.0,0.9883720930232558,1.0,0.9941520467836257,85.0,1.0,1.0,1.0,719.0,0.9932975871313673,0.9993256911665542,0.9963025210084033,1483.0,1.0,0.6005173688100517,0.750404063726622,5412.0,0.9993192648059904,0.9898853674983142,0.994579945799458,1483.0,1.0,0.9947418173224625,0.9973639783194621,33852.0,0.9983007646559049,0.9983007646559049,0.9983007646559049,1177.0,,,,,,,,
lightgbm,temporal,456,top50,,False,0.9834422069451885,0.9709906572389243,0.9812868877679463,0.9632789045910523,2.8279743219931563e-05,0.9988575501484763,0.9965863797861161,20.018966913223267,0.5027508735656738,178993.22454035445,210011,89989,50,9.0,lightgbm_temporal_top50_seed456.json,0.9463148316651502,0.99997172025678,0.9724036465136744,35361.0,0.9492098291769434,0.9970255229322587,0.9725303009031775,10422.0,1.0,1.0,1.0,84.0,1.0,1.0,1.0,718.0,0.997979797979798,0.9993256911665542,0.9986522911051213,1483.0,0.9936566400654798,0.897431158750693,0.9430957467469412,5411.0,0.9986431478968792,0.9925826028320971,0.9956036523503551,1483.0,1.0,0.9408880092168621,0.969543842559474,33851.0,0.99830220713073,1.0,0.9991503823279524,1176.0,,,,,,,,
lightgbm,temporal,5555,top50,,False,0.9929918244705791,0.9951840568835649,0.9985059441424761,0.9970345963756178,2.8279743219931563e-05,0.9995014066848982,0.9951853295045751,10.414377450942993,0.2111835479736328,426126.94437369605,210009,89991,50,9.0,lightgbm_temporal_top50_seed5555.json,0.995439445977141,0.99997172025678,0.9977004359296305,35361.0,0.9843675531407874,0.9908846670504702,0.9876153588676899,10422.0,0.9767441860465116,1.0,0.9882352941176471,84.0,0.9986111111111111,1.0,0.9993050729673384,719.0,1.0,0.9986504723346828,0.9993247805536799,1482.0,0.981114435302917,0.9696913694326372,0.9753694581280788,5411.0,1.0,0.98583951449764,0.9928692699490662,1483.0,1.0,0.9955689471818504,0.9977795541344702,33852.0,0.997457627118644,1.0,0.9987271955876114,1177.0,,,,,,,,
lightgbm,temporal,6789,top50,,False,0.954759312048068,0.8970042554233466,0.9119855034946932,0.8383335468872984,0.0002262379457594525,0.9834557604775684,0.9685575453463326,10.30793809890747,0.16892123222351074,532745.3441786743,210008,89992,50,9.0,lightgbm_temporal_top50_seed6789.json,0.8001131605748557,0.9997737620542405,0.8888693334674277,35361.0,0.9853095487932844,0.9910765687967761,0.988184644821813,10422.0,0.9367088607594937,0.8809523809523809,0.9079754601226994,84.0,0.9972260748959778,1.0,0.9986111111111111,719.0,0.9986477349560514,0.9959541469993257,0.9972991222147198,1483.0,0.9841002618780397,0.9720990391722099,0.9780628369585425,5412.0,0.9892689470154259,0.9946055293324343,0.991930060524546,1483.0,0.9999600718706328,0.7398304333697675,0.8504482477587612,33851.0,0.9974204643164231,0.9855564995751912,0.9914529914529915,1177.0,,,,,,,,
lightgbm,temporal,789,top50,,False,0.9781234792081577,0.984711547731646,0.9973663684331269,0.9947465724588603,0.0,0.9993866552234589,0.9929276557785172,15.479690790176392,0.4971432685852051,181018.240991382,210008,89992,50,9.0,lightgbm_temporal_top50_seed789.json,0.9919490574506283,1.0,0.9959582588122632,35361.0,0.9085041430440471,0.9994242947610823,0.9517978708822589,10422.0,1.0,0.9529411764705882,0.9759036144578314,85.0,1.0,1.0,1.0,718.0,0.9993256911665542,0.9993256911665542,0.9993256911665542,1483.0,0.9988560970029742,0.8067257945306726,0.8925687416947766,5412.0,0.9993174061433447,0.9871881321645314,0.9932157394843962,1483.0,1.0,0.9921124929839591,0.9960406317194336,33851.0,0.9983007646559049,0.9983007646559049,0.9983007646559049,1177.0,,,,,,,,
lr,cross_station,1011,full,1.0,False,0.9715631868047923,0.9451724082069963,0.9675034445676648,0.9410834063362142,0.019066937119675456,0.9988385717525653,0.9941990341345939,17.891143083572388,0.12737202644348145,735922.9700376425,93736,93736,89,9.0,lr_cross_station_bs1_full_seed1011.json,0.7897536394176932,0.9809330628803246,0.8750226174167033,17255.0,0.9916486038505674,0.9752962568186093,0.9834044570886676,15949.0,1.0,1.0,1.0,132.0,0.9882352941176471,1.0,0.9940828402366864,1176.0,0.9931174089068826,0.996344435418359,0.994728304947283,2462.0,0.9425064599483204,0.9920670897552131,0.9666519434628975,8824.0,0.9791750100120145,0.9983666802776644,0.9886777193691872,2449.0,0.9995651840294651,0.8972151433753472,0.9456287656979698,43557.0,0.992798353909465,0.9989648033126294,0.9958720330237358,1932.0,,,,,,,,
lr,cross_station,123,full,1.0,False,0.9726863808169064,0.946948607159179,0.968578903363271,0.9431910702560735,0.019149180139892214,0.9984232947894424,0.9930798428450216,17.4386785030365,0.1397566795349121,669678.1886308348,93592,93592,89,9.0,lr_cross_station_bs1_full_seed123.json,0.798171129980405,0.9808508198601078,0.8801317007922626,17442.0,0.9879946642952423,0.9768873257128502,0.9824096005052898,15922.0,1.0,1.0,1.0,141.0,0.9842454394693201,1.0,0.9920601755119097,1187.0,0.9943181818181818,0.9987770077456176,0.9965426072808623,2453.0,0.9479469770449402,0.9849944008958567,0.9661156570926465,8930.0,0.9882970137207425,0.9987765089722676,0.9935091277890467,2452.0,0.9992554748273472,0.9015565644399147,0.9478952303252438,43172.0,0.9947257383966245,0.9963021658742737,0.9955133280548958,1893.0,,,,,,,,
lr,cross_station,2026,full,1.0,False,0.9692284338760699,0.9394221076872477,0.9631916377250171,0.932944262295082,0.018479438772600238,0.998664582466599,0.9963604729007619,18.924129247665405,0.16757988929748535,559631.5905992622,93783,93783,89,9.0,lr_cross_station_bs1_full_seed2026.json,0.7709434638473255,0.9815205612273997,0.863580479237235,17533.0,0.990616876941609,0.978703413717507,0.9846241098998046,15965.0,1.0,1.0,1.0,135.0,0.9781144781144782,1.0,0.9889361702127659,1162.0,0.98272398553636,0.9975530179445351,0.9900829791540174,2452.0,0.9510414429890487,0.9886160714285714,0.9694648133960818,8960.0,0.9894779441521652,0.9979591836734694,0.9937004673846779,2450.0,0.9992130734727067,0.8825178389398572,0.9372470382718023,43164.0,0.9939024390243902,0.9969418960244648,0.9954198473282443,1962.0,,,,,,,,
lr,cross_station,3141,full,1.0,False,0.9739978646490375,0.94873347028631,0.9696663568648052,0.9440561274670514,0.0136327185244587,0.9991239495113476,0.9963409725977663,17.701663732528687,0.16902971267700195,554417.3182088744,93713,93713,89,9.0,lr_cross_station_bs1_full_seed3141.json,0.801452108349623,0.9863672814755413,0.8843467543138867,17458.0,0.991629392971246,0.9788696858836886,0.9852082275266633,15854.0,1.0,1.0,1.0,138.0,0.9900414937759336,1.0,0.9949958298582152,1193.0,0.9951159951159951,0.9967386873216469,0.9959266802443992,2453.0,0.9509010467249379,0.9894453177633057,0.9697903483189347,8906.0,0.9878246753246753,0.9987689782519491,0.9932666802693327,2437.0,0.999718641293227,0.9020101082365973,0.9483543013818287,43331.0,0.9923076923076923,0.9958826556870818,0.9940919599280761,1943.0,,,,,,,,
lr,cross_station,42,full,1.0,False,0.9728446802361361,0.9510840154853984,0.9713755970414957,0.9483204134366925,0.01859360518999073,0.9989836368286308,0.9941853725440252,14.713489294052124,0.1562497615814209,598420.1131166277,93503,93503,89,9.0,lr_cross_station_bs1_full_seed42.json,0.8113297897811617,0.9814063948100092,0.8883005216661861,17264.0,0.9888496913191382,0.981676047529706,0.9852498116997238,15990.0,0.9924242424242424,1.0,0.9961977186311787,131.0,0.9921942758022549,1.0,0.9960818458859382,1144.0,0.9886501824077827,0.9870497774180493,0.9878493317132442,2471.0,0.9541572061844523,0.9881312283059008,0.9708470847084708,8931.0,0.9676273193841295,0.9983706720977596,0.9827586206896551,2455.0,0.9995417281938999,0.9091330122267507,0.9521961630811768,43184.0,0.9958634953464323,0.9963786859803414,0.9961210240496509,1933.0,,,,,,,,
lr,cross_station,4242,full,1.0,False,0.9746987455415008,0.9518763299173941,0.9720591185715242,0.9487480744628077,0.014491920179423773,0.9991645061593594,0.9965292330621531,17.28117537498474,0.13573718070983887,692448.4471275533,93991,93991,89,9.0,lr_cross_station_bs1_full_seed4242.json,0.8136067986516641,0.9855080798205762,0.8913450535732862,17389.0,0.9901412034092355,0.977888058295119,0.983976486204608,15919.0,1.0,1.0,1.0,141.0,0.9822784810126582,1.0,0.9910600255427842,1164.0,0.9939467312348669,0.9983785974868261,0.9961577350859454,2467.0,0.9515850765581195,0.9885739890220678,0.9697269380803253,8927.0,0.9874188311688312,0.9959066721244372,0.9916445893621357,2443.0,0.9993203272498427,0.910358428692641,0.9527672442759084,43607.0,0.9943269726663229,0.9968976215098242,0.9956106377485153,1934.0,,,,,,,,
lr,cross_station,456,full,1.0,False,0.9754702078171216,0.9530527646016241,0.9723567203616025,0.949559249217389,0.015607901860277601,0.9984920414325182,0.9950386378724423,16.716511964797974,0.16017842292785645,585035.1020262355,93710,93710,89,9.0,lr_cross_station_bs1_full_seed456.json,0.8161199446115647,0.9843920981397224,0.8923928366313372,17363.0,0.9923586347427407,0.9808043300396501,0.986547652961099,15889.0,1.0,1.0,1.0,139.0,0.9949238578680203,1.0,0.9974554707379135,1176.0,0.9921907110563091,0.9975206611570248,0.9948485472903359,2420.0,0.9540838375108038,0.9857126911485656,0.9696404062585781,8959.0,0.9766521567075583,0.9983818770226537,0.9873974794958992,2472.0,0.9994946176782736,0.9125178793891017,0.9540279787747227,43346.0,0.9953893442622951,0.9984583761562179,0.9969214982042073,1946.0,,,,,,,,
lr,cross_station,5555,full,1.0,False,0.9749172422020919,0.9547908354035743,0.9741246671929144,0.9541463542485715,0.021040027369141293,0.9988026529558791,0.9946848429443649,18.97967028617859,0.1735219955444336,540830.5713955956,93846,93846,89,9.0,lr_cross_station_bs1_full_seed5555.json,0.830704470679311,0.9789599726308587,0.898759357169031,17538.0,0.9901935812531839,0.9766361009923377,0.9833681148422184,15922.0,1.0,1.0,1.0,133.0,0.9817123857024106,1.0,0.9907718120805369,1181.0,0.9946743138058173,0.9967159277504105,0.9956940742259586,2436.0,0.938766709788702,0.9877495462794919,0.9626354189697104,8816.0,0.9762575452716298,0.9987649238369699,0.9873829873829874,2429.0,0.9996997522956439,0.9199861846649782,0.9581879444104704,43430.0,0.9954291518537328,0.9994900560938297,0.9974554707379135,1961.0,,,,,,,,
lr,cross_station,6789,full,1.0,False,0.970943894418538,0.9454816291104451,0.9678918802729862,0.9415316257187664,0.0175963197239793,0.9987182283603916,0.9949880447151743,13.048763036727905,0.19509410858154297,481357.4365868085,93910,93910,89,9.0,lr_cross_station_bs1_full_seed6789.json,0.7924668336580388,0.9824036802760207,0.8772722604498305,17390.0,0.9900012656625744,0.9769562230687566,0.9834354864057835,16013.0,0.9924812030075187,1.0,0.9962264150943396,132.0,0.9874371859296482,1.0,0.9936788874841972,1179.0,0.9919517102615694,0.9979757085020243,0.9949545913218971,2470.0,0.9461439034898751,0.9861906365779723,0.965752295090979,8907.0,0.9738745980707395,0.9967091731797614,0.9851595852815613,2431.0,0.9995644264521253,0.8976943255557089,0.9458945045886018,43458.0,0.9943211151264842,0.9979274611398964,0.9961210240496509,1930.0,,,,,,,,
lr,cross_station,789,full,1.0,False,0.9755526494916735,0.9541449326547691,0.9731779244488133,0.9508036064288514,0.014020289524677989,0.9991610044531554,0.9960712551393303,17.826838493347168,0.143662691116333,654839.4664542414,94076,94076,89,9.0,lr_cross_station_bs1_full_seed789.json,0.8212675053406124,0.985979710475322,0.8961176866696019,17546.0,0.9912291771832408,0.9804643615029335,0.9858173831189206,16022.0,0.9924242424242424,1.0,0.9961977186311787,131.0,0.9775,1.0,0.988621997471555,1173.0,0.9958881578947368,0.9950698438783895,0.9954788327168105,2434.0,0.9540682414698163,0.9896766874645491,0.9715462999053399,8815.0,0.993158953722334,0.9983818770226537,0.9957635666733912,2472.0,0.9994471945121491,0.9138846127334972,0.9547527604416707,43523.0,0.9923973644196655,0.9989795918367347,0.995677599796593,1960.0,,,,,,,,
lr,cross_station,1011,top20,1.0,False,0.9680498312550281,0.942665265951251,0.9654793124031683,0.9410964814790601,0.03720660678064329,0.9977104617077713,0.98923850034239,8.876702070236206,0.0987558364868164,949169.2170772455,93736,93736,20,9.0,lr_cross_station_bs1_top20_seed1011.json,0.786674874514632,0.9627933932193568,0.8658692309696923,17255.0,0.9841732084071917,0.9747319581164964,0.9794298314695228,15949.0,1.0,1.0,1.0,132.0,0.9655172413793104,1.0,0.9824561403508771,1176.0,0.9987785016286646,0.996344435418359,0.9975599837332249,2462.0,0.9360720798026386,0.9890072529465095,0.961811869730534,8824.0,0.9771908763505402,0.9971416904859126,0.9870654810024252,2449.0,0.9989039838911121,0.8997405698280414,0.9467326971856505,43557.0,0.98419173890872,0.9989648033126294,0.9915232468533265,1932.0,,,,,,,,
lr,cross_station,123,top20,1.0,False,0.9631529564247165,0.9561355262637402,0.9754776351252672,0.9648325673013789,0.05825020066506135,0.9967240781666852,0.9832039907533249,5.487330675125122,0.06365299224853516,1470347.2169001424,93592,93592,20,9.0,lr_cross_station_bs1_top20_seed123.json,0.8598199329983249,0.9417497993349386,0.8989219066382094,17442.0,0.9835908568509769,0.9675292048737596,0.9754939209726444,15922.0,0.9929577464788732,1.0,0.9964664310954063,141.0,0.9721539721539721,1.0,0.9858803986710963,1187.0,0.9657075285770595,0.9987770077456176,0.9819639278557114,2453.0,0.9336674842700224,0.9804031354983203,0.9564647402632873,8930.0,0.8304969366916269,0.9951060358890701,0.9053803339517625,2452.0,0.9999263279389013,0.9431576021495414,0.9707126935501175,43172.0,0.9978835978835979,0.9963021658742737,0.9970922548242136,1893.0,,,,,,,,
lr,cross_station,2026,top20,1.0,False,0.9635714403060772,0.9382061214009557,0.9667877843523114,0.9439081967213114,0.038099583642274566,0.9975069959974642,0.9902451108959354,7.654270648956299,0.06122756004333496,1531712.1886552938,93783,93783,20,9.0,lr_cross_station_bs1_top20_seed2026.json,0.7977012581591145,0.9619004163577254,0.8721396250808016,17533.0,0.9742932239246106,0.951957406827435,0.9629958180205297,15965.0,1.0,1.0,1.0,135.0,0.9731993299832495,1.0,0.9864176570458404,1162.0,0.9910858995137763,0.9975530179445351,0.9943089430894309,2452.0,0.8874949000407997,0.97109375,0.9274141973992752,8960.0,0.9702144559173947,0.9971428571428571,0.9834943639291466,2450.0,0.9991788976701221,0.9021406727828746,0.9481835005356969,43164.0,1.0,0.9943934760448522,0.9971888576539739,1962.0,,,,,,,,
lr,cross_station,3141,top20,1.0,False,0.9691803466823868,0.9429528130340961,0.9658742124818265,0.9409087928660416,0.03230610608317104,0.9984609514244362,0.9944995975256783,5.644523620605469,0.06412267684936523,1461464.2526566277,93713,93713,20,9.0,lr_cross_station_bs1_top20_seed3141.json,0.7894392523364486,0.9676938939168289,0.8695249369499202,17458.0,0.9841370962604319,0.9743913208023212,0.9792399606985516,15854.0,1.0,1.0,1.0,138.0,0.9778688524590164,1.0,0.9888106092001657,1193.0,0.9930950446791227,0.9967386873216469,0.9949135300101729,2453.0,0.9375863902179692,0.9901190208847968,0.9631369122385451,8906.0,0.9869971556277936,0.9967172753385309,0.9918334013883218,2437.0,0.9989476656143322,0.8982022108882786,0.9458999659748214,43331.0,0.9827323514474352,0.9958826556870818,0.9892638036809815,1943.0,,,,,,,,
lr,cross_station,42,top20,1.0,False,0.9594311503654667,0.9319306274210788,0.9624076385842977,0.9353742835031938,0.037303058387395734,0.9975408351313525,0.9862607133094339,8.318012237548828,0.06625628471374512,1411232.1631671938,93503,93503,20,9.0,lr_cross_station_bs1_top20_seed42.json,0.7713370770872975,0.9626969416126042,0.8564582206075597,17264.0,0.9739363740896896,0.9534709193245778,0.9635949943117179,15990.0,0.9924242424242424,1.0,0.9961977186311787,131.0,0.9786142001710864,1.0,0.9891915261565067,1144.0,0.9826682789197904,0.9866450829623634,0.9846526655896607,2471.0,0.8953356086461889,0.9693203448661964,0.9308602150537635,8931.0,0.9611612397018439,0.9979633401221996,0.9792166266986411,2455.0,0.999478664338034,0.8878982956650612,0.9403902044219897,43184.0,0.9927797833935018,0.9958613554061045,0.9943181818181818,1933.0,,,,,,,,
lr,cross_station,4242,top20,1.0,False,0.9664999205224056,0.9427786414151186,0.9689856718212485,0.9468551734941646,0.03289435850250158,0.9974434939328874,0.9899443381085768,6.4367804527282715,0.054589033126831055,1721792.723121203,93991,93991,20,9.0,lr_cross_station_bs1_top20_seed4242.json,0.8051034086556875,0.9671056414974984,0.8787000026125349,17389.0,0.9715754076517987,0.9619322821785288,0.966729797979798,15919.0,1.0,1.0,1.0,141.0,0.9740585774058578,1.0,0.986858838490886,1164.0,0.9855884707766213,0.9979732468585326,0.991742195367573,2467.0,0.9126080539742779,0.9697546768231209,0.9403139086514962,8927.0,0.9922480620155039,0.9954973393368809,0.9938700449530037,2443.0,0.9991666456223642,0.9073313917490311,0.9510371848184025,43607.0,0.9797160243407708,0.9989658738366081,0.989247311827957,1934.0,,,,,,,,
lr,cross_station,456,top20,1.0,False,0.9684174329786325,0.9462663090108856,0.970985037906644,0.9511703144851795,0.03524736508667857,0.9980445565510182,0.989313339553321,5.523622035980225,0.08581352233886719,1092019.0366962282,93710,93710,20,9.0,lr_cross_station_bs1_top20_seed456.json,0.8179598613213536,0.9647526349133214,0.8853126156122827,17363.0,0.9673899331399016,0.9652589842029077,0.9663232838736099,15889.0,1.0,1.0,1.0,139.0,0.9727047146401985,1.0,0.9861635220125786,1176.0,0.9905544147843942,0.996694214876033,0.9936148300720906,2420.0,0.9218320287708907,0.9727648175019533,0.9466138054635312,8959.0,0.9801192842942346,0.997168284789644,0.9885702827351113,2472.0,0.9991175654892469,0.9142250726710653,0.9547880350323459,43346.0,0.990316004077472,0.9984583761562179,0.9943705220061413,1946.0,,,,,,,,
lr,cross_station,5555,top20,1.0,False,0.9668212362360773,0.9490010800283587,0.9740405117270788,0.9578550086491586,0.03877295016535523,0.9975248655664211,0.9887533670030072,7.932085752487183,0.057871103286743164,1621638.3422829576,93846,93846,20,9.0,lr_cross_station_bs1_top20_seed5555.json,0.839792766762977,0.9612270498346448,0.8964160374348612,17538.0,0.9774678804312739,0.9508855671398065,0.9639935054598707,15922.0,1.0,1.0,1.0,133.0,0.9776490066225165,1.0,0.988698200083717,1181.0,0.9894093686354379,0.9971264367816092,0.9932529135146186,2436.0,0.8892110167736591,0.9741379310344828,0.9297390927790408,8816.0,0.9458089668615984,0.9987649238369699,0.9715658790548658,2429.0,0.9989824282736027,0.9268017499424361,0.9615393803301402,43430.0,0.9934077079107505,0.9989801121876594,0.996186117467582,1961.0,,,,,,,,
lr,cross_station,6789,top20,1.0,False,0.9696971453765681,0.9511656022700312,0.9723592170330585,0.9546262415054888,0.03916043703277746,0.9976022915417002,0.9893104938504754,6.498974800109863,0.08516573905944824,1102673.4580961952,93910,93910,20,9.0,lr_cross_station_bs1_top20_seed6789.json,0.8279569892473119,0.9608395629672225,0.8894626174443054,17390.0,0.9828793279022403,0.9644039218135265,0.9735539795114263,16013.0,0.9924812030075187,1.0,0.9962264150943396,132.0,0.9735755573905863,1.0,0.9866108786610879,1179.0,0.9868,0.9987854251012146,0.9927565392354125,2470.0,0.9283607248209018,0.989334231503312,0.9578781455513886,8907.0,0.9641862315957024,0.9967091731797614,0.9801779935275081,2431.0,0.9980356077183211,0.9235813889272401,0.9593661113368549,43458.0,0.985655737704918,0.9968911917098445,0.9912416280267903,1930.0,,,,,,,,
lr,cross_station,789,top20,1.0,False,0.9645903597386298,0.940001934793025,0.9678995488802324,0.9447928916764667,0.032543029750370454,0.9982137678276702,0.9891911228789291,8.437987804412842,0.06784725189208984,1386585.2687685366,94076,94076,20,9.0,lr_cross_station_bs1_top20_seed789.json,0.8007075471698113,0.9674569702496295,0.8762194807205905,17546.0,0.9744,0.9502558981400574,0.962176509621765,16022.0,1.0,1.0,1.0,131.0,0.9694214876033058,1.0,0.9844733529164919,1173.0,0.9865799105327369,0.9967132292522597,0.9916206826078071,2434.0,0.894891122278057,0.9697107203630175,0.9307998039962977,8815.0,0.9899719213798637,0.9983818770226537,0.9941591137965761,2472.0,0.9991121933896456,0.9049927624474415,0.9497263279724157,43523.0,0.9863842662632375,0.9979591836734694,0.992137966015724,1960.0,,,,,,,,
lr,cross_station,1011,top20_stable,1.0,False,0.96628061197285,0.9372132418893654,0.9619564851641733,0.9344804591990168,0.03720660678064329,0.9979211313302573,0.9893982722121355,9.064930438995361,0.0554807186126709,1689523.8984628476,93736,93736,20,9.0,lr_cross_station_bs1_top20_stable_seed1011.json,0.7682667406585275,0.9627933932193568,0.8546001697574526,17255.0,0.9819728963126378,0.9768010533575773,0.9793801471050481,15949.0,1.0,1.0,1.0,132.0,0.9759336099585062,1.0,0.9878202435951281,1176.0,0.9987785016286646,0.996344435418359,0.9975599837332249,2462.0,0.9383901596892533,0.9856074342701723,0.9614194118947601,8824.0,0.9756389776357828,0.9975500204164965,0.9864728447405613,2449.0,0.9982951903704086,0.8872971049429483,0.9395291171858857,43557.0,0.9806910569105691,0.9989648033126294,0.9897435897435898,1932.0,,,,,,,,
lr,cross_station,123,top20_stable,1.0,False,0.9079602737855892,0.9480150923392897,0.9723533199248594,0.9618253447143795,0.07212475633528265,0.9959879031525313,0.9352499674157662,10.07968783378601,0.06188511848449707,1512350.6634869878,93592,93592,20,9.0,lr_cross_station_bs1_top20_stable_seed123.json,0.8477292965271594,0.9278752436647173,0.8859934853420195,17442.0,0.9794939743832418,0.9750031403090064,0.97724339806742,15922.0,0.5402298850574713,1.0,0.7014925373134329,141.0,0.6402373247033442,1.0,0.7806642551792173,1187.0,0.9695170229612035,0.9983693436608235,0.9837316730267122,2453.0,0.9373320434268515,0.9764837625979843,0.956507431580102,8930.0,0.8866763215061549,0.9987765089722676,0.9393939393939394,2452.0,1.0,0.928333178912258,0.9628348348348348,43172.0,0.9903640256959315,0.977284733227681,0.9837809093326243,1893.0,,,,,,,,
lr,cross_station,2026,top20_stable,1.0,False,0.9672529799168714,0.9389790945145294,0.963234302058879,0.9363016393442622,0.033821935778246735,0.9978023982433635,0.9903099283800627,8.983155488967896,0.04962158203125,1889963.926199262,93783,93783,20,9.0,lr_cross_station_bs1_top20_stable_seed2026.json,0.7771711703445429,0.9661780642217532,0.8614289346554793,17533.0,0.9832289095626859,0.9731287190729722,0.978152741925329,15965.0,1.0,1.0,1.0,135.0,0.9627174813587407,1.0,0.9810046433094133,1162.0,0.991889699918897,0.9975530179445351,0.9947132980886539,2452.0,0.9330446720878657,0.9860491071428571,0.9588149112811329,8960.0,0.989469420818145,0.9971428571428571,0.9932913193738565,2450.0,0.9989346775450814,0.8906727828746177,0.9417023882424985,43164.0,0.9984639016897081,0.9938837920489296,0.9961685823754789,1962.0,,,,,,,,
lr,cross_station,3141,top20_stable,1.0,False,0.9694638519052639,0.9447276677588523,0.9672482770213481,0.9432430660284572,0.03110321915454233,0.9981688912306329,0.9934173892941437,6.98659610748291,0.048277854919433594,1941117.7268830372,93713,93713,20,9.0,lr_cross_station_bs1_top20_stable_seed3141.json,0.7962622981688086,0.9688967808454577,0.8741376191829668,17458.0,0.9825263692972424,0.9753374542702157,0.9789187135983793,15854.0,1.0,1.0,1.0,138.0,0.9722901385493072,1.0,0.9859504132231405,1193.0,0.9894822006472492,0.9971463514064411,0.9932994923857869,2453.0,0.940306505197728,0.9851785313271951,0.9622196633218183,8906.0,0.9869971556277936,0.9967172753385309,0.9918334013883218,2437.0,0.9990037041767786,0.9024947497172925,0.9483001115476017,43331.0,0.9867211440245148,0.9943386515697376,0.9905152524993591,1943.0,,,,,,,,
lr,cross_station,42,top20_stable,1.0,False,0.9564343934530916,0.9342675364357775,0.9624154044473091,0.9401093928304411,0.0597775718257646,0.997178298725104,0.9798429130116363,9.031891584396362,0.07386350631713867,1265888.997992292,93503,93503,20,9.0,lr_cross_station_bs1_top20_stable_seed42.json,0.7804596595826522,0.9402224281742354,0.85292417634386,17264.0,0.9725828816336821,0.9650406504065041,0.9687970868910095,15990.0,0.9776119402985075,1.0,0.9886792452830189,131.0,0.9493775933609958,1.0,0.9740315027671349,1144.0,0.9935561820378574,0.9983812221772562,0.9959628582963262,2471.0,0.9002262908866488,0.979957451573172,0.9384013295448453,8931.0,0.9124441132637854,0.9975560081466395,0.9531037166763962,2455.0,0.9999741374851291,0.8953547610226009,0.944777031154551,43184.0,0.9881748071979435,0.9943093636833937,0.9912325941206808,1933.0,,,,,,,,
lr,cross_station,4242,top20_stable,1.0,False,0.9658098780725035,0.9359549039026205,0.9609889703160855,0.9321036004281873,0.034274541376732415,0.9976588154451339,0.9920534744717392,5.722996473312378,0.05943441390991211,1581423.8555875581,93991,93991,20,9.0,lr_cross_station_bs1_top20_stable_seed4242.json,0.7635264162953532,0.9657254586232675,0.8528045095599625,17389.0,0.9811712846347607,0.9787675105220177,0.9799679235196075,15919.0,1.0,1.0,1.0,141.0,0.9683860232945092,1.0,0.9839391377852916,1164.0,0.9895414320193081,0.9971625456019457,0.9933373712901272,2467.0,0.9462943071965628,0.9868936932900191,0.9661676810878982,8927.0,0.9898249898249898,0.9954973393368809,0.9926530612244898,2443.0,0.9982874490775578,0.8822666085720182,0.9366980741606408,43607.0,0.9747729566094854,0.9989658738366081,0.9867211440245148,1934.0,,,,,,,,
lr,cross_station,456,top20_stable,1.0,False,0.9693244237330068,0.9497756739486952,0.9708774204760409,0.9512620011264359,0.036629614697920865,0.9975613009735809,0.9828702892164475,6.734342813491821,0.052663326263427734,1779416.6576424039,93710,93710,20,9.0,lr_cross_station_bs1_top20_stable_seed456.json,0.8180262128325508,0.9633703853020791,0.8847689825712094,17363.0,0.9824906426441667,0.9746994776260306,0.9785795526349046,15889.0,1.0,1.0,1.0,139.0,0.9340746624305004,1.0,0.9659137577002054,1176.0,0.9917898193760263,0.9983471074380166,0.9950576606260296,2420.0,0.931900021181953,0.9821408639357071,0.9563610673332971,8959.0,0.9828548644338118,0.997168284789644,0.9899598393574297,2472.0,0.9993964845223426,0.9168781433119549,0.9563606174725976,43346.0,0.9964065708418891,0.9974306269270298,0.9969183359013868,1946.0,,,,,,,,
lr,cross_station,5555,top20_stable,1.0,False,0.9693190029922297,0.9453044374163535,0.9679197087632495,0.9459820726529329,0.03780362641122135,0.9974280429569572,0.9877467255037176,6.489138603210449,0.06687641143798828,1403275.0559144386,93846,93846,20,9.0,lr_cross_station_bs1_top20_stable_seed5555.json,0.8036862408915559,0.9621963735887786,0.8758271701050993,17538.0,0.9846496815286624,0.9709207386006783,0.9777370185314022,15922.0,1.0,1.0,1.0,133.0,0.9833472106577852,1.0,0.9916036943744753,1181.0,0.9898125509372453,0.9971264367816092,0.9934560327198364,2436.0,0.9292347102145373,0.9875226860254084,0.9574924388232059,8816.0,0.9638458482320222,0.9987649238369699,0.98099474322685,2429.0,0.9977977471206176,0.9076214598204007,0.9505757520950142,43430.0,0.9939086294416244,0.998470168281489,0.9961841770541847,1961.0,,,,,,,,
lr,cross_station,6789,top20_stable,1.0,False,0.9595610110816293,0.9439169210618805,0.9674966532797858,0.9444851019341348,0.03496262219666475,0.9978330158653803,0.9772992254514014,7.895854473114014,0.09812760353088379,957019.1935895348,93910,93910,20,9.0,lr_cross_station_bs1_top20_stable_seed6789.json,0.7980028530670471,0.9650373778033352,0.8736074960957835,17390.0,0.9829362320672439,0.9712733404109162,0.9770699836662897,16013.0,0.8407643312101911,1.0,0.9134948096885813,132.0,0.9841269841269841,0.9991518235793045,0.9915824915824916,1179.0,0.9879663056558363,0.9971659919028341,0.9925448317549869,2470.0,0.9276447632106318,0.9874256202986416,0.9566021318251033,8907.0,0.9885714285714285,0.9962978198272316,0.9924195861503791,2431.0,0.9983978027008469,0.9033549634129504,0.9485014315224876,43458.0,0.9831460674157303,0.9974093264248705,0.9902263374485597,1930.0,,,,,,,,
lr,cross_station,789,top20_stable,1.0,False,0.9743626831291865,0.9551401036088666,0.9740479812131402,0.9538873644322488,0.02057448991223071,0.9987089063785183,0.9920975258832397,6.465173721313477,0.05314230918884277,1770265.5649700533,94076,94076,20,9.0,lr_cross_station_bs1_top20_stable_seed789.json,0.8296321328570049,0.9794255100877693,0.8983272347098797,17546.0,0.9892201979449032,0.9794033204344027,0.9842872824212012,16022.0,0.9924242424242424,1.0,0.9961977186311787,131.0,0.9638455217748562,1.0,0.9815899581589959,1173.0,0.990204081632653,0.9967132292522597,0.9934479934479934,2434.0,0.9498090561920349,0.9875212705615428,0.9682981090100111,8815.0,0.990766760337214,0.9983818770226537,0.9945597420914769,2472.0,0.998901921637135,0.9196516784229029,0.9576399937793835,43523.0,0.9913880445795339,0.9984693877551021,0.9949161159125572,1960.0,,,,,,,,
lr,cross_station,1011,top50,1.0,False,0.9715749943850006,0.9449786001424565,0.9671972467197246,0.9406780769079902,0.019878296146044624,0.998943796688643,0.995236571145298,9.156418085098267,0.08250689506530762,1136098.9881609783,93736,93736,50,9.0,lr_cross_station_bs1_top50_seed1011.json,0.7884749871788894,0.9801217038539554,0.8739148408433237,17255.0,0.990783703044556,0.9773653520596902,0.984028786061486,15949.0,1.0,1.0,1.0,132.0,0.9865771812080537,1.0,0.9932432432432432,1176.0,0.9915117219078415,0.996344435418359,0.9939222042139384,2462.0,0.945260202979918,0.9921804170444243,0.968152161893177,8824.0,0.9846959323399114,0.9983666802776644,0.9914841849148418,2449.0,0.999487980338445,0.8963197649057557,0.9450967101600135,43557.0,0.9897435897435898,0.9989648033126294,0.994332818134982,1932.0,,,,,,,,
lr,cross_station,123,top50,1.0,False,0.9719235669237825,0.945428119404785,0.9675760663459138,0.941483913328956,0.020009173259947253,0.9984180834333743,0.9903405151115072,8.40900707244873,0.12505888938903809,748383.4252585623,93592,93592,50,9.0,lr_cross_station_bs1_top50_seed123.json,0.7932154624344517,0.9799908267400528,0.8767664332794748,17442.0,0.9878126190173924,0.9773897751538752,0.9825735572673318,15922.0,1.0,1.0,1.0,141.0,0.9785655399835119,1.0,0.9891666666666666,1187.0,0.995929995929996,0.9975540154912352,0.9967413441955193,2453.0,0.9460331111588905,0.9854423292273237,0.9653356735410268,8930.0,0.9894949494949495,0.9987765089722676,0.9941140653541709,2452.0,0.9992527121395625,0.898221069211526,0.9460471584186194,43172.0,0.9963041182682154,0.9968304278922345,0.9965672035912332,1893.0,,,,,,,,
lr,cross_station,2026,top50,1.0,False,0.9678637873739956,0.934617978441527,0.9594152094457805,0.9260590163934426,0.019163862430844694,0.9988146156159569,0.9968993663964046,6.996769905090332,0.10205483436584473,918947.1579935942,93783,93783,50,9.0,lr_cross_station_bs1_top50_seed2026.json,0.7530983139916795,0.9808361375691553,0.8520114942528736,17533.0,0.9889049990544033,0.9825869088631382,0.9857358300867161,15965.0,1.0,1.0,1.0,135.0,0.97893850042123,1.0,0.9893571732652192,1162.0,0.9811547714514836,0.9979608482871125,0.9894864536999596,2452.0,0.9592941431200607,0.9889508928571429,0.9738967961751938,8960.0,0.9894779441521652,0.9979591836734694,0.9937004673846779,2450.0,0.9989893348227347,0.8701927532202761,0.9301536594727784,43164.0,0.9964322120285423,0.9964322120285423,0.9964322120285423,1962.0,,,,,,,,
lr,cross_station,3141,top50,1.0,False,0.9749716096725716,0.9504827822195826,0.970781317262161,0.9463510589469543,0.014491923473479208,0.9992229190922539,0.9968327994161884,8.671502113342285,0.10853910446166992,863403.106786221,93713,93713,50,9.0,lr_cross_station_bs1_top50_seed3141.json,0.8078981968444778,0.9855080765265208,0.8879083449450379,17458.0,0.991193363114231,0.9796896682225306,0.985407943154422,15854.0,1.0,1.0,1.0,138.0,0.9925124792013311,1.0,0.9962421711899792,1193.0,0.9951159951159951,0.9967386873216469,0.9959266802443992,2453.0,0.9507490031253368,0.9905681562991242,0.9702502062139126,8906.0,0.9906351791530945,0.9983586376692655,0.9944819129368485,2437.0,0.999668899472786,0.9058180055849161,0.9504322347870305,43331.0,0.9918032786885246,0.9963973237261966,0.9940949935815148,1943.0,,,,,,,,
lr,cross_station,42,top50,1.0,False,0.974172756100705,0.9536895591798789,0.9731850093540665,0.9518356746547043,0.01894114921223355,0.9991568945319693,0.9955212958602591,8.997220039367676,0.09136080741882324,1023447.6099949112,93503,93503,50,9.0,lr_cross_station_bs1_top50_seed42.json,0.8218254160803532,0.9810588507877664,0.8944102658886278,17264.0,0.9877227224076056,0.9811131957473421,0.9844068647444546,15990.0,0.9924242424242424,1.0,0.9961977186311787,131.0,0.9913344887348353,1.0,0.9956483899042646,1144.0,0.9898826386078511,0.9898826386078511,0.9898826386078511,2471.0,0.9540788762830902,0.9886910760273205,0.9710766523699549,8931.0,0.9722332407774693,0.9983706720977596,0.985128617363344,2455.0,0.9994689056928252,0.9151537606520934,0.9554548201873678,43184.0,0.9943211151264842,0.9963786859803414,0.9953488372093023,1933.0,,,,,,,,
lr,cross_station,4242,top50,1.0,False,0.974898677292983,0.952336609655009,0.9722862969277571,0.949191927103731,0.014549427799183392,0.9992097686158021,0.9968505659633237,8.40130615234375,0.11576390266418457,811919.7594146008,93991,93991,50,9.0,lr_cross_station_bs1_top50_seed4242.json,0.8149134487350199,0.9854505722008166,0.8921050576567665,17389.0,0.9893258783912574,0.9781393303599473,0.9837008023248468,15919.0,1.0,1.0,1.0,141.0,0.9822784810126582,1.0,0.9910600255427842,1164.0,0.9947495961227787,0.9983785974868261,0.9965607930406636,2467.0,0.9538478166882837,0.9885739890220678,0.9709004895758843,8927.0,0.9878197320341048,0.9959066721244372,0.9918467183041174,2443.0,0.9994215582717167,0.9112986447130048,0.9533279756264319,43607.0,0.9917737789203085,0.9974146845915202,0.9945862335653519,1934.0,,,,,,,,
lr,cross_station,456,top50,1.0,False,0.9763099171730715,0.9561072453584265,0.9744910243719735,0.9542090717382478,0.018314807348960432,0.9986352667715229,0.9949204597300686,8.354801416397095,0.08171296119689941,1146819.288242314,93710,93710,50,9.0,lr_cross_station_bs1_top50_seed456.json,0.8298038070201061,0.9816851926510396,0.8993773744195863,17363.0,0.9919734998088928,0.9800490905658003,0.9859752429797068,15889.0,1.0,1.0,1.0,139.0,0.9949238578680203,1.0,0.9974554707379135,1176.0,0.9921907110563091,0.9975206611570248,0.9948485472903359,2420.0,0.950285160873776,0.9857126911485656,0.967674775367083,8959.0,0.9724192277383766,0.9983818770226537,0.9852295409181637,2472.0,0.999449132383504,0.9208462141835464,0.9585389575303483,43346.0,0.9969214982042073,0.9984583761562179,0.9976893453145058,1946.0,,,,,,,,
lr,cross_station,5555,top50,1.0,False,0.9754049655820758,0.9551169861741357,0.9742495585638611,0.9544346595376632,0.02126810354658456,0.9988901491937336,0.9958015019324797,7.2544779777526855,0.15365219116210938,610769.0316045582,93846,93846,50,9.0,lr_cross_station_bs1_top50_seed5555.json,0.8315570196686367,0.9787318964534154,0.8991618648507071,17538.0,0.9891373396010672,0.9779550307750282,0.9835144012127337,15922.0,1.0,1.0,1.0,133.0,0.9849874895746455,1.0,0.992436974789916,1181.0,0.9938625204582652,0.9971264367816092,0.9954918032786885,2436.0,0.9405533938607868,0.9870689655172413,0.9632499446535311,8816.0,0.978225806451613,0.9987649238369699,0.9883886738643308,2429.0,0.9996749106004151,0.9204697213907437,0.9584387249907096,43430.0,0.9969465648854962,0.9989801121876594,0.9979623025980642,1961.0,,,,,,,,
lr,cross_station,6789,top50,1.0,False,0.9719531002376323,0.9480983542448463,0.9697290630488116,0.9453084161003659,0.019033927544565843,0.9989756615269213,0.9944191344012856,9.115941524505615,0.09200429916381836,1020713.1715963451,93910,93910,50,9.0,lr_cross_station_bs1_top50_seed6789.json,0.8030032009037846,0.9809660724554342,0.8831081430864006,17390.0,0.9893152936713663,0.9772060201086618,0.9832233741753064,16013.0,0.9924812030075187,1.0,0.9962264150943396,132.0,0.9882648784576697,1.0,0.9940978077571669,1179.0,0.9915526950925181,0.9979757085020243,0.9947538337368845,2470.0,0.9446653056838938,0.9870888065566409,0.9654112221368178,8907.0,0.9730923694779117,0.9967091731797614,0.984759195285511,2431.0,0.9995166009413561,0.9039992636568641,0.949361429624349,43458.0,0.9953488372093023,0.9979274611398964,0.9966364812419146,1930.0,,,,,,,,
lr,cross_station,789,top50,1.0,False,0.9755627755032525,0.9534499900274294,0.9726264795819366,0.9496929308767803,0.013735324290436567,0.9993164413508568,0.9970693494488319,9.995554208755493,0.08892488479614258,1057926.5884422138,94076,94076,50,9.0,lr_cross_station_bs1_top50_seed789.json,0.8180099267312692,0.9862646757095634,0.8942921371540787,17546.0,0.991732929445917,0.9808388465859443,0.9862558051964353,16022.0,0.9924242424242424,1.0,0.9961977186311787,131.0,0.9815899581589959,1.0,0.9907094594594594,1173.0,0.9958881578947368,0.9950698438783895,0.9954788327168105,2434.0,0.9545454545454546,0.9910380034032898,0.9724494907330106,8815.0,0.9939589206604913,0.9983818770226537,0.9961654894046418,2472.0,0.9994459136128951,0.9117707878592928,0.953597347046667,43523.0,0.9908906882591093,0.9989795918367347,0.9949186991869918,1960.0,,,,,,,,
lr,cross_station,1011,full,2.0,False,0.8824172100609967,0.8233201348798329,0.9264824434328801,0.9992808671434735,0.6997392060272385,0.9027819693476462,0.8590163725922836,17.261788606643677,0.1571335792541504,596537.0383906923,93736,93736,89,9.0,lr_cross_station_bs2_full_seed1011.json,0.9894957983193278,0.3002607939727615,0.46071762038148595,17255.0,0.9792899408284024,0.9131606997303906,0.9450699198598358,15949.0,0.9924812030075187,1.0,0.9962264150943396,132.0,0.9963414634146341,0.6947278911564626,0.8186372745490982,1176.0,0.9963533225283631,0.9987814784727863,0.9975659229208925,2462.0,0.8630219285070592,0.9767679057116954,0.9163787145818936,8824.0,0.8712094184801998,0.9971416904859126,0.9299314546839299,2449.0,0.7850088310564827,1.0,0.8795573639732237,43557.0,0.9979285344381149,0.9974120082815735,0.9976702045042712,1932.0,,,,,,,,
lr,cross_station,123,full,2.0,False,0.881140610750435,0.8186285218244211,0.9249360232929921,0.9991070256073539,0.7041050338263961,0.9021925151062155,0.8557490071849168,14.036441087722778,0.1297132968902588,721529.729362916,93592,93592,89,9.0,lr_cross_station_bs2_full_seed123.json,0.9869956014534328,0.29589496617360395,0.4552953111905077,17442.0,0.9744488640194162,0.9078005275719131,0.9399447244350512,15922.0,1.0,1.0,1.0,141.0,0.9916666666666667,0.7017691659646167,0.8219042920572275,1187.0,0.995114006514658,0.9963310232368529,0.9957221430026482,2453.0,0.8571287030615278,0.9687569988801792,0.9095305682594754,8930.0,0.8762075134168158,0.9987765089722676,0.9334858014103297,2452.0,0.7805601258384711,1.0,0.8767579533107909,43172.0,0.9968354430379747,0.9984152139461173,0.997624703087886,1893.0,,,,,,,,
lr,cross_station,2026,full,2.0,False,0.8860857097412693,0.8221161094967266,0.9254334838991695,0.9995409836065574,0.6985113785433184,0.9027310006178946,0.8564094567615923,7.39405369758606,0.1837465763092041,510393.18328404846,93783,93783,89,9.0,lr_cross_station_bs2_full_seed2026.json,0.9934222890434129,0.3014886214566817,0.46258860593331586,17533.0,0.9760842049163947,0.9177575947384905,0.9460227272727273,15965.0,1.0,1.0,1.0,135.0,0.9917355371900827,0.7228915662650602,0.8362369337979094,1162.0,0.9991833401388321,0.9979608482871125,0.9985717200571312,2452.0,0.8676104077360184,0.9713169642857142,0.9165394134063504,8960.0,0.8866763215061549,0.9995918367346939,0.9397544128933231,2450.0,0.7810933569787011,1.0,0.8770942341884683,43164.0,0.9969481180061037,0.9989806320081549,0.9979633401221996,1962.0,,,,,,,,
lr,cross_station,3141,full,2.0,False,0.8830371723892306,0.82020175747731,0.9252356300562599,0.9996196970690446,0.7039752548974683,0.898273924332571,0.8517288913926263,20.13796639442444,0.154677152633667,605861.9414978968,93713,93713,89,9.0,lr_cross_station_bs2_full_seed3141.json,0.9944198576101597,0.2960247451025318,0.456234826749062,17458.0,0.9749815051449324,0.9144064589378075,0.9437229437229437,15854.0,1.0,1.0,1.0,138.0,0.9952996474735605,0.7099748533109808,0.8287671232876712,1193.0,0.9963384865744508,0.9983693436608235,0.9973528812869069,2453.0,0.8617392170534914,0.971367617336627,0.9132752705199261,8906.0,0.8747750989564591,0.9975379565038982,0.9321319018404908,2437.0,0.7815695965079995,1.0,0.8773944032721824,43331.0,0.9989696032972695,0.997941327843541,0.9984552008238929,1943.0,,,,,,,,
lr,cross_station,42,full,2.0,False,0.8827284850878512,0.8199838125011,0.9255683890577507,0.998544052256719,0.7027919369786839,0.9030362144554833,0.8560873834598963,13.123140573501587,0.14882159233093262,628289.2054539949,93503,93503,89,9.0,lr_cross_station_bs2_full_seed42.json,0.9788248760015261,0.297208063021316,0.45596729760952637,17264.0,0.9758522727272727,0.902251407129456,0.9376096705010724,15990.0,1.0,1.0,1.0,131.0,0.9915254237288136,0.7159090909090909,0.8314720812182741,1144.0,0.9991883116883117,0.9963577498988264,0.9977710233029382,2471.0,0.8507550500098059,0.9714477662075915,0.9071043964660986,8931.0,0.8872779992750996,0.9971486761710794,0.9390103567318757,2455.0,0.7828577644030311,1.0,0.8782055192890408,43184.0,0.996386164171399,0.9984480082772892,0.9974160206718347,1933.0,,,,,,,,
lr,cross_station,4242,full,2.0,False,0.8809270532852457,0.8208199471674711,0.9258515579640023,0.9992167306336649,0.7015929610673414,0.8997394177211496,0.8537432488770191,14.528358459472656,0.17870664596557617,525951.3404896271,93991,93991,89,9.0,lr_cross_station_bs2_full_seed4242.json,0.9885692512859592,0.2984070389326586,0.4584327237388462,17389.0,0.9754601226993865,0.9089138764997802,0.9410119667013528,15919.0,1.0,1.0,1.0,141.0,0.9852579852579852,0.6890034364261168,0.8109201213346815,1164.0,0.9979707792207793,0.9967571949736522,0.9973636179273981,2467.0,0.8570722546209351,0.9713229528396998,0.9106280193236715,8927.0,0.8758521707929674,0.9991813344248874,0.9334608030592734,2443.0,0.7834812605555356,1.0,0.8785976930438725,43607.0,0.9994813278008299,0.9963805584281282,0.9979285344381149,1934.0,,,,,,,,
lr,cross_station,456,full,2.0,False,0.8847744925064991,0.8212990122547784,0.9257991698827641,0.9991748202286926,0.7006277716984393,0.9040080197615565,0.8605193530951186,12.707994937896729,0.12931013107299805,724691.8646080322,93710,93710,89,9.0,lr_cross_station_bs2_full_seed456.json,0.9880250902870177,0.2993722283015608,0.4595120226308345,17363.0,0.9740670887781221,0.9101265026118699,0.9410118757117293,15889.0,1.0,1.0,1.0,139.0,0.9930313588850174,0.7270408163265306,0.8394698085419735,1176.0,0.9971086327963652,0.9975206611570248,0.9973146044205743,2420.0,0.8607281023707966,0.9685232726866838,0.9114495798319328,8959.0,0.8845878136200717,0.9983818770226537,0.9380463702014443,2472.0,0.7828851120703668,1.0,0.8782227264899254,43346.0,0.9984567901234568,0.9974306269270298,0.9979434447300771,1946.0,,,,,,,,
lr,cross_station,5555,full,2.0,False,0.8817548766606057,0.8189938968394777,0.9246206173191301,0.999279236777271,0.7057817310981868,0.8979742999265218,0.8503514746458805,8.087451219558716,0.13795876502990723,680246.7387965941,93846,93846,89,9.0,lr_cross_station_bs2_full_seed5555.json,0.9894534995206136,0.2942182689018132,0.453566562651079,17538.0,0.9763679086941927,0.9133902776033161,0.943829704383944,15922.0,1.0,1.0,1.0,133.0,0.9823113207547169,0.7053344623200677,0.8210941350418925,1181.0,0.9975318798848211,0.9954844006568144,0.9965070885555783,2436.0,0.857586068855084,0.9719827586206896,0.9112079965971926,8816.0,0.8778985507246376,0.9975298476739399,0.9338986317209481,2429.0,0.7808903912543153,1.0,0.8769662581022959,43430.0,1.0,0.9974502804691484,0.9987235128925198,1961.0,,,,,,,,
lr,cross_station,6789,full,2.0,False,0.8836120930101906,0.8214840790781719,0.926286593268171,0.9994380554103502,0.6974698102357677,0.9047349659751391,0.8631214405720179,15.227126359939575,0.2597353458404541,361560.34018444864,93910,93910,89,9.0,lr_cross_station_bs2_full_seed6789.json,0.9918929110105581,0.3025301897642323,0.46364677888428657,17390.0,0.9785172133369476,0.9017048647973521,0.938542039065293,16013.0,1.0,1.0,1.0,132.0,0.9929660023446659,0.7184054283290925,0.8336614173228346,1179.0,0.989545637314033,0.9963562753036437,0.9929392777889853,2470.0,0.8486296693650639,0.9768721230492871,0.9082463465553235,8907.0,0.8851622311337951,0.9987659399424106,0.9385388480865868,2431.0,0.7837189590809904,1.0,0.8787471312014073,43458.0,0.9979285344381149,0.9984455958549223,0.9981869981869982,1930.0,,,,,,,,
lr,cross_station,789,full,2.0,False,0.8854580258701797,0.8216071360067868,0.9247987029878466,0.9987717235071214,0.703123218967286,0.9028458502212049,0.8585475908890691,11.626505136489868,0.15246057510375977,617051.3257999644,94076,94076,89,9.0,lr_cross_station_bs2_full_seed789.json,0.982274184423911,0.29687678103271403,0.4559499321633332,17546.0,0.9775184030771271,0.9199850205966795,0.9478794894054854,16022.0,1.0,1.0,1.0,131.0,0.9964497041420118,0.7178175618073316,0.8344895936570862,1173.0,0.9971276159212146,0.9983566146261298,0.99774173680969,2434.0,0.872914122914123,0.9732274532047646,0.9203454379659926,8815.0,0.8834048640915594,0.9991909385113269,0.9377372817008353,2472.0,0.7813824057450628,1.0,0.8772764379226591,43523.0,0.9984670413898825,0.996938775510204,0.9977023232065356,1960.0,,,,,,,,
lr,cross_station,1011,top20,2.0,False,0.861934649305047,0.8010346723432735,0.9201993949980828,0.9883892731528092,0.7083743842364532,0.8934577894713447,0.8379618020700482,7.204513788223267,0.057990312576293945,1616407.910833001,93736,93736,20,9.0,lr_cross_station_bs2_top20_seed1011.json,0.85,0.2916256157635468,0.4342610571736785,17255.0,0.9305013619966134,0.7924634773340021,0.8559528646891508,15949.0,1.0,1.0,1.0,132.0,0.9188275084554679,0.6930272108843537,0.7901114881240912,1176.0,0.997564935064935,0.9983753046303818,0.9979699553390174,2462.0,0.7753752680486061,0.9834542157751587,0.8671063149480416,8824.0,0.8705420827389444,0.9967333605553287,0.9293736912240624,2449.0,0.7945130515678298,0.9999770415777027,0.8854825265811462,43557.0,0.9968960165545784,0.9974120082815735,0.9971539456662355,1932.0,,,,,,,,
lr,cross_station,123,top20,2.0,False,0.8663630723582055,0.8059921607044893,0.9238351036678739,0.9982271831910703,0.7108703130374957,0.9084289487604296,0.8367126545098555,6.448737859725952,0.08596277236938477,1088750.367401277,93592,93592,20,9.0,lr_cross_station_bs2_top20_seed123.json,0.973928157589803,0.2891296869625043,0.44588859416445625,17442.0,0.8940700451048024,0.8465645019469916,0.8696690109039293,15922.0,1.0,1.0,1.0,141.0,0.9235033259423503,0.7017691659646167,0.7975107707036859,1187.0,0.9979575163398693,0.9959233591520587,0.996939400122424,2453.0,0.7842435094001791,0.9809630459126539,0.8716417910447761,8930.0,0.8724617028856431,0.9987765089722676,0.9313557710591367,2452.0,0.7988993477616365,0.9986796998054295,0.8876878731727403,43172.0,0.9942166140904312,0.9989434759640782,0.9965744400527009,1893.0,,,,,,,,
lr,cross_station,2026,top20,2.0,False,0.8301894683353717,0.8029466393717293,0.9205123535482305,0.9943344262295082,0.7221810300576057,0.898578664672169,0.856348513658888,9.251380443572998,0.07341551780700684,1277427.481292644,93783,93783,20,9.0,lr_cross_station_bs2_top20_seed2026.json,0.918536677352442,0.27781896994239436,0.42660711157820985,17533.0,0.9735510087688031,0.8553711243344817,0.9106428380901573,15965.0,0.5113636363636364,1.0,0.6766917293233082,135.0,0.9917743830787309,0.7263339070567987,0.8385494287133631,1162.0,0.9851106639839035,0.99836867862969,0.9916953615556006,2452.0,0.8154150570055593,0.9658482142857143,0.8842793644305932,8960.0,0.785829307568438,0.9959183673469387,0.8784878487848785,2450.0,0.7795931675331027,0.9971040682049856,0.8750343088918482,43164.0,0.9984439834024896,0.9811416921508664,0.9897172236503856,1962.0,,,,,,,,
lr,cross_station,3141,top20,2.0,False,0.8837196229954661,0.8231555342412995,0.925702628367425,0.9997114943282408,0.6996792301523657,0.9018153761653163,0.8773341238975487,6.729024887084961,0.09713983535766602,964722.6563124334,93713,93713,20,9.0,lr_cross_station_bs2_top20_seed3141.json,0.9958214624881292,0.30032076984763434,0.4614707565022224,17458.0,0.9744129448135237,0.9344014128926454,0.9539878288308594,15854.0,1.0,1.0,1.0,138.0,0.9917936694021102,0.7091366303436715,0.8269794721407625,1193.0,0.9947197400487409,0.9983693436608235,0.9965412004069176,2453.0,0.8878787878787879,0.9540759038850213,0.9197878328642564,8906.0,0.8552307150405072,0.9963069347558473,0.9203942380591357,2437.0,0.7815836940836941,1.0,0.8774032863897298,43331.0,0.9969119917653114,0.9969119917653114,0.9969119917653114,1943.0,,,,,,,,
lr,cross_station,42,top20,2.0,False,0.8690781250784063,0.8087327914880295,0.9245978939181265,0.9979275698789334,0.709626969416126,0.896808359853552,0.8385721841289681,5.432912826538086,0.06594419479370117,1417911.012372103,93503,93503,20,9.0,lr_cross_station_bs2_top20_seed42.json,0.9694449816283117,0.290373030583874,0.44689101849788276,17264.0,0.9455605507164934,0.8418386491557224,0.8906901343214451,15990.0,1.0,1.0,1.0,131.0,0.9079822616407982,0.7159090909090909,0.8005865102639296,1144.0,0.9991873222267371,0.9951436665317686,0.9971613949716139,2471.0,0.7809068366985477,0.9873474414959131,0.8720763487118627,8931.0,0.8811239193083573,0.9963340122199593,0.9351940355572548,2455.0,0.7909652127718039,0.9998610596517229,0.883229521442525,43184.0,0.9928020565552699,0.9989653388515262,0.9958741619391439,1933.0,,,,,,,,
lr,cross_station,4242,top20,2.0,False,0.8629129311964427,0.8097495274361017,0.9247618759638354,0.9981070990313569,0.7071136925642648,0.9016649422424832,0.8512408160062079,8.222147226333618,0.06747984886169434,1392875.0817542954,93991,93991,20,9.0,lr_cross_station_bs2_top20_seed4242.json,0.9723176785032455,0.29288630743573524,0.45017015070491007,17389.0,0.9798962847197557,0.8665117155600226,0.9197226296839579,15919.0,0.9929577464788732,1.0,0.9964664310954063,141.0,0.9250288350634371,0.6890034364261168,0.7897587395371738,1164.0,0.9915254237288136,0.9959464937170652,0.9937310414560162,2467.0,0.8073725055432373,0.9789402934916546,0.8849172193812972,8927.0,0.8741912293314162,0.9954973393368809,0.9309090909090909,2443.0,0.782356554415378,0.9930745063865893,0.8752109459473115,43607.0,0.8637382339757956,0.9963805584281282,0.9253301320528211,1934.0,,,,,,,,
lr,cross_station,456,top20,2.0,False,0.8767032218410545,0.8147417581212019,0.9254654618230336,0.9993843896944216,0.7051200829349766,0.9011719496447983,0.8454680252739439,6.263638257980347,0.07015466690063477,1335762.8813593884,93710,93710,20,9.0,lr_cross_station_bs2_top20_seed456.json,0.9909038126572479,0.2948799170650233,0.4545051043053706,17363.0,0.9859376115354415,0.869280634401158,0.9239414007625928,15889.0,1.0,1.0,1.0,139.0,0.9312977099236641,0.7261904761904762,0.8160535117056856,1176.0,0.9958728848534875,0.9971074380165289,0.9964897790625645,2420.0,0.8058066283210079,0.9851545931465565,0.8865006026516673,8959.0,0.8832378223495702,0.9975728155339806,0.9369300911854104,2472.0,0.7828851120703668,1.0,0.8782227264899254,43346.0,0.9984559958826557,0.9969167523124358,0.9976857804062741,1946.0,,,,,,,,
lr,cross_station,5555,top20,2.0,False,0.846436691537553,0.8059986262282113,0.9211466495500842,0.9967500131047858,0.7283612726650701,0.9083498430923659,0.8640133818610597,9.240692615509033,0.09112238883972168,1029889.593490234,93846,93846,20,9.0,lr_cross_station_bs2_top20_seed5555.json,0.9505187549880287,0.2716387273349299,0.4225277161862528,17538.0,0.9734258051225709,0.8903404094962944,0.9300311628669837,15922.0,0.7471910112359551,1.0,0.8553054662379421,133.0,0.9640371229698376,0.7036409822184589,0.8135095447870778,1181.0,0.982200647249191,0.9967159277504105,0.9894050529747351,2436.0,0.8458027386386188,0.9668784029038112,0.9022970255107442,8816.0,0.7767799871712636,0.9971181556195965,0.8732648278348657,2429.0,0.7793466123977957,0.9964080128943127,0.8746109381947532,43430.0,0.9391261659302896,0.9755226925038246,0.9569784892446224,1961.0,,,,,,,,
lr,cross_station,6789,top20,2.0,False,0.8742773684765506,0.8140717564644507,0.9244707864419517,0.9967720857292212,0.7024726854514088,0.9054034181733309,0.8549819353770011,5.662060976028442,0.06844401359558105,1372070.325315684,93910,93910,20,9.0,lr_cross_station_bs2_top20_seed6789.json,0.9544364508393285,0.29752731454859116,0.4536407873394415,17390.0,0.9256513026052104,0.8653593954911635,0.8944905270632282,16013.0,1.0,1.0,1.0,132.0,0.9377085650723026,0.7150127226463104,0.8113570741097209,1179.0,0.9987824675324676,0.9963562753036437,0.9975678962302391,2470.0,0.8159116227255848,0.9867519928146402,0.8932364449413079,8907.0,0.8783049619703006,0.9975318798848211,0.9341294298921418,2431.0,0.7964480123164898,0.9999309678310092,0.8866648302880054,43458.0,0.9974093264248705,0.9974093264248705,0.9974093264248705,1930.0,,,,,,,,
lr,cross_station,789,top20,2.0,False,0.8629408781293226,0.79968751276622,0.9233739431462619,0.9967986410557951,0.7076256696683004,0.8998316945711645,0.8352819248295211,6.801368951797485,0.05554819107055664,1693592.503858601,94076,94076,20,9.0,lr_cross_station_bs2_top20_seed789.json,0.9544186046511628,0.2923743303316995,0.4476244491950613,17546.0,0.9167384438702268,0.7971539133691175,0.8527742538559124,16022.0,1.0,1.0,1.0,131.0,0.9272326350606395,0.7169650468883205,0.8086538461538462,1173.0,0.9959049959049959,0.9991783073130649,0.9975389663658737,2434.0,0.7362899786780384,0.9793533749290981,0.840603700097371,8815.0,0.8808419550481627,0.9987864077669902,0.9361137440758294,2472.0,0.7940773988724068,0.9999540472853434,0.8852028882334995,43523.0,0.9994882292732856,0.9964285714285714,0.99795605518651,1960.0,,,,,,,,
lr,cross_station,1011,top20_stable,2.0,False,0.8725588369143635,0.81397269740339,0.9245355121649409,0.9964435611459055,0.7052448565633149,0.9010969827493164,0.851048016765448,7.358107328414917,0.0709226131439209,1321665.9094298268,93736,93736,20,9.0,lr_cross_station_bs2_top20_stable_seed1011.json,0.9492347891004106,0.294755143436685,0.4498297439525936,17255.0,0.9654811715481172,0.8680795034171421,0.9141932714846974,15949.0,1.0,1.0,1.0,132.0,0.928246013667426,0.6930272108843537,0.7935735150925024,1176.0,0.9951436665317686,0.9987814784727863,0.9969592540036489,2462.0,0.8170338017470566,0.975181323662738,0.8891299855342013,8824.0,0.8705420827389444,0.9967333605553287,0.9293736912240624,2449.0,0.7877346547545846,1.0,0.8812657433915692,43557.0,1.0,0.9974120082815735,0.9987043275459964,1932.0,,,,,,,,
lr,cross_station,123,top20_stable,2.0,False,0.8339113486282921,0.8077470161427507,0.921482545926165,0.9936703873933027,0.7116729732828804,0.9046554104636395,0.8815016817268012,7.722042798995972,0.0627751350402832,1490908.7800439047,93592,93592,20,9.0,lr_cross_station_bs2_top20_stable_seed123.json,0.912538559245146,0.28832702671711957,0.43819979959046745,17442.0,0.9697558868006049,0.8458108277854541,0.9035526183367439,15922.0,0.3863013698630137,1.0,0.5573122529644269,141.0,0.9946294307196563,0.7801179443976411,0.874409820585458,1187.0,0.9943135662063363,0.9979616795760293,0.9961342828077314,2453.0,0.8114376936801577,0.9676371780515117,0.8826804229020889,8930.0,0.9581377151799687,0.9987765089722676,0.978035143769968,2452.0,0.7800946839651621,1.0,0.8764642588870617,43172.0,0.9994706193753309,0.9973586899101955,0.9984135378106822,1893.0,,,,,,,,
lr,cross_station,2026,top20_stable,2.0,False,0.874108397800896,0.8108190383488272,0.9241221865342231,0.9980459016393443,0.7042719443335425,0.8992103788927606,0.8443011651763368,5.966125726699829,0.045136213302612305,2077777.3131130654,93783,93783,20,9.0,lr_cross_station_bs2_top20_stable_seed2026.json,0.9720659917510311,0.29572805566645755,0.4534919316044956,17533.0,0.9840798900065127,0.8518008142812402,0.9131748589846898,15965.0,1.0,1.0,1.0,135.0,0.9251925192519251,0.7237521514629949,0.8121680347658136,1162.0,0.9995908346972177,0.9963295269168027,0.9979575163398693,2452.0,0.7928526533177696,0.9854910714285714,0.8787381201174305,8960.0,0.8827984132708259,0.9991836734693877,0.9373923032739805,2450.0,0.7811074918566775,1.0,0.8771031455742502,43164.0,0.994421906693712,0.9994903160040775,0.9969496695475343,1962.0,,,,,,,,
lr,cross_station,3141,top20_stable,2.0,False,0.8720263853993679,0.8104172796163361,0.9250772040309908,0.9997639499049242,0.706323748424791,0.8907067011451245,0.8369689371997255,5.818655490875244,0.05695319175720215,1645438.94922534,93713,93713,20,9.0,lr_cross_station_bs2_top20_stable_seed3141.json,0.9965014577259476,0.29367625157520905,0.45365659425739946,17458.0,0.9836972343522562,0.8525293301375048,0.913428397648172,15854.0,1.0,1.0,1.0,138.0,0.9317180616740088,0.7091366303436715,0.8053307948595907,1193.0,0.99836867862969,0.9979616795760293,0.998165137614679,2453.0,0.7850676705207493,0.9834942735234673,0.8731495788266959,8906.0,0.8724856321839081,0.9967172753385309,0.9304730894464662,2437.0,0.7815414028822394,1.0,0.8773766375766903,43331.0,0.9958890030832477,0.9974266598044261,0.9966572383646182,1943.0,,,,,,,,
lr,cross_station,42,top20_stable,2.0,False,0.8676817608783083,0.8067612307981984,0.9240460150302795,0.9967077217696979,0.7090477293790547,0.9038788297272001,0.8457002214030518,5.462457895278931,0.05368685722351074,1741636.6842023458,93503,93503,20,9.0,lr_cross_station_bs2_top20_stable_seed42.json,0.9524080394387562,0.2909522706209453,0.44573609015884286,17264.0,0.9035200324302411,0.8363352095059412,0.8686304439608976,15990.0,1.0,1.0,1.0,131.0,0.934931506849315,0.7159090909090909,0.810891089108911,1144.0,0.9987819732034104,0.9955483609874545,0.9971625456019457,2471.0,0.7800196411034729,0.9782779084089128,0.8679713888336976,8931.0,0.8811239193083573,0.9963340122199593,0.9351940355572548,2455.0,0.7990154347262834,0.9997684327528714,0.8881894299409574,43184.0,0.9917822290703646,0.9989653388515262,0.9953608247422681,1933.0,,,,,,,,
lr,cross_station,4242,top20_stable,2.0,False,0.864833910309653,0.806308087884701,0.9238847049572029,0.9969191404924154,0.7100465811720053,0.8999981232007929,0.8353084995360374,6.3022377490997314,0.05592679977416992,1680607.5151721844,93991,93991,20,9.0,lr_cross_station_bs2_top20_stable_seed4242.json,0.9552860932171277,0.2899534188279947,0.4448758106498434,17389.0,0.9043561251619061,0.8333438030027012,0.8673989799921538,15919.0,1.0,1.0,1.0,141.0,0.9228998849252014,0.6890034364261168,0.7889818002951303,1164.0,0.998780487804878,0.9959464937170652,0.9973614775725593,2467.0,0.777405119152692,0.9866696538590792,0.8696253147060276,8927.0,0.8692554328464553,0.9987720016373312,0.9295238095238095,2443.0,0.799970645972077,0.999931203705827,0.8888435901094645,43607.0,0.9979274611398964,0.9958634953464323,0.9968944099378882,1934.0,,,,,,,,
lr,cross_station,456,top20_stable,2.0,False,0.8735889548500579,0.8112491982561627,0.9249992418039001,0.9987294851140189,0.7065599262800207,0.897237636972692,0.8393572600853979,7.069486379623413,0.07539510726928711,1242918.8496980045,93710,93710,20,9.0,lr_cross_station_bs2_top20_stable_seed456.json,0.9813174114021571,0.29344007371997927,0.4517845267124806,17363.0,0.9837067209775967,0.8511548870287621,0.9126429800587104,15889.0,1.0,1.0,1.0,139.0,0.9212513484358145,0.7261904761904762,0.8121730860675226,1176.0,0.9954657873042044,0.9979338842975206,0.9966983078827899,2420.0,0.7888004293765095,0.9842616363433419,0.8757572748038535,8959.0,0.8835542816194912,0.9975728155339806,0.9371081132433973,2472.0,0.7828426945999639,1.0,0.8781960371165769,43346.0,1.0,0.9958890030832477,0.9979402677651905,1946.0,,,,,,,,
lr,cross_station,5555,top20_stable,2.0,False,0.873021664214399,0.8093311646370631,0.9237708396483783,0.9984274256958642,0.7101151784696088,0.9004138292947448,0.8433170798760985,5.971572160720825,0.06746387481689453,1391055.5872266437,93846,93846,20,9.0,lr_cross_station_bs2_top20_stable_seed5555.json,0.9769408147578785,0.28988482153039113,0.4471022777240348,17538.0,0.9518435440908454,0.852845119959804,0.8996289916523121,15922.0,1.0,1.0,1.0,133.0,0.9834710743801653,0.7053344623200677,0.8214990138067061,1181.0,0.9975359342915812,0.9971264367816092,0.997331143502361,2436.0,0.7900144196106705,0.9943284936479129,0.8804740859783046,8816.0,0.8743682310469314,0.9971181556195965,0.9317176380073091,2429.0,0.7876743384660029,1.0,0.8812279971998742,43430.0,0.9989785495403473,0.9974502804691484,0.9982138300586885,1961.0,,,,,,,,
lr,cross_station,6789,top20_stable,2.0,False,0.8171127147307288,0.8016727001467934,0.9216395711666646,0.9920151594354417,0.7071305347901092,0.9068288594616818,0.8678607761969284,9.045727729797363,0.1072072982788086,875966.4827647556,93910,93910,20,9.0,lr_cross_station_bs2_top20_stable_seed6789.json,0.8928821879382889,0.29286946520989077,0.4410669437949251,17390.0,0.8659107882408853,0.7964778617373384,0.829744323726498,16013.0,0.32673267326732675,1.0,0.4925373134328358,132.0,0.9867403314917127,0.7574215436810857,0.8570057581573897,1179.0,0.9955537590945837,0.9971659919028341,0.9963592233009708,2470.0,0.7615853658536585,0.9815875154372965,0.857703438465689,8907.0,0.9805746661270741,0.9967091731797614,0.9885760913912689,2431.0,0.8073578595317725,0.9998619356620185,0.8933571825078641,43458.0,0.999479979199168,0.9958549222797928,0.9976641577991175,1930.0,,,,,,,,
lr,cross_station,789,top20_stable,2.0,False,0.8669701354850422,0.8033630024184315,0.924585921012052,0.9989285247615314,0.7060868574033968,0.8909946962930311,0.8289741288176479,6.562716007232666,0.04047369956970215,2324373.630287643,94076,94076,20,9.0,lr_cross_station_bs2_top20_stable_seed789.json,0.9843481580454285,0.2939131425966032,0.45266622778143517,17546.0,0.9788864678037418,0.8131319435775808,0.888343390951553,16022.0,1.0,1.0,1.0,131.0,0.9262114537444934,0.7169650468883205,0.8082652570879385,1173.0,0.9971287940935193,0.9987674609695973,0.9979474548440066,2434.0,0.7431627987231473,0.9771979580260919,0.8442614917181221,8815.0,0.8802139037433155,0.9987864077669902,0.9357589539511085,2472.0,0.7813824057450628,1.0,0.8772764379226591,43523.0,0.9994884910485934,0.996938775510204,0.9982120051085568,1960.0,,,,,,,,
lr,cross_station,1011,top50,2.0,False,0.8838642473754234,0.824407563127501,0.9265618271907428,0.9987970868581739,0.6964358157055925,0.903816338982058,0.8595101344590278,7.462584972381592,0.1087641716003418,861827.92201495,93736,93736,50,9.0,lr_cross_station_bs2_top50_seed1011.json,0.9827392120075047,0.3035641842944074,0.46384768651760017,17255.0,0.9823521487269298,0.9144146968461973,0.9471667478486767,15949.0,1.0,1.0,1.0,132.0,0.9963414634146341,0.6947278911564626,0.8186372745490982,1176.0,0.9963533225283631,0.9987814784727863,0.9975659229208925,2462.0,0.8655064882808571,0.9750679963735267,0.9170263788968825,8824.0,0.8771551724137931,0.9971416904859126,0.9333078540034397,2449.0,0.7850088310564827,1.0,0.8795573639732237,43557.0,0.9984447900466563,0.9968944099378882,0.9976689976689976,1932.0,,,,,,,,
lr,cross_station,123,top50,2.0,False,0.8810394164249779,0.8180117659337005,0.9244334178569908,0.998187787261983,0.7045636968237587,0.9028686520517721,0.8574082510459009,7.7402989864349365,0.08245611190795898,1135052.306425403,93592,93592,50,9.0,lr_cross_station_bs2_top50_seed123.json,0.973917973917974,0.29543630317624126,0.4533497558615229,17442.0,0.9737802405730505,0.9050370556462756,0.9381510416666666,15922.0,1.0,1.0,1.0,141.0,0.9916765755053508,0.7026116259477675,0.8224852071005917,1187.0,0.9983660130718954,0.9963310232368529,0.9973474801061007,2453.0,0.8574263319773787,0.9677491601343785,0.9092535114945552,8930.0,0.8777777777777778,0.9987765089722676,0.9343761922930179,2452.0,0.780574238808129,1.0,0.8767668562144598,43172.0,0.9968354430379747,0.9984152139461173,0.997624703087886,1893.0,,,,,,,,
lr,cross_station,2026,top50,2.0,False,0.886294811129813,0.8222324590332195,0.9254287709073248,0.9995540983606558,0.6986254491530257,0.9009727692006321,0.8554781604344293,6.281960487365723,0.09550142288208008,982006.3112127461,93783,93783,50,9.0,lr_cross_station_bs2_top50_seed2026.json,0.9936066190297104,0.3013745508469743,0.4624742899654282,17533.0,0.9775670984110028,0.9171312245537112,0.9463852890799211,15965.0,1.0,1.0,1.0,135.0,0.995260663507109,0.7228915662650602,0.8374875373878365,1162.0,0.9987755102040816,0.9979608482871125,0.9983680130558955,2452.0,0.8665607625099285,0.9741071428571428,0.9171920975199663,8960.0,0.8869974646867077,0.9995918367346939,0.939934753406256,2450.0,0.7811074918566775,1.0,0.8771031455742502,43164.0,0.9969465648854962,0.9984709480122325,0.9977081741787625,1962.0,,,,,,,,
lr,cross_station,3141,top50,2.0,False,0.8827763401090056,0.8198494569746043,0.9251694899823378,0.999475444233165,0.7039179745675335,0.9015970654714184,0.8547568701146244,7.361152648925781,0.11239051818847656,833815.8904369961,93713,93713,50,9.0,lr_cross_station_bs2_top50_seed3141.json,0.992320982914187,0.2960820254324665,0.4560815282128204,17458.0,0.9759524452850581,0.9113157562760187,0.9425272359579882,15854.0,1.0,1.0,1.0,138.0,0.9952996474735605,0.7099748533109808,0.8287671232876712,1193.0,0.9967439967439967,0.9983693436608235,0.9975560081466395,2453.0,0.8580625990491284,0.9727150235796093,0.9117987580254711,8906.0,0.8747750989564591,0.9975379565038982,0.9321319018404908,2437.0,0.7815977921679684,1.0,0.877412169687152,43331.0,0.9994845360824742,0.997941327843541,0.9987123358228174,1943.0,,,,,,,,
lr,cross_station,42,top50,2.0,False,0.8825434973969933,0.8195681024684863,0.9251863652393866,0.9979013365862617,0.7034291010194624,0.9032518622683204,0.8563439128654088,6.154332399368286,0.09936690330505371,940987.3598752324,93503,93503,50,9.0,lr_cross_station_bs2_top50_seed42.json,0.9696969696969697,0.2965708989805375,0.45422285308729593,17264.0,0.9751556999729217,0.9008755472170107,0.9365450880957025,15990.0,1.0,1.0,1.0,131.0,0.9915254237288136,0.7159090909090909,0.8314720812182741,1144.0,0.9991886409736308,0.9967624443545123,0.9979740680713128,2471.0,0.8526201946711238,0.9709998880304557,0.9079677520678463,8931.0,0.8869565217391304,0.9971486761710794,0.938830297219559,2455.0,0.7828577644030311,1.0,0.8782055192890408,43184.0,0.996900826446281,0.9984480082772892,0.9976738175239079,1933.0,,,,,,,,
lr,cross_station,4242,top50,2.0,False,0.8815902022537063,0.8212930088984728,0.9254300252297603,0.9983812433095741,0.701650468687101,0.901621203371221,0.8543306081180206,7.312407493591309,0.10417866706848145,902209.6619667382,93991,93991,50,9.0,lr_cross_station_bs2_top50_seed4242.json,0.9766566265060241,0.298349531312899,0.4570723756662702,17389.0,0.974887531054858,0.9120547773101325,0.942425029209399,15919.0,1.0,1.0,1.0,141.0,0.9864864864864865,0.6898625429553265,0.8119312436804853,1164.0,0.9987814784727863,0.9967571949736522,0.9977683100020288,2467.0,0.8665599679903971,0.9704267951159404,0.9155569647009089,8927.0,0.8755380200860832,0.9991813344248874,0.9332823551902122,2443.0,0.7834953375136999,1.0,0.8786065441650548,43607.0,0.9994810586403736,0.9958634953464323,0.9976689976689976,1934.0,,,,,,,,
lr,cross_station,456,top50,2.0,False,0.8850857488732915,0.8215008414392198,0.9255615505532054,0.9987425832056269,0.7008581466336462,0.9005606031254083,0.856353831519033,6.76526951789856,0.10752701759338379,871501.8987541047,93710,93710,50,9.0,lr_cross_station_bs2_top50_seed456.json,0.9818525519848771,0.29914185336635374,0.45857060874939304,17363.0,0.975,0.9106299955944364,0.9417162940544762,15889.0,1.0,1.0,1.0,139.0,0.9930313588850174,0.7270408163265306,0.8394698085419735,1176.0,0.9975206611570248,0.9975206611570248,0.9975206611570248,2420.0,0.8640882879300059,0.9700859470923094,0.9140242940526897,8959.0,0.8845878136200717,0.9983818770226537,0.9380463702014443,2472.0,0.7828851120703668,1.0,0.8782227264899254,43346.0,0.9984575835475579,0.9979445015416238,0.9982009766126959,1946.0,,,,,,,,
lr,cross_station,5555,top50,2.0,False,0.8826403094142863,0.8195424885470087,0.9244404003639672,0.9985453687686743,0.7039001026342798,0.8988365041202075,0.8524842678198029,7.460244417190552,0.09953069686889648,942884.9887750263,93846,93846,50,9.0,lr_cross_station_bs2_top50_seed5555.json,0.9790723981900452,0.2960998973657202,0.45468873128447596,17538.0,0.9760354433778613,0.9132018590629318,0.9435737694279502,15922.0,1.0,1.0,1.0,133.0,0.9893111638954869,0.7053344623200677,0.8235294117647058,1181.0,0.9987644151565074,0.9954844006568144,0.9971217105263158,2436.0,0.864264809768897,0.971415607985481,0.914712950600801,8816.0,0.8785791953606379,0.9979415397282833,0.9344641480339244,2429.0,0.7808623107627027,1.0,0.8769485501978839,43430.0,1.0,0.9974502804691484,0.9987235128925198,1961.0,,,,,,,,
lr,cross_station,6789,top50,2.0,False,0.8833027068011408,0.8208419732689042,0.9258087968011632,0.9985232618923158,0.6976998274870615,0.9056141385500589,0.8649709044239072,7.678655385971069,0.10344147682189941,907856.3346663133,93910,93910,50,9.0,lr_cross_station_bs2_top50_seed6789.json,0.9789571694599628,0.30230017251293845,0.4619507908611599,17390.0,0.9784265686674833,0.8978330106788235,0.9363988667079167,16013.0,1.0,1.0,1.0,132.0,0.994131455399061,0.7184054283290925,0.8340718857705564,1179.0,0.9951475940153659,0.9963562753036437,0.9957515678737608,2470.0,0.8488247342241295,0.9770966655439542,0.9084551148225469,8907.0,0.8812636165577342,0.9983545865898807,0.9361620057859209,2431.0,0.7837189590809904,1.0,0.8787471312014073,43458.0,0.9979285344381149,0.9984455958549223,0.9981869981869982,1930.0,,,,,,,,
lr,cross_station,789,top50,2.0,False,0.8850064897363326,0.8210155985263852,0.924641416066254,0.9986018554815105,0.7038641285763136,0.9011391473795403,0.858157968355167,6.58692193031311,0.12096047401428223,777741.6612049,94076,94076,50,9.0,lr_cross_station_bs2_top50_seed789.json,0.9798227418442391,0.2961358714236863,0.45481202678454197,17546.0,0.9777925531914894,0.917862938459618,0.946880432683021,16022.0,1.0,1.0,1.0,131.0,0.9964497041420118,0.7178175618073316,0.8344895936570862,1173.0,0.9967186218211649,0.9983566146261298,0.9975369458128078,2434.0,0.8689089251342316,0.9730005672149745,0.9180134860323237,8815.0,0.8840372226198998,0.9991909385113269,0.9380934295480441,2472.0,0.7813824057450628,1.0,0.8772764379226591,43523.0,0.9994882292732856,0.9964285714285714,0.99795605518651,1960.0,,,,,,,,
lr,holdout_attack,1011,full,,False,0.11456442831215971,0.640577167998459,0.738546719584497,0.5937056877264849,0.006057315438519097,,0.23061086159690772,32.01717567443848,0.13367223739624023,630834.0583096411,215675,84325,89,9.0,lr_holdout_attack_full_seed1011.json,0.8502794106974382,0.9939426845614809,0.9165154264972777,58937.0,0.0,0.0,0.0,0.0,0.0,0.0,0.0,0.0,0.0,0.0,0.0,2399.0,0.0,0.0,0.0,0.0,0.0,0.0,0.0,18042.0,0.0,0.0,0.0,4947.0,0.0,0.0,0.0,0.0,0.0,0.0,0.0,0.0,,,,,,,,
lr,holdout_attack,123,full,,False,0.1178963110667996,0.6592071044500651,0.8403721938660282,0.7328265322199464,0.004835671988733733,,0.2258108155325287,25.139857292175293,0.18734335899353027,450109.36311285035,215675,84325,89,9.0,lr_holdout_attack_full_seed123.json,0.8963398792695041,0.9951643280112663,0.9431704885343968,58937.0,0.0,0.0,0.0,0.0,0.0,0.0,0.0,0.0,0.0,0.0,0.0,2399.0,0.0,0.0,0.0,0.0,0.0,0.0,0.0,18042.0,0.0,0.0,0.0,4947.0,0.0,0.0,0.0,0.0,0.0,0.0,0.0,0.0,,,,,,,,
lr,holdout_attack,2026,full,,False,0.11452909258651155,0.6403795913213145,0.7370668499067439,0.5914999212226248,0.005819773656616387,,0.2285597196284859,29.495238542556763,0.15694355964660645,537295.0644797188,215675,84325,89,9.0,lr_holdout_attack_full_seed2026.json,0.849619372145291,0.9941802263433837,0.9162327406920924,58937.0,0.0,0.0,0.0,0.0,0.0,0.0,0.0,0.0,0.0,0.0,0.0,2399.0,0.0,0.0,0.0,0.0,0.0,0.0,0.0,18042.0,0.0,0.0,0.0,4947.0,0.0,0.0,0.0,0.0,0.0,0.0,0.0,0.0,,,,,,,,
lr,holdout_attack,3141,full,,False,0.1147988753309002,0.6418880583814779,0.7456551454793986,0.6016228139278399,0.005191984661587797,,0.22672967915705475,28.09951090812683,0.12384366989135742,680898.7498026714,215675,84325,89,9.0,lr_holdout_attack_full_seed3141.json,0.8528765728416612,0.9948080153384122,0.9183910026472016,58937.0,0.0,0.0,0.0,0.0,0.0,0.0,0.0,0.0,0.0,0.0,0.0,2399.0,0.0,0.0,0.0,0.0,0.0,0.0,0.0,18042.0,0.0,0.0,0.0,4947.0,0.0,0.0,0.0,0.0,0.0,0.0,0.0,0.0,,,,,,,,
lr,holdout_attack,42,full,,False,0.10401981904734009,0.6543201266141446,0.8162307639224347,0.6988340948479597,0.005819773656616387,,0.23183336603658652,35.18986463546753,0.22969889640808105,367111.03674694605,215675,84325,89,9.0,lr_holdout_attack_full_seed42.json,0.8845712560386474,0.9941802263433837,0.9361783714260608,58937.0,0.0,0.0,0.0,0.0,0.0,0.0,0.0,0.0,0.0,0.0,0.0,2399.0,0.0,0.0,0.0,0.0,0.0,0.0,0.0,18042.0,0.0,0.0,0.0,4947.0,0.0,0.0,0.0,0.0,0.0,0.0,0.0,0.0,,,,,,,,
lr,holdout_attack,4242,full,,False,0.11398102422522068,0.6373151141191182,0.7170847373018845,0.5658184969276824,0.005293788282403244,,0.22811749069916165,18.976465463638306,0.11990094184875488,703288.8874748708,215675,84325,89,9.0,lr_holdout_attack_full_seed4242.json,0.8417327130714449,0.9947062117175968,0.9118481938017654,58937.0,0.0,0.0,0.0,0.0,0.0,0.0,0.0,0.0,0.0,0.0,0.0,2399.0,0.0,0.0,0.0,0.0,0.0,0.0,0.0,18042.0,0.0,0.0,0.0,4947.0,0.0,0.0,0.0,0.0,0.0,0.0,0.0,0.0,,,,,,,,
lr,holdout_attack,456,full,,False,0.11521969816066656,0.6442410531154656,0.7597393193338161,0.6198991649598236,0.0051580501213159815,,0.24307235798672389,29.33441734313965,0.13600420951843262,620017.5737102567,215675,84325,89,9.0,lr_holdout_attack_full_seed456.json,0.8586763909025673,0.994841949878684,0.9217575852853325,58937.0,0.0,0.0,0.0,0.0,0.0,0.0,0.0,0.0,0.0,0.0,0.0,2399.0,0.0,0.0,0.0,0.0,0.0,0.0,0.0,18042.0,0.0,0.0,0.0,4947.0,0.0,0.0,0.0,0.0,0.0,0.0,0.0,0.0,,,,,,,,
lr,holdout_attack,5555,full,,False,0.11499305332066971,0.6429737879452415,0.7527575089088749,0.6115487631952103,0.00571797003580094,,0.22495980215392283,25.90479302406311,0.11912846565246582,707849.2914195824,215675,84325,89,9.0,lr_holdout_attack_full_seed5555.json,0.8559492857351524,0.994282029964199,0.9199444265653577,58937.0,0.0,0.0,0.0,0.0,0.0,0.0,0.0,0.0,0.0,0.0,0.0,2399.0,0.0,0.0,0.0,0.0,0.0,0.0,0.0,18042.0,0.0,0.0,0.0,4947.0,0.0,0.0,0.0,0.0,0.0,0.0,0.0,0.0,,,,,,,,
lr,holdout_attack,6789,full,,False,0.11701873160929165,0.6543001942348601,0.8148542095405462,0.6940286749645502,0.0040551775624819725,,0.22059436297768278,29.169130563735962,0.18091058731079102,466114.23495705024,215675,84325,89,9.0,lr_holdout_attack_full_seed6789.json,0.8831282159299492,0.995944822437518,0.9361498528743332,58937.0,0.0,0.0,0.0,0.0,0.0,0.0,0.0,0.0,0.0,0.0,0.0,2399.0,0.0,0.0,0.0,0.0,0.0,0.0,0.0,18042.0,0.0,0.0,0.0,4947.0,0.0,0.0,0.0,0.0,0.0,0.0,0.0,0.0,,,,,,,,
lr,holdout_attack,789,full,,False,0.12062207247925055,0.6744479654393919,0.9092419080068143,0.8409090909090909,0.003783701240307447,,0.24036358895010604,24.479399919509888,0.11496400833129883,733490.430822449,215675,84325,89,9.0,lr_holdout_attack_full_seed789.json,0.9356365432728315,0.9962162987596925,0.9649765798340044,58937.0,0.0,0.0,0.0,0.0,0.0,0.0,0.0,0.0,0.0,0.0,0.0,2399.0,0.0,0.0,0.0,0.0,0.0,0.0,0.0,18042.0,0.0,0.0,0.0,4947.0,0.0,0.0,0.0,0.0,0.0,0.0,0.0,0.0,,,,,,,,
lr,holdout_attack,1011,top20,,False,0.119946296692271,0.6706694231274118,0.8955287317239035,0.8299196470773594,0.010146427541272885,,0.24871471153193805,9.304466485977173,0.040871381759643555,2063179.57381276,215675,84325,20,9.0,lr_holdout_attack_top20_seed1011.json,0.9310851141931468,0.9898535724587271,0.959570373538168,58937.0,0.0,0.0,0.0,0.0,0.0,0.0,0.0,0.0,0.0,0.0,0.0,2399.0,0.0,0.0,0.0,0.0,0.0,0.0,0.0,18042.0,0.0,0.0,0.0,4947.0,0.0,0.0,0.0,0.0,0.0,0.0,0.0,0.0,,,,,,,,
lr,holdout_attack,123,top20,,False,0.10751151962288931,0.6762841137044535,0.9213286713286714,0.8925870489995273,0.019393589765342653,,0.23442281239157906,13.293573141098022,0.03930020332336426,2145663.1994030466,215675,84325,20,9.0,lr_holdout_attack_top20_seed123.json,0.9549412600584921,0.9806064102346573,0.9676036766060038,58937.0,0.0,0.0,0.0,0.0,0.0,0.0,0.0,0.0,0.0,0.0,0.0,2399.0,0.0,0.0,0.0,0.0,0.0,0.0,0.0,18042.0,0.0,0.0,0.0,4947.0,0.0,0.0,0.0,0.0,0.0,0.0,0.0,0.0,,,,,,,,
lr,holdout_attack,2026,top20,,False,0.1099774505296603,0.6917956598493841,0.9770604210404669,0.9990546714983457,0.01980080424860444,,0.26568250696461676,11.207819938659668,0.06637430191040039,1270446.5067494272,215675,84325,20,9.0,lr_holdout_attack_top20_seed2026.json,0.9995847319790981,0.9801991957513956,0.9897970547669428,58937.0,0.0,0.0,0.0,0.0,0.0,0.0,0.0,0.0,0.0,0.0,0.0,2399.0,0.0,0.0,0.0,0.0,0.0,0.0,0.0,18042.0,0.0,0.0,0.0,4947.0,0.0,0.0,0.0,0.0,0.0,0.0,0.0,0.0,,,,,,,,
lr,holdout_attack,3141,top20,,False,0.10894586894586894,0.6853066599770424,0.9570356294536817,0.9918859303608004,0.0348677401292906,,0.3550790930789434,34.041486978530884,0.04402613639831543,1915339.5436994676,215675,84325,20,9.0,lr_holdout_attack_top20_seed3141.json,0.9963915358744395,0.9651322598707094,0.9805128205128205,58937.0,0.0,0.0,0.0,0.0,0.0,0.0,0.0,0.0,0.0,0.0,0.0,2399.0,0.0,0.0,0.0,0.0,0.0,0.0,0.0,18042.0,0.0,0.0,0.0,4947.0,0.0,0.0,0.0,0.0,0.0,0.0,0.0,0.0,,,,,,,,
lr,holdout_attack,42,top20,,False,0.12336069041374059,0.6897607125682423,0.9692826000792707,0.9632503544981881,0.010468805673855133,,0.2526434612002446,6.136164903640747,0.04900050163269043,1720900.7497944268,215675,84325,20,9.0,lr_holdout_attack_top20_seed42.json,0.9842539618247177,0.9895311943261449,0.9868855233099247,58937.0,0.0,0.0,0.0,0.0,0.0,0.0,0.0,0.0,0.0,0.0,0.0,2399.0,0.0,0.0,0.0,0.0,0.0,0.0,0.0,18042.0,0.0,0.0,0.0,4947.0,0.0,0.0,0.0,0.0,0.0,0.0,0.0,0.0,,,,,,,,
lr,holdout_attack,4242,top20,,False,0.10964033080253117,0.6896750618272045,0.9696792320299695,0.9787694974003466,0.01722177918794645,,0.24635811466483792,7.3893444538116455,0.0268707275390625,3138173.3106189664,215675,84325,20,9.0,lr_holdout_attack_top20_seed4242.json,0.9907801782384837,0.9827782208120536,0.9867629772227806,58937.0,0.0,0.0,0.0,0.0,0.0,0.0,0.0,0.0,0.0,0.0,0.0,2399.0,0.0,0.0,0.0,0.0,0.0,0.0,0.0,18042.0,0.0,0.0,0.0,4947.0,0.0,0.0,0.0,0.0,0.0,0.0,0.0,0.0,,,,,,,,
lr,holdout_attack,456,top20,,False,0.12267708788806296,0.6859384077185904,0.9555564493423964,0.9357964392626438,0.009841016678826543,,0.3235039106256909,4.595418214797974,0.03614497184753418,2332966.2658390664,215675,84325,20,9.0,lr_holdout_attack_top20_seed456.json,0.9728274459466217,0.9901589833211735,0.9814167031045037,58937.0,0.0,0.0,0.0,0.0,0.0,0.0,0.0,0.0,0.0,0.0,0.0,2399.0,0.0,0.0,0.0,0.0,0.0,0.0,0.0,18042.0,0.0,0.0,0.0,4947.0,0.0,0.0,0.0,0.0,0.0,0.0,0.0,0.0,,,,,,,,
lr,holdout_attack,5555,top20,,False,0.10481956315289648,0.6593507897050738,0.8448711694531909,0.7503938868756893,0.011181431019563263,,0.22970254777985702,8.557382106781006,0.035883426666259766,2349970.6642924533,215675,84325,20,9.0,lr_holdout_attack_top20_seed5555.json,0.9019267971833166,0.9888185689804367,0.9433760683760684,58937.0,0.0,0.0,0.0,0.0,0.0,0.0,0.0,0.0,0.0,0.0,0.0,2399.0,0.0,0.0,0.0,0.0,0.0,0.0,0.0,18042.0,0.0,0.0,0.0,4947.0,0.0,0.0,0.0,0.0,0.0,0.0,0.0,0.0,,,,,,,,
lr,holdout_attack,6789,top20,,False,0.12114532869096983,0.6773737076368517,0.9231820157734584,0.8783283440995746,0.010553642024534673,,0.3501869549730534,7.5781214237213135,0.035826921463012695,2353676.9712981386,215675,84325,20,9.0,lr_holdout_attack_top20_seed6789.json,0.9496938310207804,0.9894463579754653,0.9691626295277587,58937.0,0.0,0.0,0.0,0.0,0.0,0.0,0.0,0.0,0.0,0.0,0.0,2399.0,0.0,0.0,0.0,0.0,0.0,0.0,0.0,18042.0,0.0,0.0,0.0,4947.0,0.0,0.0,0.0,0.0,0.0,0.0,0.0,0.0,,,,,,,,
lr,holdout_attack,789,top20,,False,0.12318093929679948,0.6887556496256598,0.9661751951431049,0.9653379549393414,0.01418463783361895,,0.2955373886142748,7.136378288269043,0.03728818893432617,2261439.946802389,215675,84325,20,9.0,lr_holdout_attack_top20_seed789.json,0.9850799409979485,0.9858153621663811,0.9854475143743958,58937.0,0.0,0.0,0.0,0.0,0.0,0.0,0.0,0.0,0.0,0.0,0.0,2399.0,0.0,0.0,0.0,0.0,0.0,0.0,0.0,18042.0,0.0,0.0,0.0,4947.0,0.0,0.0,0.0,0.0,0.0,0.0,0.0,0.0,,,,,,,,
lr,holdout_attack,1011,top20_stable,,False,0.11596989168641547,0.6484356958266012,0.7882714898377774,0.6660627067906097,0.010282165702360147,,0.28074862349217233,6.847075700759888,0.03729534149169922,2261006.2444063723,215675,84325,20,9.0,lr_holdout_attack_top20_stable_seed1011.json,0.8731009295154845,0.9897178342976398,0.9277591334913238,58937.0,0.0,0.0,0.0,0.0,0.0,0.0,0.0,0.0,0.0,0.0,0.0,2399.0,0.0,0.0,0.0,0.0,0.0,0.0,0.0,18042.0,0.0,0.0,0.0,4947.0,0.0,0.0,0.0,0.0,0.0,0.0,0.0,0.0,,,,,,,,
lr,holdout_attack,123,top20_stable,,False,0.1099303933366367,0.6914996540614553,0.9754344624447717,0.9782968331495194,0.011877089095135483,,0.23653043407200605,16.340882539749146,0.03842568397521973,2194495.745459735,215675,84325,20,9.0,lr_holdout_attack_top20_stable_seed123.json,0.9906273389127033,0.9881229109048645,0.9893735400297303,58937.0,0.0,0.0,0.0,0.0,0.0,0.0,0.0,0.0,0.0,0.0,0.0,2399.0,0.0,0.0,0.0,0.0,0.0,0.0,0.0,18042.0,0.0,0.0,0.0,4947.0,0.0,0.0,0.0,0.0,0.0,0.0,0.0,0.0,,,,,,,,
lr,holdout_attack,2026,top20_stable,,False,0.1214709386116179,0.6791943275614989,0.930283269218901,0.8906176146210808,0.010383969323175594,,0.2611586144270595,5.898902416229248,0.039071083068847656,2158245.776074593,215675,84325,20,9.0,lr_holdout_attack_top20_stable_seed2026.json,0.9545514058459625,0.9896160306768244,0.9717675088929432,58937.0,0.0,0.0,0.0,0.0,0.0,0.0,0.0,0.0,0.0,0.0,0.0,2399.0,0.0,0.0,0.0,0.0,0.0,0.0,0.0,18042.0,0.0,0.0,0.0,4947.0,0.0,0.0,0.0,0.0,0.0,0.0,0.0,0.0,,,,,,,,
lr,holdout_attack,3141,top20_stable,,False,0.12347101577734444,0.6903775873697574,0.971129131881488,0.959902316054829,0.007312893428576276,,0.26743858024499795,6.3142101764678955,0.0426788330078125,1975803.7897747587,215675,84325,20,9.0,lr_holdout_attack_top20_stable_seed3141.json,0.9828976547275049,0.9926871065714237,0.9877681262187555,58937.0,0.0,0.0,0.0,0.0,0.0,0.0,0.0,0.0,0.0,0.0,0.0,2399.0,0.0,0.0,0.0,0.0,0.0,0.0,0.0,18042.0,0.0,0.0,0.0,4947.0,0.0,0.0,0.0,0.0,0.0,0.0,0.0,0.0,,,,,,,,
lr,holdout_attack,42,top20_stable,,False,0.10952151587107097,0.6889276753992266,0.9663493073085409,0.9574996061131243,0.01041790386344741,,0.25662989886338644,11.376635074615479,0.03363156318664551,2507317.2939366656,215675,84325,20,9.0,lr_holdout_attack_top20_stable_seed42.json,0.9818356284300191,0.9895820961365526,0.9856936428396387,58937.0,0.0,0.0,0.0,0.0,0.0,0.0,0.0,0.0,0.0,0.0,0.0,2399.0,0.0,0.0,0.0,0.0,0.0,0.0,0.0,18042.0,0.0,0.0,0.0,4947.0,0.0,0.0,0.0,0.0,0.0,0.0,0.0,0.0,,,,,,,,
lr,holdout_attack,4242,top20_stable,,False,0.11996245770316886,0.6707597860327698,0.896263801470744,0.8329131873325981,0.011079627398747816,,0.2948364990144187,7.678560018539429,0.03795337677001953,2221804.9400708596,215675,84325,20,9.0,lr_holdout_attack_top20_stable_seed4242.json,0.9321562230112274,0.9889203726012522,0.9596996616253509,58937.0,0.0,0.0,0.0,0.0,0.0,0.0,0.0,0.0,0.0,0.0,0.0,2399.0,0.0,0.0,0.0,0.0,0.0,0.0,0.0,18042.0,0.0,0.0,0.0,4947.0,0.0,0.0,0.0,0.0,0.0,0.0,0.0,0.0,,,,,,,,
lr,holdout_attack,456,top20_stable,,False,0.10355127720750874,0.6513728386956477,0.8034495480538646,0.686229714825902,0.009467736735836571,,0.2586530106389646,6.126518964767456,0.0361332893371582,2333720.5537300236,215675,84325,20,9.0,lr_holdout_attack_top20_stable_seed456.json,0.8799306654608486,0.9905322632641634,0.9319614948675787,58937.0,0.0,0.0,0.0,0.0,0.0,0.0,0.0,0.0,0.0,0.0,0.0,2399.0,0.0,0.0,0.0,0.0,0.0,0.0,0.0,18042.0,0.0,0.0,0.0,4947.0,0.0,0.0,0.0,0.0,0.0,0.0,0.0,0.0,,,,,,,,
lr,holdout_attack,5555,top20_stable,,False,0.12247216541695069,0.684792601309583,0.9517692631916986,0.9339057822593351,0.012301270848533179,,0.28803433101724324,7.153558969497681,0.0382387638092041,2205222.9622470927,215675,84325,20,9.0,lr_holdout_attack_top20_stable_seed5555.json,0.9719819669393889,0.9876987291514668,0.9797773233356055,58937.0,0.0,0.0,0.0,0.0,0.0,0.0,0.0,0.0,0.0,0.0,0.0,2399.0,0.0,0.0,0.0,0.0,0.0,0.0,0.0,18042.0,0.0,0.0,0.0,4947.0,0.0,0.0,0.0,0.0,0.0,0.0,0.0,0.0,,,,,,,,
lr,holdout_attack,6789,top20_stable,,False,0.10674808532057677,0.6714818516554936,0.9003858736683165,0.8455569560422247,0.014065866942667595,,0.2498550426116817,6.366939067840576,0.04521059989929199,1865159.9445226681,215675,84325,20,9.0,lr_holdout_attack_top20_stable_seed6789.json,0.9367876315916749,0.9859341330573324,0.9607327678851909,58937.0,0.0,0.0,0.0,0.0,0.0,0.0,0.0,0.0,0.0,0.0,0.0,2399.0,0.0,0.0,0.0,0.0,0.0,0.0,0.0,18042.0,0.0,0.0,0.0,4947.0,0.0,0.0,0.0,0.0,0.0,0.0,0.0,0.0,,,,,,,,
lr,holdout_attack,789,top20_stable,,False,0.12433046135563007,0.695183103555697,0.987589733503786,0.9889317787931307,0.005938544547567742,,0.26526758468323436,6.938151836395264,0.035712242126464844,2361235.110956819,215675,84325,20,9.0,lr_holdout_attack_top20_stable_seed789.json,0.9952266086838351,0.9940614554524323,0.9946436908450406,58937.0,0.0,0.0,0.0,0.0,0.0,0.0,0.0,0.0,0.0,0.0,0.0,2399.0,0.0,0.0,0.0,0.0,0.0,0.0,0.0,18042.0,0.0,0.0,0.0,4947.0,0.0,0.0,0.0,0.0,0.0,0.0,0.0,0.0,,,,,,,,
lr,holdout_attack,1011,top50,,False,0.1180146258475977,0.659868651392101,0.8446765121125877,0.7423192059240586,0.0066002680828681475,,0.23120337423885617,12.337157249450684,0.08709359169006348,968211.304226424,215675,84325,50,9.0,lr_holdout_attack_top50_seed1011.json,0.8994930096789061,0.9933997319171318,0.9441170067807816,58937.0,0.0,0.0,0.0,0.0,0.0,0.0,0.0,0.0,0.0,0.0,0.0,2399.0,0.0,0.0,0.0,0.0,0.0,0.0,0.0,18042.0,0.0,0.0,0.0,4947.0,0.0,0.0,0.0,0.0,0.0,0.0,0.0,0.0,,,,,,,,
lr,holdout_attack,123,top50,,False,0.1175682720455548,0.6573729024179177,0.8313886045718185,0.7198676540097684,0.005107148310908258,,0.2256293562159912,7.865586757659912,0.11511826515197754,732507.5641877968,215675,84325,50,9.0,lr_holdout_attack_top50_seed123.json,0.8918294092595973,0.9948928516890917,0.9405461763644384,58937.0,0.0,0.0,0.0,0.0,0.0,0.0,0.0,0.0,0.0,0.0,0.0,2399.0,0.0,0.0,0.0,0.0,0.0,0.0,0.0,18042.0,0.0,0.0,0.0,4947.0,0.0,0.0,0.0,0.0,0.0,0.0,0.0,0.0,,,,,,,,
lr,holdout_attack,2026,top50,,False,0.11372000217389616,0.6358556317223046,0.7083239228086025,0.5558925476603119,0.005904610007295926,,0.23954520119154396,8.952080726623535,0.11254000663757324,749289.0974456969,215675,84325,50,9.0,lr_holdout_attack_top50_seed2026.json,0.8386150234741784,0.9940953899927041,0.9097600173911693,58937.0,0.0,0.0,0.0,0.0,0.0,0.0,0.0,0.0,0.0,0.0,0.0,2399.0,0.0,0.0,0.0,0.0,0.0,0.0,0.0,18042.0,0.0,0.0,0.0,4947.0,0.0,0.0,0.0,0.0,0.0,0.0,0.0,0.0,,,,,,,,
lr,holdout_attack,3141,top50,,False,0.11618520486246026,0.6496396009704188,0.7909546084953339,0.6626752796596818,0.005582231874713677,,0.236402549852335,11.817698240280151,0.09414076805114746,895733.0787251017,215675,84325,50,9.0,lr_holdout_attack_top50_seed3141.json,0.8725064014768058,0.9944177681252864,0.929481638899682,58937.0,0.0,0.0,0.0,0.0,0.0,0.0,0.0,0.0,0.0,0.0,0.0,2399.0,0.0,0.0,0.0,0.0,0.0,0.0,0.0,18042.0,0.0,0.0,0.0,4947.0,0.0,0.0,0.0,0.0,0.0,0.0,0.0,0.0,,,,,,,,
lr,holdout_attack,42,top50,,False,0.10321096473381702,0.6492321572090456,0.7889014402711099,0.6601937923428391,0.005819773656616387,,0.2337527703946627,12.86747670173645,0.11475729942321777,734811.6453055823,215675,84325,50,9.0,lr_holdout_attack_top50_seed42.json,0.8716621293940882,0.9941802263433837,0.9288986826043533,58937.0,0.0,0.0,0.0,0.0,0.0,0.0,0.0,0.0,0.0,0.0,0.0,2399.0,0.0,0.0,0.0,0.0,0.0,0.0,0.0,18042.0,0.0,0.0,0.0,4947.0,0.0,0.0,0.0,0.0,0.0,0.0,0.0,0.0,,,,,,,,
lr,holdout_attack,4242,top50,,False,0.11404352226720647,0.63766456655676,0.7200198955483711,0.5701906412478336,0.005870675467024111,,0.23832783261981147,9.929490089416504,0.11322164535522461,744778.0831610112,215675,84325,50,9.0,lr_holdout_attack_top50_seed4242.json,0.8429995827518236,0.9941293245329759,0.9123481781376518,58937.0,0.0,0.0,0.0,0.0,0.0,0.0,0.0,0.0,0.0,0.0,0.0,2399.0,0.0,0.0,0.0,0.0,0.0,0.0,0.0,18042.0,0.0,0.0,0.0,4947.0,0.0,0.0,0.0,0.0,0.0,0.0,0.0,0.0,,,,,,,,
lr,holdout_attack,456,top50,,False,0.12116199047114876,0.6774668705506641,0.9222682916614315,0.867378288955412,0.005853708196888203,,0.23387709391009556,9.642846822738647,0.08961653709411621,940953.5643119195,215675,84325,50,9.0,lr_holdout_attack_top50_seed456.json,0.9456576122919995,0.9941462918031118,0.96929592376919,58937.0,0.0,0.0,0.0,0.0,0.0,0.0,0.0,0.0,0.0,0.0,0.0,2399.0,0.0,0.0,0.0,0.0,0.0,0.0,0.0,18042.0,0.0,0.0,0.0,4947.0,0.0,0.0,0.0,0.0,0.0,0.0,0.0,0.0,,,,,,,,
lr,holdout_attack,5555,top50,,False,0.11611318062930966,0.6492368836524991,0.7888418079096046,0.6599574602174255,0.00571797003580094,,0.24522450086197464,9.441344261169434,0.1367495059967041,616638.4250194833,215675,84325,50,9.0,lr_holdout_attack_top50_seed5555.json,0.8715957937322446,0.994282029964199,0.9289054450344773,58937.0,0.0,0.0,0.0,0.0,0.0,0.0,0.0,0.0,0.0,0.0,0.0,2399.0,0.0,0.0,0.0,0.0,0.0,0.0,0.0,18042.0,0.0,0.0,0.0,4947.0,0.0,0.0,0.0,0.0,0.0,0.0,0.0,0.0,,,,,,,,
lr,holdout_attack,6789,top50,,False,0.1184154253344738,0.6621096873228942,0.854038100348806,0.752245155191429,0.0040382102923460644,,0.2474457332099446,9.552324533462524,0.09429049491882324,894310.7157576937,215675,84325,50,9.0,lr_holdout_attack_top50_seed6789.json,0.90321439012756,0.9959617897076539,0.9473234026757904,58937.0,0.0,0.0,0.0,0.0,0.0,0.0,0.0,0.0,0.0,0.0,0.0,2399.0,0.0,0.0,0.0,0.0,0.0,0.0,0.0,18042.0,0.0,0.0,0.0,4947.0,0.0,0.0,0.0,0.0,0.0,0.0,0.0,0.0,,,,,,,,
lr,holdout_attack,789,top50,,False,0.10739006263322935,0.6755201078296086,0.9136991240535324,0.8484323302347566,0.0037497667000356313,,0.29966613403236414,9.633876085281372,0.07649755477905273,1102322.8159848405,215675,84325,50,9.0,lr_holdout_attack_top50_seed789.json,0.9384949811393133,0.9962502332999643,0.9665105636990642,58937.0,0.0,0.0,0.0,0.0,0.0,0.0,0.0,0.0,0.0,0.0,0.0,2399.0,0.0,0.0,0.0,0.0,0.0,0.0,0.0,18042.0,0.0,0.0,0.0,4947.0,0.0,0.0,0.0,0.0,0.0,0.0,0.0,0.0,,,,,,,,
lr,random,1011,full,,False,0.9924110292144026,0.9937842408333705,0.9968067756657119,0.99840768702814,0.007423117709437964,0.9996833560623521,0.9983941686512099,59.41461753845215,0.10590219497680664,566560.4949278005,240000,60000,89,9.0,lr_random_full_seed1011.json,0.9975274959502088,0.9925768822905621,0.995046031509791,23575.0,0.9850938798910707,0.9890631745574903,0.98707453683757,6949.0,1.0,1.0,1.0,57.0,0.9917355371900827,1.0,0.995850622406639,480.0,0.9949392712550608,0.993933265925177,0.9944360141628731,989.0,0.9621007038440714,0.9850332594235033,0.9734319364557655,3608.0,0.9959595959595959,0.9969666329625885,0.9964628600303184,989.0,0.9977838844074107,0.9975186104218362,0.9976512297806337,22568.0,0.9886075949367089,0.9949044585987261,0.9917460317460317,785.0,,,,,,,,
lr,random,123,full,,False,0.9930589953017805,0.9940153131647582,0.997175528560068,0.9983253260123541,0.0061505832449628844,0.9995878828277183,0.9970932885087316,56.52562475204468,0.3001217842102051,199918.8434718089,240000,60000,89,9.0,lr_random_full_seed123.json,0.997403260823294,0.9938494167550371,0.9956231674669613,23575.0,0.9853574504737296,0.9877680241761404,0.9865612648221344,6949.0,1.0,1.0,1.0,57.0,0.9896907216494846,1.0,0.9948186528497409,480.0,0.996969696969697,0.9979777553083923,0.9974734714502274,989.0,0.9627514953779228,0.981430155210643,0.972001097996157,3608.0,0.9949596774193549,0.9979777553083923,0.9964664310954063,989.0,0.9981375548756153,0.9973856788372918,0.9977614752100002,22568.0,0.9936708860759493,1.0,0.9968253968253968,785.0,,,,,,,,
lr,random,2026,full,,False,0.9931894349654338,0.9938182074853965,0.9969287300847341,0.9980782429649966,0.006532343584305408,0.9997572824956388,0.9990754052841151,69.50338220596313,0.10984587669372559,546219.8655602993,240000,60000,89,9.0,lr_random_full_seed2026.json,0.9970201353709931,0.9934676564156946,0.9952407257893171,23575.0,0.9876312383143967,0.9881997409699237,0.9879154078549849,6949.0,1.0,1.0,1.0,57.0,0.9856262833675564,1.0,0.9927611168562565,480.0,0.9989878542510121,0.9979777553083923,0.9984825493171472,989.0,0.9593936112615051,0.9822616407982262,0.9706929608326486,3608.0,0.998989898989899,1.0,0.9994946942900454,989.0,0.9976498758424973,0.9969425735554768,0.9972960992907801,22568.0,0.9949238578680203,0.9987261146496815,0.9968213604577241,785.0,,,,,,,,
lr,random,3141,full,,False,0.9929243471825477,0.9936527096624695,0.9966684489779131,0.9978860672614962,0.00704135737009544,0.9997586033153154,0.9984466193806466,63.644848108291626,0.10162973403930664,590378.4022183331,240000,60000,89,9.0,lr_random_full_seed3141.json,0.9967214510772375,0.9929586426299045,0.9948364888123924,23575.0,0.9859175168846098,0.9873363073823572,0.9866264020707507,6949.0,1.0,1.0,1.0,57.0,0.9917355371900827,1.0,0.995850622406639,480.0,0.9959514170040485,0.9949443882709808,0.9954476479514416,989.0,0.9603880355699272,0.9878048780487805,0.9739035387347998,3608.0,0.9979777553083923,0.9979777553083923,0.9979777553083923,989.0,0.9981361498180528,0.9966323998582063,0.9973837080395548,22568.0,0.98989898989899,0.9987261146496815,0.9942929613189601,785.0,,,,,,,,
lr,random,42,full,,False,0.9918393378843314,0.9933067993702467,0.9966275499012941,0.9979135209334249,0.007211028632025451,0.9993514460086703,0.9974431074807387,32.60323929786682,0.1099100112915039,545901.1358016122,240000,60000,89,9.0,lr_random_full_seed42.json,0.9967633405732295,0.9927889713679745,0.9947721863311799,23575.0,0.9863309352517986,0.9864728737947907,0.9864018994172242,6949.0,1.0,1.0,1.0,57.0,0.9876543209876543,1.0,0.9937888198757764,480.0,0.9919436052366566,0.9959555106167847,0.9939455095862765,989.0,0.9556093623890234,0.9844789356984479,0.9698293515358362,3608.0,0.9929577464788732,0.9979777553083923,0.9954614220877458,989.0,0.9981363979234148,0.9967653314427508,0.9974503935262166,22568.0,0.9949044585987261,0.9949044585987261,0.9949044585987261,785.0,,,,,,,,
lr,random,4242,full,,False,0.992622901092423,0.9936523670287108,0.997023687061954,0.9978311599176389,0.005853658536585366,0.999655882980871,0.9972255347801146,51.88586354255676,0.09419631958007812,636967.5616571498,240000,60000,89,9.0,lr_random_full_seed4242.json,0.9966405851335262,0.9941463414634146,0.9953919007878363,23575.0,0.9850273538727325,0.9846021010217297,0.9848146815401223,6949.0,1.0,1.0,1.0,57.0,0.9876543209876543,1.0,0.9937888198757764,480.0,1.0,0.9959555106167847,0.9979736575481256,989.0,0.9594704134017833,0.9842017738359202,0.9716787522232864,3608.0,0.9929577464788732,0.9979777553083923,0.9954614220877458,989.0,0.9986237513873474,0.9967210209145693,0.9976714789435167,22568.0,0.9936708860759493,1.0,0.9968253968253968,785.0,,,,,,,,
lr,random,456,full,,False,0.99310878354077,0.9941974723589352,0.9972846955567746,0.9982429649965683,0.0056839872746553555,0.9997496102981471,0.9969251031896404,67.36316394805908,0.08831071853637695,679419.2255981339,240000,60000,89,9.0,lr_random_full_seed456.json,0.9972771750691343,0.9943160127253446,0.9957943925233644,23575.0,0.9852245015062402,0.9883436465678515,0.9867816091954023,6949.0,1.0,1.0,1.0,57.0,0.9876543209876543,1.0,0.9937888198757764,480.0,1.0,0.9979777553083923,0.9989878542510121,989.0,0.9642857142857143,0.9803215077605322,0.9722374931280924,3608.0,0.98998998998999,1.0,0.9949698189134809,989.0,0.99862454521253,0.9972970577809287,0.9979603600407928,22568.0,0.9949302915082383,1.0,0.9974587039390089,785.0,,,,,,,,
lr,random,5555,full,,False,0.9924726621502504,0.9938330278257466,0.9969019027252289,0.9982429649965683,0.00687168610816543,0.9997364103887575,0.9980481071107614,66.63201570510864,0.09422588348388672,636767.7094825056,240000,60000,89,9.0,lr_random_full_seed5555.json,0.9972739276738936,0.9931283138918345,0.9951968035365127,23575.0,0.9854926745188164,0.9873363073823572,0.9864136295018331,6949.0,1.0,1.0,1.0,57.0,0.9795918367346939,1.0,0.9896907216494846,480.0,0.9969635627530364,0.9959555106167847,0.9964592817400101,989.0,0.9631635969664138,0.9855875831485588,0.9742465753424657,3608.0,0.993963782696177,0.9989888776541962,0.9964699949571356,989.0,0.9980043460907357,0.9971641261963843,0.9975840592237959,22568.0,0.9924146649810367,1.0,0.9961928934010152,785.0,,,,,,,,
lr,random,6789,full,,False,0.9931965902823097,0.9945091294232634,0.9973795052615693,0.9978860672614962,0.004835630965005302,0.9997320450060597,0.9989026595173374,76.71686387062073,0.16810369491577148,356922.5532494277,240000,60000,89,9.0,lr_random_full_seed6789.json,0.9967286940266803,0.9951643690349947,0.9959459172627513,23575.0,0.9877838459327393,0.9890631745574903,0.9884230962824477,6949.0,1.0,1.0,1.0,57.0,0.9836065573770492,1.0,0.9917355371900827,480.0,0.9969635627530364,0.9959555106167847,0.9964592817400101,989.0,0.970467596390484,0.9836474501108647,0.9770130763936683,3608.0,0.9909819639278558,1.0,0.9954705586311021,989.0,0.9984020595676684,0.9966767103863878,0.9975386389338536,22568.0,0.9949174078780177,0.9974522292993631,0.9961832061068703,785.0,,,,,,,,
lr,random,789,full,,False,0.9927784701714832,0.993734280760843,0.9966962315105488,0.9980233356211393,0.0071686108165429484,0.9997346645509927,0.9968371938799996,79.28627252578735,0.1682729721069336,356563.5006545875,240000,60000,89,9.0,lr_random_full_seed789.json,0.9969332992588806,0.992831389183457,0.9948781161668756,23575.0,0.9856486796785304,0.9883436465678515,0.9869943234892578,6949.0,1.0,1.0,1.0,57.0,0.9876543209876543,1.0,0.9937888198757764,480.0,0.9979757085020243,0.9969666329625885,0.9974709155285787,989.0,0.9618506493506493,0.9853104212860311,0.9734392113910186,3608.0,0.9919759277833501,1.0,0.9959718026183283,989.0,0.998180930831004,0.9968982630272953,0.9975391846054936,22568.0,0.9911504424778761,0.9987261146496815,0.9949238578680203,785.0,,,,,,,,
lr,random,1011,top20,,False,0.9871984883936114,0.9911607051359218,0.9954009143420296,0.9982429649965683,0.011537645811240721,0.9995528090587776,0.9963960006514088,21.073293924331665,0.030402183532714844,1973542.4574171084,240000,60000,20,9.0,lr_random_top20_seed1011.json,0.9972610947062096,0.9884623541887593,0.9928422308380555,23575.0,0.9792174286942812,0.9831630450424521,0.9811862702857963,6949.0,1.0,1.0,1.0,57.0,0.9619238476953907,1.0,0.9805924412665986,480.0,0.9869608826479438,0.9949443882709808,0.9909365558912386,989.0,0.9424613745338306,0.9805986696230599,0.9611518609073622,3608.0,0.9879638916750251,0.9959555106167847,0.9919436052366566,989.0,0.9977392614920875,0.9973413683091102,0.9975402752232588,22568.0,0.9836065573770492,0.9936305732484076,0.9885931558935361,785.0,,,,,,,,
lr,random,123,top20,,False,0.9864387207160102,0.9903677863239152,0.9948935587651447,0.9975566231983528,0.012046659597030752,0.9993700414820302,0.991092744532853,20.09857487678528,0.03569436073303223,1680937.794313119,240000,60000,20,9.0,lr_random_top20_seed123.json,0.9961933276304534,0.9879533404029692,0.9920562240442977,23575.0,0.9811375089992801,0.9805727442797525,0.9808550453433137,6949.0,1.0,1.0,1.0,57.0,0.9375,1.0,0.967741935483871,480.0,0.988,0.9989888776541962,0.9934640522875817,989.0,0.9302448012634904,0.979490022172949,0.9542324827865533,3608.0,0.9919597989949749,0.9979777553083923,0.9949596774193549,989.0,0.9981354051054384,0.9962336051045728,0.997183598341206,22568.0,0.9961880559085133,0.9987261146496815,0.9974554707379135,785.0,,,,,,,,
lr,random,2026,top20,,False,0.988388768511851,0.9899181534183474,0.9942822750526633,0.9977762525737818,0.014294803817603393,0.9994998132577787,0.9958916297691024,22.755103826522827,0.028467655181884766,2107655.148154972,240000,60000,20,9.0,lr_random_top20_seed2026.json,0.9965264376688537,0.9857051961823966,0.9910862796946305,23575.0,0.9845531976324527,0.9814361778673191,0.9829922167771692,6949.0,1.0,1.0,1.0,57.0,0.9856262833675564,1.0,0.9927611168562565,480.0,0.987,0.9979777553083923,0.9924585218702866,989.0,0.9329652996845426,0.9836474501108647,0.9576362655153805,3608.0,0.9821073558648111,0.9989888776541962,0.9904761904761905,989.0,0.9948683919486839,0.9964994682736619,0.995683262125606,22568.0,0.9861635220125786,0.9987261146496815,0.9924050632911392,785.0,,,,,,,,
lr,random,3141,top20,,False,0.9425741262640831,0.9769897879498243,0.984752827447626,0.9956074124914207,0.04084835630965005,0.9988908036422384,0.9700849436203094,23.80090832710266,0.03777456283569336,1588370.466680973,240000,60000,20,9.0,lr_random_top20_seed3141.json,0.9929738275074653,0.95915164369035,0.9757697369840551,23575.0,0.9679329770330781,0.9643114117139157,0.966118800461361,6949.0,0.8142857142857143,1.0,0.8976377952755905,57.0,0.9793388429752066,0.9875,0.983402489626556,480.0,0.985,0.9959555106167847,0.9904474610356964,989.0,0.9167100468505986,0.9761640798226164,0.945503355704698,3608.0,0.5850746268656717,0.9908998988877654,0.7357357357357357,989.0,0.9989750902366205,0.9933534207727757,0.9961563242906974,22568.0,0.987389659520807,0.9974522292993631,0.9923954372623575,785.0,,,,,,,,
lr,random,42,top20,,False,0.9149999385852333,0.9863697075761624,0.9929308812470089,0.9968153740562801,0.017009544008483563,0.9989074910730883,0.9743595867844965,19.70830750465393,0.027009010314941406,2221480.8799124323,240000,60000,20,9.0,lr_random_top20_seed42.json,0.995019321597252,0.9829904559915165,0.9889683132401579,23575.0,0.9814438967816759,0.974240897970931,0.977829132664115,6949.0,0.2835820895522388,1.0,0.4418604651162791,57.0,0.8770642201834863,0.9958333333333333,0.9326829268292683,480.0,0.9959432048681541,0.9929221435793731,0.9944303797468355,989.0,0.9237177818276491,0.983370288248337,0.9526110887367432,3608.0,0.9477756286266924,0.9908998988877654,0.9688581314878892,989.0,0.9984820750926381,0.9910049627791563,0.9947294682767363,22568.0,0.9702233250620348,0.9961783439490446,0.983029541169076,785.0,,,,,,,,
lr,random,4242,top20,,False,0.9242705427656236,0.9842466985625122,0.992068701454983,0.9958544955387784,0.018197242841993637,0.9986580946822932,0.9259413054986698,22.09152579307556,0.027965307235717773,2145515.495119144,240000,60000,20,9.0,lr_random_top20_seed4242.json,0.993518478774091,0.9818027571580064,0.987625874722649,23575.0,0.9709621496677261,0.9671895236724709,0.9690721649484536,6949.0,0.43846153846153846,1.0,0.6096256684491979,57.0,0.8326771653543307,0.88125,0.8562753036437247,480.0,0.9889558232931727,0.9959555106167847,0.9924433249370277,989.0,0.9240506329113924,0.9711751662971175,0.947027027027027,3608.0,0.9424184261036468,0.9929221435793731,0.967011324470704,989.0,0.9961365957635774,0.9939737681673165,0.9950540066981614,22568.0,0.9886649874055415,1.0,0.9943001899936669,785.0,,,,,,,,
lr,random,456,top20,,False,0.9807156937644302,0.9855200033687675,0.9910886089768959,0.9968977350720659,0.02290562036055143,0.9991428859546647,0.9940934242937095,21.34516716003418,0.02533745765686035,2368035.5311320843,240000,60000,20,9.0,lr_random_top20_seed456.json,0.9951183687575601,0.9770943796394486,0.9860240138689724,23575.0,0.9781042927110343,0.9771190099294863,0.9776114030667339,6949.0,1.0,1.0,1.0,57.0,0.9735772357723578,0.9979166666666667,0.98559670781893,480.0,0.9724137931034482,0.9979777553083923,0.9850299401197605,989.0,0.9251504841664486,0.9797671840354767,0.9516758648539507,3608.0,0.9046746104491292,0.9979777553083923,0.9490384615384615,989.0,0.9923161845882094,0.9957018787663949,0.9940061486740539,22568.0,0.9949302915082383,1.0,0.9974587039390089,785.0,,,,,,,,
lr,random,5555,top20,,False,0.9862035220741038,0.9902401032530221,0.994868566893362,0.9979958819492107,0.0128101802757158,0.9995410997672826,0.9945129851642227,17.29397487640381,0.038256168365478516,1568374.5279138465,240000,60000,20,9.0,lr_random_top20_seed5555.json,0.9968731260173049,0.9871898197242842,0.9920078429700987,23575.0,0.9775829860612157,0.9789897827025471,0.9782858786310037,6949.0,1.0,1.0,1.0,57.0,0.9523809523809523,1.0,0.975609756097561,480.0,0.9889669007021064,0.9969666329625885,0.9929506545820745,989.0,0.9352023274266067,0.9800443458980045,0.9570983894979023,3608.0,0.9724409448818898,0.9989888776541962,0.9855361596009975,989.0,0.9979157427937916,0.9971198156682027,0.9975176204619,22568.0,0.9936708860759493,1.0,0.9968253968253968,785.0,,,,,,,,
lr,random,6789,top20,,False,0.9760429466103562,0.983608688612007,0.9909683756719146,0.9970624571036376,0.02354188759278897,0.9990548210065838,0.9933236389915907,19.05085825920105,0.032080650329589844,1870286.274859538,240000,60000,20,9.0,lr_random_top20_seed6789.json,0.9953733731136767,0.976458112407211,0.9858250182005053,23575.0,0.9660236107112007,0.9656065620952655,0.965815041381792,6949.0,0.9827586206896551,1.0,0.991304347826087,57.0,0.97165991902834,1.0,0.9856262833675564,480.0,0.9752964426877471,0.9979777553083923,0.9865067466266867,989.0,0.9032673012606123,0.9731152993348116,0.9368912608405604,3608.0,0.9054178145087236,0.9969666329625885,0.9489894128970163,989.0,0.9949971222384557,0.9958348103509393,0.9954157900564722,22568.0,0.97875,0.9974522292993631,0.98801261829653,785.0,,,,,,,,
lr,random,789,top20,,False,0.9691860898602642,0.9852689937123258,0.992591175023238,0.9967604667124228,0.017985153764581124,0.9988963552507184,0.9803934343931713,33.49194049835205,0.021107912063598633,2842536.0035241097,240000,60000,20,9.0,lr_random_top20_seed789.json,0.9949288753276893,0.9820148462354189,0.9884296814960294,23575.0,0.9793053545586107,0.9738091811771478,0.9765495345984558,6949.0,1.0,1.0,1.0,57.0,0.8040201005025126,1.0,0.8913649025069638,480.0,0.9638318670576735,0.9969666329625885,0.9801192842942346,989.0,0.9338974087784241,0.9789356984478935,0.9558863328822733,3608.0,0.9132040627885504,1.0,0.9546332046332047,989.0,0.9944446913470513,0.9914923785891527,0.992966340500122,22568.0,0.987146529562982,0.978343949044586,0.982725527831094,785.0,,,,,,,,
lr,random,1011,top20_stable,,False,0.9866966112524644,0.9900509103234812,0.9946237294627833,0.9980233356211393,0.013616118769883351,0.9994549724721209,0.9953029871708033,25.69709873199463,0.03146696090698242,1906761.8311587945,240000,60000,20,9.0,lr_random_top20_stable_seed1011.json,0.9969133156134785,0.9863838812301167,0.9916206477473828,23575.0,0.9759862778730704,0.9825874226507411,0.9792757260666906,6949.0,1.0,1.0,1.0,57.0,0.967741935483871,1.0,0.9836065573770492,480.0,0.9859578736208626,0.993933265925177,0.9899295065458208,989.0,0.9373173970783533,0.9781042128603105,0.9572765495727655,3608.0,0.9899497487437185,0.9959555106167847,0.9929435483870968,989.0,0.9968989500730961,0.9971198156682027,0.9970093706386655,22568.0,0.9823899371069182,0.9949044585987261,0.9886075949367089,785.0,,,,,,,,
lr,random,123,top20_stable,,False,0.9655833390114754,0.9892887552777637,0.9953446340060793,0.9978586135895676,0.011113467656415695,0.9992829867403655,0.9887122035039566,22.52265477180481,0.025152206420898438,2385476.6057480853,240000,60000,20,9.0,lr_random_top20_stable_seed123.json,0.9966653841220983,0.9888865323435843,0.9927607205212281,23575.0,0.9765149318643085,0.9693481076413872,0.9729183216581209,6949.0,0.7125,1.0,0.8321167883211679,57.0,0.9430255402750491,1.0,0.9706774519716885,480.0,0.9860279441117764,0.9989888776541962,0.9924660974384731,989.0,0.9212950776520137,0.9700665188470067,0.9450519778587823,3608.0,0.987,0.9979777553083923,0.9924585218702866,989.0,0.9990234375,0.9972527472527473,0.9981373070782331,22568.0,0.9886506935687264,0.9987261146496815,0.9936628643852978,785.0,,,,,,,,
lr,random,2026,top20_stable,,False,0.9869484534557375,0.990525833177219,0.9948397870214484,0.9976938915579959,0.012428419936373277,0.9995022466507653,0.9967621206795241,21.831830739974976,0.021215200424194336,2828160.8846633625,240000,60000,20,9.0,lr_random_top20_stable_seed2026.json,0.9964050329538646,0.9875715800636268,0.9919686414861209,23575.0,0.9804344698604517,0.9807166498776803,0.9805755395683453,6949.0,1.0,1.0,1.0,57.0,0.9561752988047809,1.0,0.9775967413441955,480.0,0.9889779559118237,0.9979777553083923,0.9934574735782586,989.0,0.933368448775349,0.9822616407982262,0.9571910871033086,3608.0,0.9899799599198397,0.9989888776541962,0.9944640161046804,989.0,0.9981803657021125,0.9965880893300249,0.9973835920177384,22568.0,0.981226533166458,0.9987261146496815,0.98989898989899,785.0,,,,,,,,
lr,random,3141,top20_stable,,False,0.9879847468869626,0.991235533712574,0.9953013054973355,0.9973369938229238,0.010434782608695653,0.9996258198358488,0.9967745530797372,21.15240478515625,0.03254437446594238,1843636.603394847,240000,60000,20,9.0,lr_random_top20_stable_seed3141.json,0.9958593016306668,0.9895652173913043,0.9927022829301504,23575.0,0.9842462783639254,0.9799971218880414,0.9821171041246034,6949.0,1.0,1.0,1.0,57.0,0.96,1.0,0.9795918367346939,480.0,0.9939455095862765,0.9959555106167847,0.9949494949494949,989.0,0.9371713985278654,0.9880820399113082,0.9619535887749595,3608.0,0.9889779559118237,0.9979777553083923,0.9934574735782586,989.0,0.9985338546294651,0.9958791208791209,0.9972047209157867,22568.0,0.9824341279799247,0.9974522292993631,0.9898862199747156,785.0,,,,,,,,
lr,random,42,top20_stable,,False,0.9822580129459662,0.9871565143592375,0.9945416489965663,0.9979409746053535,0.01374337221633086,0.9993097004624014,0.992151835478825,16.575078010559082,0.023899078369140625,2510557.063048683,240000,60000,20,9.0,lr_random_top20_stable_seed42.json,0.9967847037640402,0.9862566277836692,0.991492718705358,23575.0,0.9700581395348837,0.9604259605698662,0.9652180201026828,6949.0,1.0,1.0,1.0,57.0,0.9815950920245399,1.0,0.9907120743034056,480.0,0.9782178217821782,0.9989888776541962,0.9884942471235618,989.0,0.9015677203803649,0.9722838137472284,0.9355914121882918,3608.0,0.9600778967867576,0.9969666329625885,0.9781746031746031,989.0,0.9983581824636137,0.9969425735554768,0.9976498758424973,22568.0,0.9936224489795918,0.9923566878980892,0.992989165073295,785.0,,,,,,,,
lr,random,4242,top20_stable,,False,0.9852821500039747,0.9885838629655673,0.9935552727720537,0.9967330130404942,0.014931071049840932,0.9993539104176428,0.9937352308020988,20.925850868225098,0.03127551078796387,1918433.8956692764,240000,60000,20,9.0,lr_random_top20_stable_seed4242.json,0.9949018935823837,0.9850689289501591,0.9899609949485261,23575.0,0.9765905500502657,0.9785580659087638,0.9775733179988499,6949.0,1.0,1.0,1.0,57.0,0.9580838323353293,1.0,0.9785932721712538,480.0,0.9919436052366566,0.9959555106167847,0.9939455095862765,989.0,0.936491135220958,0.9808758314855875,0.9581697576824151,3608.0,0.9733201581027668,0.9959555106167847,0.9845077461269365,989.0,0.9958760143674338,0.9951258419000355,0.9955007868082183,22568.0,0.9788029925187033,1.0,0.9892879647132955,785.0,,,,,,,,
lr,random,456,top20_stable,,False,0.9864510490871956,0.9910046813473622,0.9953865319588758,0.9980782429649966,0.011325556733828207,0.9993924631434901,0.9954523608602707,19.646998643875122,0.02957749366760254,2028569.4479150714,240000,60000,20,9.0,lr_random_top20_stable_seed456.json,0.9970057318846779,0.9886744432661718,0.9928226098438865,23575.0,0.9782016348773842,0.9815800834652468,0.9798879471340325,6949.0,1.0,1.0,1.0,57.0,0.9429133858267716,0.9979166666666667,0.9696356275303644,480.0,0.9889779559118237,0.9979777553083923,0.9934574735782586,989.0,0.9371671991480298,0.975609756097561,0.9560021727322108,3608.0,0.9860279441117764,0.9989888776541962,0.9924660974384731,989.0,0.9989350372736954,0.9975186104218362,0.998226321390564,22568.0,0.9911616161616161,1.0,0.9955611921369689,785.0,,,,,,,,
lr,random,5555,top20_stable,,False,0.9880924596449433,0.9889840247481455,0.9932015594008617,0.996678105696637,0.015949098621420996,0.9994170312714304,0.9952917069125249,19.42913794517517,0.02658390998840332,2257004.331799715,240000,60000,20,9.0,lr_random_top20_stable_seed5555.json,0.994811320754717,0.984050901378579,0.9894018552084444,23575.0,0.9817187275082769,0.9814361778673191,0.9815774323546345,6949.0,1.0,1.0,1.0,57.0,0.973630831643002,1.0,0.986639260020555,480.0,0.9959595959595959,0.9969666329625885,0.9964628600303184,989.0,0.9337002096436059,0.9875277161862528,0.9598599137931034,3608.0,0.979187314172448,0.9989888776541962,0.988988988988989,989.0,0.9948172757475083,0.9951258419000355,0.9949715349002061,22568.0,0.9899117276166457,1.0,0.9949302915082383,785.0,,,,,,,,
lr,random,6789,top20_stable,,False,0.9816453298239742,0.986820794875034,0.9938793115252427,0.9963486616334934,0.013319194061505833,0.9990844194212666,0.9868112531954237,17.256630420684814,0.038121938705444336,1573896.86982082,240000,60000,20,9.0,lr_random_top20_stable_seed6789.json,0.9943147815679234,0.9866808059384942,0.9904830845877067,23575.0,0.9743178170144462,0.9608576773636495,0.9675409360962179,6949.0,1.0,1.0,1.0,57.0,0.933852140077821,1.0,0.96579476861167,480.0,0.9969574036511156,0.993933265925177,0.9954430379746836,989.0,0.9082474226804124,0.9767184035476718,0.9412393162393162,3608.0,0.9909547738693467,0.9969666329625885,0.9939516129032258,989.0,0.9972902136733153,0.9947713576745835,0.9960291931941703,22568.0,0.9691358024691358,1.0,0.9843260188087775,785.0,,,,,,,,
lr,random,789,top20_stable,,False,0.9858333427131049,0.9905819367630502,0.9953301105161528,0.9976664378860672,0.010858960763520678,0.9995254558541833,0.9949630117999337,20.84536623954773,0.0304868221282959,1968063.4389345513,240000,60000,20,9.0,lr_random_top20_stable_seed789.json,0.9963681421979149,0.9891410392364793,0.992741437663637,23575.0,0.9839223638470452,0.9775507267232695,0.9807261964917346,6949.0,1.0,1.0,1.0,57.0,0.935672514619883,1.0,0.9667673716012085,480.0,0.996969696969697,0.9979777553083923,0.9974734714502274,989.0,0.9304897314375987,0.979490022172949,0.9543613286524439,3608.0,0.9792079207920792,1.0,0.9894947473736868,989.0,0.9980915183524921,0.9964551577454803,0.9972726667997073,22568.0,0.9886506935687264,0.9987261146496815,0.9936628643852978,785.0,,,,,,,,
lr,random,1011,top50,,False,0.9924157862957781,0.9937511387775716,0.9967524014415501,0.9984900480439258,0.007720042417815483,0.9997025158040148,0.9980556714075808,28.755682229995728,0.07739472389221191,775246.6445072193,240000,60000,50,9.0,lr_random_top50_seed1011.json,0.9976543841692255,0.9922799575821846,0.9949599132339494,23575.0,0.984533867965058,0.9893509857533458,0.9869365489520529,6949.0,1.0,1.0,1.0,57.0,0.9917355371900827,1.0,0.995850622406639,480.0,0.9949392712550608,0.993933265925177,0.9944360141628731,989.0,0.9623815967523681,0.9855875831485588,0.9738463645077365,3608.0,0.9969666329625885,0.9969666329625885,0.9969666329625885,989.0,0.997695546199867,0.9975629209500178,0.9976292291671283,22568.0,0.9873577749683944,0.9949044585987261,0.9911167512690355,785.0,,,,,,,,
lr,random,123,top50,,False,0.9928563136019639,0.9940142023616888,0.9971752187148616,0.9982155113246397,0.005980911983032874,0.9996605998543663,0.996749798746719,27.017359733581543,0.09207391738891602,651650.3446525767,240000,60000,50,9.0,lr_random_top50_seed123.json,0.9972339248478659,0.9940190880169671,0.9956239112886094,23575.0,0.9853490376328641,0.9871924017844295,0.9862698583854503,6949.0,1.0,1.0,1.0,57.0,0.9896907216494846,1.0,0.9948186528497409,480.0,0.9959595959595959,0.9969666329625885,0.9964628600303184,989.0,0.9638095238095238,0.9817073170731707,0.9726760950157902,3608.0,0.9949596774193549,0.9979777553083923,0.9964664310954063,989.0,0.9982703565726451,0.9973856788372918,0.9978278216153914,22568.0,0.9911616161616161,1.0,0.9955611921369689,785.0,,,,,,,,
lr,random,2026,top50,,False,0.9929019887289425,0.9935503934369033,0.9967917077986179,0.997968428277282,0.006786850477200424,0.999743981186456,0.9990410007759648,23.66713857650757,0.07077527046203613,847753.7366979616,240000,60000,50,9.0,lr_random_top50_seed2026.json,0.9968495891693985,0.9932131495227996,0.9950280469148394,23575.0,0.9864942528735632,0.9880558353719959,0.9872744266302395,6949.0,1.0,1.0,1.0,57.0,0.9856262833675564,1.0,0.9927611168562565,480.0,0.9989878542510121,0.9979777553083923,0.9984825493171472,989.0,0.9598371777476256,0.9803215077605322,0.9699712052653229,3608.0,0.9959718026183283,1.0,0.9979818365287588,989.0,0.9974727321096036,0.9968539524991138,0.997163246310004,22568.0,0.9961880559085133,0.9987261146496815,0.9974554707379135,785.0,,,,,,,,
lr,random,3141,top50,,False,0.9927311089939137,0.9934705656007115,0.9965320137622853,0.9979409746053535,0.007550371155885472,0.9997414754428315,0.9982393144062178,23.61660099029541,0.07761597633361816,773036.723033682,240000,60000,50,9.0,lr_random_top50_seed3141.json,0.9968047034764826,0.9924496288441145,0.994622398877718,23575.0,0.9850703416594889,0.987480212980285,0.9862738052461373,6949.0,1.0,1.0,1.0,57.0,0.9917355371900827,1.0,0.995850622406639,480.0,0.9969604863221885,0.9949443882709808,0.9959514170040485,989.0,0.9593211206896551,0.9869733924611973,0.9729508196721312,3608.0,0.9939577039274925,0.9979777553083923,0.9959636730575177,989.0,0.9980920264454008,0.9967210209145693,0.9974060525440639,22568.0,0.9911616161616161,1.0,0.9955611921369689,785.0,,,,,,,,
lr,random,42,top50,,False,0.991680338165136,0.992895397184437,0.9962038673957434,0.9978311599176389,0.008398727465535525,0.9996408066089211,0.9968774036117067,22.663594484329224,0.06473517417907715,926853.1483984547,240000,60000,50,9.0,lr_random_top50_seed42.json,0.9966319918144612,0.9916012725344645,0.9941102676957752,23575.0,0.9860531991373113,0.9869045905885739,0.9864787111622555,6949.0,1.0,1.0,1.0,57.0,0.9896907216494846,1.0,0.9948186528497409,480.0,0.9929435483870968,0.9959555106167847,0.99444724886421,989.0,0.9515524625267666,0.9853104212860311,0.9681372549019608,3608.0,0.9919597989949749,0.9979777553083923,0.9949596774193549,989.0,0.9978705470032385,0.9966767103863878,0.9972732714092531,22568.0,0.9961685823754789,0.9936305732484076,0.9948979591836735,785.0,,,,,,,,
lr,random,4242,top50,,False,0.9922099382359517,0.9931024193568235,0.9966667123907765,0.9973644474948524,0.00623541887592789,0.9996403047419107,0.9981654837937843,22.485742807388306,0.07132863998413086,841176.8402334427,240000,60000,50,9.0,lr_random_top50_seed4242.json,0.9959190613841183,0.9937645811240721,0.9948406547909722,23575.0,0.9838895281933256,0.9843142898258742,0.9841018631753111,6949.0,1.0,1.0,1.0,57.0,0.9876543209876543,1.0,0.9937888198757764,480.0,1.0,0.9959555106167847,0.9979736575481256,989.0,0.9591450216450217,0.9825388026607539,0.9707009857612268,3608.0,0.9919517102615694,0.9969666329625885,0.994452849218356,989.0,0.9983567241073015,0.9960563629918469,0.9972052169284004,22568.0,0.9936708860759493,1.0,0.9968253968253968,785.0,,,,,,,,
lr,random,456,top50,,False,0.9929957614144763,0.9938166722035691,0.9970106683487371,0.9980507892930679,0.00623541887592789,0.9997581184564245,0.9979661331379795,22.443588495254517,0.10653924942016602,563172.7304870898,240000,60000,50,9.0,lr_random_top50_seed456.json,0.9969785948338227,0.9937645811240721,0.9953689934995964,23575.0,0.9839449541284404,0.9877680241761404,0.9858527827648115,6949.0,1.0,1.0,1.0,57.0,0.9896907216494846,1.0,0.9948186528497409,480.0,1.0,0.9979777553083923,0.9989878542510121,989.0,0.9613500272182907,0.9789356984478935,0.9700631694589399,3608.0,0.9929718875502008,1.0,0.9964735516372796,989.0,0.9986244841815681,0.9972527472527473,0.9979381443298969,22568.0,0.9949302915082383,1.0,0.9974587039390089,785.0,,,,,,,,
lr,random,5555,top50,,False,0.9920904729388655,0.993236510381202,0.9964771839403451,0.9978860672614962,0.007635206786850477,0.9996960168371358,0.9983191128562576,21.809167623519897,0.08398318290710449,714428.7454116525,240000,60000,50,9.0,lr_random_top50_seed5555.json,0.9967194955691888,0.9923647932131495,0.9945373775161009,23575.0,0.9842203414144313,0.9873363073823572,0.9857758620689655,6949.0,1.0,1.0,1.0,57.0,0.9795918367346939,1.0,0.9896907216494846,480.0,0.9989868287740629,0.9969666329625885,0.9979757085020243,989.0,0.9597079502433749,0.9836474501108647,0.9715302491103203,3608.0,0.993963782696177,0.9989888776541962,0.9964699949571356,989.0,0.9979147255867608,0.9966323998582063,0.9972731505087902,22568.0,0.9911616161616161,1.0,0.9955611921369689,785.0,,,,,,,,
lr,random,6789,top50,,False,0.9931522907744093,0.9943100910561768,0.9973246257906074,0.9978311599176389,0.004920466595970308,0.9997665655364804,0.9989966591114973,28.16020107269287,0.12698864936828613,472483.1730904626,240000,60000,50,9.0,lr_random_top50_seed6789.json,0.9966437250403603,0.9950795334040297,0.9958610150064738,23575.0,0.9867759091562455,0.9879119297740682,0.9873435926938012,6949.0,1.0,1.0,1.0,57.0,0.9836065573770492,1.0,0.9917355371900827,480.0,0.9959555106167847,0.9959555106167847,0.9959555106167847,989.0,0.9691425450573458,0.9836474501108647,0.9763411279229711,3608.0,0.9949698189134809,1.0,0.9974785678265254,989.0,0.9983575994318182,0.9965880893300249,0.9974720596061735,22568.0,0.9949174078780177,0.9974522292993631,0.9961832061068703,785.0,,,,,,,,
lr,random,789,top50,,False,0.9927621372116187,0.9935711655010122,0.9965874049201672,0.9981606039807824,0.007720042417815483,0.9996877418441201,0.9963584850469864,23.319392204284668,0.04819846153259277,1244853.0117382852,240000,60000,50,9.0,lr_random_top50_seed789.json,0.9971440750213129,0.9922799575821846,0.9947060699479111,23575.0,0.9846550982360533,0.9880558353719959,0.9863525355552363,6949.0,1.0,1.0,1.0,57.0,0.9876543209876543,1.0,0.9937888198757764,480.0,0.9989868287740629,0.9969666329625885,0.9979757085020243,989.0,0.9587267332074454,0.9850332594235033,0.9717019822282981,3608.0,0.9929718875502008,1.0,0.9964735516372796,989.0,0.998181414947882,0.9971641261963843,0.9976725112495289,22568.0,0.9936628643852978,0.9987261146496815,0.9961880559085133,785.0,,,,,,,,
lr,temporal,1011,full,,False,0.963138529631368,0.8943014039414899,0.9110783689072953,0.8376137216496733,0.0017250643364158254,0.9996391216736136,0.9979800778502858,54.76374173164368,0.2875194549560547,312987.5159708909,210010,89990,89,9.0,lr_temporal_full_seed1011.json,0.7991668741934753,0.9982749356635842,0.8876930040738319,35361.0,0.958678446530462,0.9995202456342352,0.978673431040962,10422.0,1.0,1.0,1.0,84.0,0.9986091794158554,1.0,0.9993041057759221,718.0,0.9966261808367072,0.9966261808367072,0.9966261808367072,1482.0,0.999601593625498,0.9271988174427199,0.9620398773006135,5412.0,0.9966375252185609,0.9993256911665542,0.997979797979798,1483.0,1.0,0.7381247784473591,0.8493346249936267,33852.0,0.9974446337308348,0.9957482993197279,0.9965957446808511,1176.0,,,,,,,,
lr,temporal,123,full,,False,0.9641586135514228,0.8967219034468497,0.9132941082929157,0.8410397217645982,0.0011311897287972624,0.9997307298731999,0.9990358715641895,49.14393138885498,0.11877965927124023,757629.7200390206,210009,89991,89,9.0,lr_temporal_full_seed123.json,0.802658788774003,0.9988688102712028,0.890078875085049,35361.0,0.959612724757953,0.9985607369027059,0.9786993934264353,10422.0,1.0,1.0,1.0,85.0,0.9958448753462604,1.0,0.9979181124219292,719.0,0.9993234100135318,0.9966261808367072,0.9979729729729729,1482.0,0.9996008780682498,0.9255358462675536,0.9611436246761969,5412.0,0.9993261455525606,1.0,0.9996629592180654,1483.0,1.0,0.744025287288411,0.8532276369056693,33851.0,0.9991489361702127,0.9982993197278912,0.9987239472564866,1176.0,,,,,,,,
lr,temporal,2026,full,,False,0.9636710440227252,0.8937016653614869,0.9101780891542011,0.835865426856055,0.001300868188116852,0.9996611267857569,0.9987625660832986,44.3424756526947,0.14731836318969727,610874.2864874138,210007,89993,89,9.0,lr_temporal_full_seed2026.json,0.7975023711666139,0.9986991318118832,0.886832489986565,35361.0,0.9622885664109437,0.9989445403953175,0.980273998399322,10422.0,1.0,1.0,1.0,85.0,0.9986111111111111,1.0,0.9993050729673384,719.0,0.9986495611073599,0.9979757085020243,0.9983125210934863,1482.0,0.9996036464526358,0.9320029563932003,0.9646203863071333,5412.0,0.9986522911051213,0.9986522911051213,0.9986522911051213,1484.0,1.0,0.7354956871085904,0.8475914893617021,33852.0,0.9966044142614601,0.9982993197278912,0.9974511469838573,1176.0,,,,,,,,
lr,temporal,3141,full,,False,0.9618970333706959,0.8914038752950731,0.908960301703066,0.8338458722313747,0.001357427674556715,0.9997235416889735,0.9980355555016391,50.51618003845215,0.16046452522277832,560815.5439656364,210009,89991,89,9.0,lr_temporal_full_seed3141.json,0.7955170083352107,0.9986425723254433,0.8855813720204135,35361.0,0.9545537841304746,0.9996161965073882,0.9765654293213348,10422.0,1.0,1.0,1.0,85.0,0.9958391123439667,1.0,0.9979152189020153,718.0,1.0,0.9966261808367072,0.9983102399459277,1482.0,1.0,0.9166512659397523,0.9565133545463311,5411.0,0.9973118279569892,1.0,0.9986541049798116,1484.0,1.0,0.7319508448540707,0.8452328159645233,33852.0,0.9974533106960951,0.9991496598639455,0.9983007646559049,1176.0,,,,,,,,
lr,temporal,42,full,,False,0.9634105218563155,0.8946198160137472,0.911495968945954,0.8381351588812418,0.0013857074177766465,0.999710190143116,0.9993924060768156,68.59379649162292,0.14574408531188965,617472.7420836093,210007,89993,89,9.0,lr_temporal_full_seed42.json,0.7997282300985166,0.9986142925822233,0.8881734493686805,35361.0,0.9579808753218095,0.9997121473805411,0.978401727861771,10422.0,1.0,1.0,1.0,85.0,0.9986111111111111,1.0,0.9993050729673384,719.0,0.9966352624495289,0.9986513823331086,0.9976423038059953,1483.0,0.9995999199839968,0.9233185513673319,0.9599462107386418,5412.0,1.0,0.9979770734996628,0.9989875126560918,1483.0,1.0,0.73904052936311,0.8499405469678953,33852.0,0.9991482112436116,0.9974489795918368,0.9982978723404256,1176.0,,,,,,,,
lr,temporal,4242,full,,False,0.9624583691283899,0.8917941168077558,0.9090255949708127,0.8337268683762561,0.0009332315262577416,0.999772918385102,0.9989931472230332,45.348238706588745,0.1209108829498291,744300.2466315809,210006,89994,89,9.0,lr_temporal_full_seed4242.json,0.7954606863009998,0.9990667684737422,0.8857132112368846,35361.0,0.9581532235813482,0.9996161965073882,0.9784456445174924,10422.0,1.0,1.0,1.0,85.0,0.9972260748959778,1.0,0.9986111111111111,719.0,0.9966329966329966,0.9979770734996628,0.9973045822102425,1483.0,1.0,0.9218403547671841,0.9593308335736949,5412.0,0.9993256911665542,0.9993256911665542,0.9993256911665542,1483.0,1.0,0.7317440623892236,0.845094928611637,33852.0,0.9991489361702127,0.9974511469838573,0.9982993197278912,1177.0,,,,,,,,
lr,temporal,456,full,,False,0.9618235633009549,0.8905574984666037,0.9080760474497743,0.83237533865417,0.0013857074177766465,0.9997164758685481,0.9995306798444648,53.75274658203125,0.13617205619812012,660847.7723878442,210011,89989,89,9.0,lr_temporal_full_seed456.json,0.7940812700982707,0.9986142925822233,0.8846799448828762,35361.0,0.9551581843191197,0.9994242947610823,0.9767899845266563,10422.0,1.0,1.0,1.0,84.0,0.9986091794158554,1.0,0.9993041057759221,718.0,0.9973063973063973,0.9986513823331086,0.9979784366576819,1483.0,1.0,0.9181297357235262,0.95731766066095,5411.0,0.9993243243243243,0.9973027646662171,0.9983125210934863,1483.0,1.0,0.729697793270509,0.8437286514551168,33851.0,0.9974533106960951,0.9991496598639455,0.9983007646559049,1176.0,,,,,,,,
lr,temporal,5555,full,,False,0.9620716821229548,0.8902537540858178,0.9077325662691517,0.8318140215998535,0.001413987160996578,0.9996801578649787,0.9994305358379569,59.72945690155029,0.12309741973876953,731055.1284582071,210009,89991,89,9.0,lr_temporal_full_seed5555.json,0.7935234499651678,0.9985860128390034,0.8843225644878537,35361.0,0.955162295983862,0.9995202456342352,0.9768379594898725,10422.0,1.0,1.0,1.0,84.0,0.9986111111111111,1.0,0.9993050729673384,719.0,0.9993252361673415,0.9993252361673415,0.9993252361673415,1482.0,1.0,0.9179449270005544,0.9572171902100597,5411.0,0.9993256911665542,0.9993256911665542,0.9993256911665542,1483.0,1.0,0.7288491078813659,0.8431610422896199,33852.0,0.9991503823279524,0.9991503823279524,0.9991503823279524,1177.0,,,,,,,,
lr,temporal,6789,full,,False,0.9636255912648343,0.8954730583882536,0.9122604525283079,0.8391206457871905,0.0008201125533780153,0.9997396018941765,0.9990079366275633,53.13674283027649,0.20677661895751953,435213.6158028973,210008,89992,89,9.0,lr_temporal_full_seed6789.json,0.8007978060334081,0.999179887446622,0.889056641755366,35361.0,0.9600073719130114,0.9996161965073882,0.9794114882015605,10422.0,1.0,1.0,1.0,84.0,0.9972260748959778,1.0,0.9986111111111111,719.0,0.9966284558327714,0.9966284558327714,0.9966284558327714,1483.0,1.0,0.9246119733924612,0.9608294930875576,5412.0,0.9986531986531987,1.0,0.9993261455525606,1483.0,1.0,0.7404803403149095,0.8508919327189096,33851.0,0.9982993197278912,0.9974511469838573,0.9978750531236719,1177.0,,,,,,,,
lr,temporal,789,full,,False,0.9638388315619584,0.8960755671793136,0.9128304024970924,0.8404385788288701,0.0014705466474364414,0.9996744436016264,0.9993600957007254,29.48057723045349,0.14316606521606445,628584.7128939752,210008,89992,89,9.0,lr_temporal_full_seed789.json,0.8020033616499341,0.9985294533525636,0.8895411087457644,35361.0,0.9577931034482758,0.9994242947610823,0.9781659388646288,10422.0,1.0,1.0,1.0,85.0,0.9972222222222222,1.0,0.9986091794158554,718.0,0.9986504723346828,0.9979770734996628,0.9983136593591906,1483.0,0.9998,0.9236881005173688,0.960238186707645,5412.0,0.9986522911051213,0.9993256911665542,0.9989888776541962,1483.0,1.0,0.7427550146229063,0.8523917686544394,33851.0,0.9983007646559049,0.9983007646559049,0.9983007646559049,1177.0,,,,,,,,
lr,temporal,1011,top20,,False,0.8814435161535138,0.7830731207504298,0.8104385489983758,0.6850207765106445,0.008455643222759537,0.9984559340958119,0.9857509715623513,27.600281238555908,0.043578147888183594,2065025.8067622278,210010,89990,20,9.0,lr_temporal_top20_seed1011.json,0.6707991352426869,0.9915443567772405,0.8002282323405226,35361.0,0.9544156920526752,0.9944348493571291,0.9740143790235422,10422.0,1.0,1.0,1.0,84.0,0.6272912423625254,0.8579387186629527,0.7247058823529412,718.0,0.9979395604395604,0.9804318488529015,0.9891082368958475,1482.0,0.9995953874165486,0.9129711751662971,0.9543215837759537,5412.0,0.982363315696649,0.75118004045853,0.8513565150936186,1483.0,0.9853061702376771,0.4971936665485053,0.6608944909098049,33852.0,0.9762912785774767,0.9804421768707483,0.9783623249893934,1176.0,,,,,,,,
lr,temporal,123,top20,,False,0.9602806991894934,0.8862722820925396,0.9040953239210974,0.8263957532491305,0.002658295862673567,0.9995959194585491,0.999038844365487,16.563035249710083,0.06157326698303223,1461527.1271020728,210009,89991,20,9.0,lr_temporal_top20_seed123.json,0.7880717749324038,0.9973417041373265,0.8804423806670661,35361.0,0.9513444302176697,0.9980809825369411,0.9741524630080539,10422.0,1.0,1.0,1.0,85.0,0.9930939226519337,1.0,0.9965349965349966,719.0,0.9993238674780257,0.9973009446693657,0.9983113812901047,1482.0,0.999597261377366,0.9172209903917221,0.9566390441318173,5412.0,0.9993261455525606,1.0,0.9996629592180654,1483.0,1.0,0.720628637263301,0.8376341316851232,33851.0,1.0,0.9982993197278912,0.9991489361702127,1176.0,,,,,,,,
lr,temporal,2026,top20,,False,0.9471344718805312,0.8796573993887821,0.8978765004081715,0.815364621467272,0.001300868188116852,0.9993595560364992,0.9804668468102454,21.692622423171997,0.05090451240539551,1767878.6368349812,210007,89993,20,9.0,lr_temporal_top20_seed2026.json,0.7778291705211224,0.9986991318118832,0.87453413072818,35361.0,0.9542126239688572,0.9878142391095759,0.9707227382018764,10422.0,0.9659090909090909,1.0,0.9826589595375722,85.0,0.9984126984126984,0.874826147426982,0.9325426241660489,719.0,0.9886211512717537,0.9966261808367072,0.9926075268817204,1482.0,0.9995953055443141,0.9127864005912787,0.9542205910759127,5412.0,0.9986513823331086,0.9979784366576819,0.9983147960903269,1484.0,0.9999583385410157,0.7090275316081768,0.8297294961541786,33852.0,0.9948364888123924,0.9829931972789115,0.9888793840889649,1176.0,,,,,,,,
lr,temporal,3141,top20,,False,0.9605183605531499,0.8924514933646105,0.9110607055452755,0.8381658429434377,0.002799694578773225,0.9995095968803596,0.9981948573317422,15.666909217834473,0.04849433898925781,1855701.1369911504,210009,89991,20,9.0,lr_temporal_top20_seed3141.json,0.7995374464322155,0.9972003054212267,0.887496224705527,35361.0,0.9409580729874129,0.9970255229322587,0.9681807593757279,10422.0,1.0,1.0,1.0,85.0,0.9958391123439667,1.0,0.9979152189020153,718.0,0.999322951929587,0.9959514170040485,0.9976343359242987,1482.0,0.9997938994229184,0.8965071151358344,0.9453376205787781,5411.0,0.9986531986531987,0.9993261455525606,0.998989558773998,1484.0,0.9998802203944742,0.739779038166135,0.8503854120683215,33852.0,0.9974554707379135,1.0,0.9987261146496815,1176.0,,,,,,,,
lr,temporal,42,top20,,False,0.9603717707933573,0.8884121551506089,0.9062618671676693,0.8299714453067799,0.002573456633013772,0.9995169052402881,0.9986778148066142,18.12195587158203,0.08556389808654785,1051763.6761823557,210007,89993,20,9.0,lr_temporal_top20_seed42.json,0.7915348190040171,0.9974265433669862,0.8826326326326326,35361.0,0.9501005300676293,0.9975052772980234,0.9732259876427636,10422.0,1.0,1.0,1.0,85.0,0.9958448753462604,1.0,0.9979181124219292,719.0,0.9946236559139785,0.9979770734996628,0.9962975429148435,1483.0,1.0,0.9146341463414634,0.9554140127388535,5412.0,1.0,0.9966284558327714,0.9983113812901047,1483.0,1.0,0.7266335814722912,0.8416766467065868,33852.0,1.0,0.9957482993197279,0.9978696207925011,1176.0,,,,,,,,
lr,temporal,4242,top20,,False,0.9581261223132143,0.8831151172170627,0.9021566857257498,0.8230922702395987,0.002516897146573909,0.9995529651799497,0.9983346113781233,14.308901071548462,0.0538632869720459,1670785.5212531926,210006,89994,20,9.0,lr_temporal_top20_seed4242.json,0.7849211117787124,0.9974831028534261,0.8785274851179357,35361.0,0.9441421835328255,0.9990404912684705,0.9708158508158509,10422.0,1.0,1.0,1.0,85.0,0.9958448753462604,1.0,0.9979181124219292,719.0,0.9952925353059852,0.9979770734996628,0.9966329966329966,1483.0,0.999795207864018,0.902069475240207,0.9484215638659543,5412.0,0.9993238674780257,0.9966284558327714,0.9979743416610398,1483.0,1.0,0.7148174406238922,0.8336950904392765,33852.0,1.0,0.9983007646559049,0.9991496598639455,1177.0,,,,,,,,
lr,temporal,456,top20,,False,0.9012812982633823,0.7735566468803686,0.8218626098948457,0.698195064801933,0.0013291479313367834,0.9926945642157639,0.9668355650643838,39.9198157787323,0.05239677429199219,1717453.0534745732,210011,89989,20,9.0,lr_temporal_top20_seed456.json,0.6817242910368526,0.9986708520686632,0.8103072439824694,35361.0,0.857,0.6578391863365957,0.7443274345890782,10422.0,1.0,1.0,1.0,84.0,0.99581589958159,0.9944289693593314,0.9951219512195122,718.0,0.9879839786381842,0.9979770734996628,0.9929553840992955,1483.0,1.0,0.7967104047311033,0.8868545566755811,5411.0,1.0,0.9959541469993257,0.9979729729729729,1483.0,0.9077753367083771,0.5614900593778618,0.6938254029093431,33851.0,0.9957007738607051,0.9846938775510204,0.990166737922189,1176.0,,,,,,,,
lr,temporal,5555,top20,,False,0.9633181374070438,0.9040596744932786,0.9224922964844404,0.8576240161083654,0.0026865756058934986,0.9995033609128553,0.9987680308512359,17.55561876296997,0.054884910583496094,1639630.9849698527,210009,89991,20,9.0,lr_temporal_top20_seed5555.json,0.8193011801877149,0.9973134243941065,0.8995854856195395,35361.0,0.9351885098743268,0.9996161965073882,0.9663296540209628,10422.0,1.0,1.0,1.0,84.0,0.9986111111111111,1.0,0.9993050729673384,719.0,0.9973063973063973,0.9993252361673415,0.9983147960903269,1482.0,0.9997907512031806,0.8830160783588985,0.9377821393523061,5411.0,0.9986513823331086,0.9986513823331086,0.9986513823331086,1483.0,1.0,0.7704123833156091,0.8703196956550757,33852.0,1.0,0.9991503823279524,0.9995750106247344,1177.0,,,,,,,,
lr,temporal,6789,top20,,False,0.9588285846224542,0.8936956096200382,0.9139870266410108,0.8433856235470704,0.003280450213512061,0.9994200975881254,0.99708098692219,14.224085807800293,0.06315803527832031,1424870.1626551505,210008,89992,20,9.0,lr_temporal_top20_seed6789.json,0.8046619940184014,0.9967195497864879,0.8904524898309795,35361.0,0.9255574309318646,0.9997121473805411,0.9612066977259098,10422.0,1.0,1.0,1.0,84.0,0.9958448753462604,1.0,0.9979181124219292,719.0,0.9986486486486487,0.9966284558327714,0.9976375295308809,1483.0,0.9997868258367086,0.8665927568366593,0.9284370978917154,5412.0,0.9993261455525606,1.0,0.9996629592180654,1483.0,1.0,0.7473634456884582,0.85541842772612,33851.0,1.0,0.9974511469838573,0.9987239472564866,1177.0,,,,,,,,
lr,temporal,789,top20,,False,0.9622868553731294,0.895116022406728,0.9126991225193533,0.8405850158335011,0.0021492604847147987,0.9995120788088978,0.9988591184612622,17.64568591117859,0.048165082931518555,1868407.4545859548,210008,89992,20,9.0,lr_temporal_top20_seed789.json,0.8020411874346501,0.9978507395152852,0.8892949404574381,35361.0,0.9494931043930953,0.9975052772980234,0.9729072107060971,10422.0,1.0,1.0,1.0,85.0,0.9930843706777317,1.0,0.9965301873698821,718.0,0.9966352624495289,0.9986513823331086,0.9976423038059953,1483.0,0.9997969955339018,0.9100147819660015,0.9527955117043916,5412.0,0.9993256911665542,0.9993256911665542,0.9993256911665542,1483.0,1.0,0.7435821689167232,0.8529361932838603,33851.0,1.0,0.9983007646559049,0.9991496598639455,1177.0,,,,,,,,
lr,temporal,1011,top20_stable,,False,0.9615606820408009,0.8921350282166435,0.9096719597789835,0.8362957403576855,0.003676366618591103,0.9995111424443207,0.9978063277700494,18.072426080703735,0.047441959381103516,1896844.0843074387,210010,89990,20,9.0,lr_temporal_top20_stable_seed1011.json,0.7975505953728438,0.996323633381409,0.8859244357829886,35361.0,0.9479774052478134,0.9983688351564,0.9725207963361062,10422.0,1.0,1.0,1.0,84.0,0.9958391123439667,1.0,0.9979152189020153,718.0,0.9973009446693657,0.9973009446693657,0.9973009446693657,1482.0,0.9993956486704271,0.9166666666666666,0.9562451811873555,5412.0,0.9959677419354839,0.9993256911665542,0.9976438909458095,1483.0,1.0,0.7364114380243413,0.8481992480563447,33852.0,1.0,0.9965986394557823,0.9982964224872232,1176.0,,,,,,,,
lr,temporal,123,top20_stable,,False,0.9498056208336637,0.8664475451003097,0.8860034448668427,0.7956434193666484,0.0005938746076185629,0.9993909476214833,0.9941712607735457,27.15186595916748,0.053076982498168945,1695480.710552913,210009,89991,20,9.0,lr_temporal_top20_stable_seed123.json,0.7599346292792017,0.9994061253923814,0.8633726256642033,35361.0,0.9501583752561953,0.9786029552868931,0.9641709207789753,10422.0,1.0,1.0,1.0,85.0,0.9943100995732574,0.972183588317107,0.9831223628691983,719.0,0.9886058981233244,0.99527665317139,0.991930060524546,1482.0,0.9995896594173164,0.9002217294900222,0.9473070192494653,5412.0,1.0,1.0,1.0,1483.0,1.0,0.6781188148060618,0.8081892757807274,33851.0,0.9965546942291128,0.983843537414966,0.9901583226358579,1176.0,,,,,,,,
lr,temporal,2026,top20_stable,,False,0.964035645450023,0.9044732196277302,0.9221334068357222,0.8573180553521745,0.00325217047029213,0.9995503398291196,0.9988356337517721,13.822844982147217,0.04612421989440918,1951100.7493680832,210007,89993,20,9.0,lr_temporal_top20_stable_seed2026.json,0.8188936130666109,0.9967478295297079,0.8991097165888625,35361.0,0.9396263875101525,0.9990404912684705,0.9684230107426871,10422.0,1.0,1.0,1.0,85.0,0.9972260748959778,1.0,0.9986111111111111,719.0,0.9979757085020243,0.9979757085020243,0.9979757085020243,1482.0,0.9995882231830348,0.8970805617147081,0.9455643197974486,5412.0,0.9993252361673415,0.9979784366576819,0.9986513823331086,1484.0,1.0,0.7700874394422782,0.8701123145474875,33852.0,0.9982978723404256,0.9974489795918368,0.9978732454274777,1176.0,,,,,,,,
lr,temporal,3141,top20_stable,,False,0.9638655194889326,0.903741195053286,0.9215307610452055,0.8560131795716639,0.002771414835553293,0.9995842956249056,0.9982672529302575,15.3933584690094,0.05894732475280762,1526634.1666457695,210009,89991,20,9.0,lr_temporal_top20_stable_seed3141.json,0.8176169166917852,0.9972285851644467,0.8985348452032106,35361.0,0.9403268032860883,0.9994242947610823,0.968975301176799,10422.0,1.0,1.0,1.0,85.0,0.9958391123439667,1.0,0.9979152189020153,718.0,1.0,0.9959514170040485,0.9979716024340771,1482.0,1.0,0.8957678802439475,0.94501852212907,5411.0,0.9986531986531987,0.9993261455525606,0.998989558773998,1484.0,1.0,0.7678128323289614,0.868658512131542,33852.0,0.9974554707379135,1.0,0.9987261146496815,1176.0,,,,,,,,
lr,temporal,42,top20_stable,,False,0.9403934237758117,0.8468828417034967,0.8689140126400281,0.7688168106604188,0.0012160289584570573,0.9995080307604892,0.9980003019892387,25.63780927658081,0.05333828926086426,1687211.9681204378,210007,89993,20,9.0,lr_temporal_top20_stable_seed42.json,0.73658963877534,0.9987839710415429,0.8478795808376046,35361.0,0.9398202777525643,0.9934753406255997,0.9659032604132656,10422.0,0.9550561797752809,1.0,0.9770114942528736,85.0,0.9941520467836257,0.9457579972183588,0.9693513898788311,719.0,0.9959623149394348,0.9979770734996628,0.9969686763219939,1483.0,1.0,0.8826681448632668,0.9376778879183433,5412.0,1.0,0.9959541469993257,0.9979729729729729,1483.0,0.9999531462306143,0.630450194966324,0.7733309176555847,33852.0,0.9991467576791809,0.9957482993197279,0.9974446337308348,1176.0,,,,,,,,
lr,temporal,4242,top20_stable,,False,0.9602400253066605,0.8940632273586199,0.9131168367144389,0.8420002562553768,0.003450128672831651,0.9995776887943878,0.9984603741656072,16.695221185684204,0.11513137817382812,781663.534541599,210006,89994,20,9.0,lr_temporal_top20_stable_seed4242.json,0.8032413211460874,0.9965498713271683,0.889514337641357,35361.0,0.9351885098743268,0.9996161965073882,0.9663296540209628,10422.0,1.0,1.0,1.0,85.0,0.9958448753462604,1.0,0.9979181124219292,719.0,0.9959623149394348,0.9979770734996628,0.9969686763219939,1483.0,0.9997920565606155,0.8883961566888396,0.9408081401037081,5412.0,0.9993238674780257,0.9966284558327714,0.9979743416610398,1483.0,0.9999207167208436,0.7451258419000355,0.85392193371475,33852.0,0.9991496598639455,0.9983007646559049,0.9987250318742031,1177.0,,,,,,,,
lr,temporal,456,top20_stable,,False,0.9590349522800184,0.8853768976897076,0.904149070312031,0.8269385663029948,0.003506688159271514,0.9995070949687452,0.9988368961946937,28.574937105178833,0.12714934349060059,707742.545337266,210011,89989,20,9.0,lr_temporal_top20_stable_seed456.json,0.7884585263252109,0.9964933118407285,0.8803527706990456,35361.0,0.9420119413786865,0.9991364421416234,0.9697336561743342,10422.0,1.0,1.0,1.0,84.0,0.9972222222222222,1.0,0.9986091794158554,718.0,0.9966352624495289,0.9986513823331086,0.9976423038059953,1483.0,0.9997956264050685,0.9040842727776751,0.9495341614906833,5411.0,0.9993238674780257,0.9966284558327714,0.9979743416610398,1483.0,1.0,0.7210126731854303,0.8378935081877167,33851.0,1.0,0.9991496598639455,0.9995746490854955,1176.0,,,,,,,,
lr,temporal,5555,top20_stable,,False,0.9598700820610231,0.8922769370758821,0.9117588579154571,0.8393922753066081,0.0028845338084330196,0.9994767423301906,0.9985655446809175,15.366736650466919,0.06329703330993652,1421725.3999781534,210009,89991,20,9.0,lr_temporal_top20_stable_seed5555.json,0.80074035382554,0.997115466191567,0.8882031387762299,35361.0,0.934176307057663,0.9995202456342352,0.9657442173086729,10422.0,1.0,1.0,1.0,84.0,0.9986111111111111,1.0,0.9993050729673384,719.0,0.9986513823331086,0.9993252361673415,0.9989881956155143,1482.0,0.9995808885163453,0.8815376085751248,0.9368555435529805,5411.0,0.9986522911051213,0.9993256911665542,0.9989888776541962,1483.0,0.9998405612244898,0.7409901926030958,0.8511706820495419,33852.0,1.0,0.9991503823279524,0.9995750106247344,1177.0,,,,,,,,
lr,temporal,6789,top20_stable,,False,0.9531788243726184,0.8782964085504793,0.8996239514029505,0.8254470904797643,0.014903424676903934,0.998536004422675,0.9950678902361155,21.684563159942627,0.07607889175415039,1182877.3780092637,210008,89992,20,9.0,lr_temporal_top20_stable_seed6789.json,0.7850800090151003,0.985096575323096,0.8737881125283766,35361.0,0.8967980719573077,0.9997121473805411,0.9454627949183303,10422.0,1.0,1.0,1.0,84.0,0.9917241379310345,1.0,0.9958448753462604,719.0,0.9973063973063973,0.9986513823331086,0.9979784366576819,1483.0,0.9995776135163674,0.8745380635624538,0.9328865674583621,5412.0,0.9993247805536799,0.9979770734996628,0.9986504723346828,1483.0,0.9999177699202368,0.7184425866296417,0.8361267254568271,33851.0,1.0,0.9957519116397621,0.9978714346530438,1177.0,,,,,,,,
lr,temporal,789,top20_stable,,False,0.9590190730600364,0.894607080881864,0.9148421386641282,0.844392377953909,0.002460337660134046,0.9995551539961544,0.99906116629987,18.145736932754517,0.0905449390411377,993893.2087536502,210008,89992,20,9.0,lr_temporal_top20_stable_seed789.json,0.8058023986293547,0.9975396623398659,0.8914779619894865,35361.0,0.9282786885245902,0.9997121473805411,0.9626720872216575,10422.0,1.0,1.0,1.0,85.0,0.9944598337950139,1.0,0.9972222222222222,718.0,0.995965030262273,0.9986513823331086,0.9973063973063973,1483.0,0.9997865983781477,0.8656688839615669,0.9279065161418103,5412.0,0.9986522911051213,0.9993256911665542,0.9989888776541962,1483.0,0.9999605584917567,0.748958671826534,0.8564479351406131,33851.0,1.0,0.9983007646559049,0.9991496598639455,1177.0,,,,,,,,
lr,temporal,1011,top50,,False,0.9615734141232163,0.8882809192553864,0.9053851233715555,0.8281864943528162,0.0019795820253952095,0.9995989654924293,0.9978294036193831,19.421594381332397,0.09682655334472656,929393.8169999016,210010,89990,50,9.0,lr_temporal_top50_seed1011.json,0.7899142735635786,0.9980204179746048,0.8818561183437867,35361.0,0.9590352572954064,0.9996161965073882,0.9789053323937045,10422.0,1.0,1.0,1.0,84.0,0.9986091794158554,1.0,0.9993041057759221,718.0,0.9972991222147198,0.9966261808367072,0.9969625379682754,1482.0,0.9996026226902444,0.9296008869179601,0.963331737673528,5412.0,0.9959677419354839,0.9993256911665542,0.9976438909458095,1483.0,1.0,0.7228524164008034,0.8391344604094509,33852.0,0.9974468085106383,0.9965986394557823,0.9970225435984688,1176.0,,,,,,,,
lr,temporal,123,top50,,False,0.9645368855840982,0.8979228139129588,0.9143577576365243,0.842998352553542,0.001413987160996578,0.9997423384671141,0.9991878643017862,21.055357217788696,0.17494487762451172,514396.31283832033,210009,89991,50,9.0,lr_temporal_top50_seed123.json,0.8045707254830478,0.9985860128390034,0.8911405822155485,35361.0,0.9591705069124424,0.9985607369027059,0.978469349379466,10422.0,1.0,1.0,1.0,85.0,0.9958448753462604,1.0,0.9979181124219292,719.0,0.9993234100135318,0.9966261808367072,0.9979729729729729,1482.0,0.9996012759170654,0.926459719142646,0.9616417337936325,5412.0,0.9993261455525606,1.0,0.9996629592180654,1483.0,1.0,0.7471861983397832,0.8553023129987827,33851.0,0.9991489361702127,0.9982993197278912,0.9987239472564866,1176.0,,,,,,,,
lr,temporal,2026,top50,,False,0.9631379513139628,0.8925624576678757,0.9092594807991387,0.8347305608434618,0.002064421255055004,0.9996661455715999,0.9990393736376362,22.860503435134888,0.10247135162353516,878225.9487570848,210007,89993,50,9.0,lr_temporal_top50_seed2026.json,0.7962632849696505,0.997935578744945,0.8857652049499234,35361.0,0.9589280780919053,0.9991364421416234,0.9786194257788637,10422.0,1.0,1.0,1.0,85.0,0.9986111111111111,1.0,0.9993050729673384,719.0,0.9986495611073599,0.9979757085020243,0.9983125210934863,1482.0,0.999801429706116,0.930339985218034,0.9638208269525268,5412.0,0.9986522911051213,0.9986522911051213,0.9986522911051213,1484.0,1.0,0.7335755642207256,0.8463150719945471,33852.0,0.9966044142614601,0.9982993197278912,0.9974511469838573,1176.0,,,,,,,,
lr,temporal,3141,top50,,False,0.9631951105585043,0.8960209021825601,0.9133100782127347,0.8411129416071755,0.0012160289584570573,0.9997508156787269,0.9980324988852032,21.90960121154785,0.11543631553649902,779572.6984334177,210009,89991,50,9.0,lr_temporal_top50_seed3141.json,0.8027183053775172,0.9987839710415429,0.8900817802643682,35361.0,0.9541124748122367,0.9995202456342352,0.9762886597938144,10422.0,1.0,1.0,1.0,85.0,0.9958391123439667,1.0,0.9979152189020153,718.0,1.0,0.9966261808367072,0.9983102399459277,1482.0,1.0,0.9146183699870634,0.9554054054054054,5411.0,0.9979825151311366,1.0,0.9989902389767755,1484.0,1.0,0.7437374453503486,0.8530383370885497,33852.0,0.9974554707379135,1.0,0.9987261146496815,1176.0,,,,,,,,
lr,temporal,42,top50,,False,0.9635730042429029,0.8942280547841085,0.9109210565616942,0.8373480743886367,0.0017250643364158254,0.9996751032326069,0.9992784624752673,19.798745155334473,0.11132454872131348,808384.1437820311,210007,89993,50,9.0,lr_temporal_top50_seed42.json,0.7988955777848187,0.9982749356635842,0.8875256137880749,35361.0,0.9586746433502071,0.9994242947610823,0.9786254521538967,10422.0,1.0,1.0,1.0,85.0,0.9986111111111111,1.0,0.9993050729673384,719.0,0.9986504723346828,0.9979770734996628,0.9983136593591906,1483.0,0.9996015142458657,0.9270140428677014,0.9619403700508101,5412.0,1.0,0.9979770734996628,0.9989875126560918,1483.0,1.0,0.7378589152782701,0.849158592554819,33852.0,0.9974533106960951,0.9991496598639455,0.9983007646559049,1176.0,,,,,,,,
lr,temporal,4242,top50,,False,0.9634924410411657,0.8954959137752065,0.9123546786271917,0.8396024380868705,0.001413987160996578,0.9997769969675709,0.9990109354427046,19.807847023010254,0.08547663688659668,1052849.0974603572,210006,89994,50,9.0,lr_temporal_top50_seed4242.json,0.8011752960929346,0.9985860128390034,0.8890539434757978,35361.0,0.9577205882352942,0.9998080982536941,0.9783118955966575,10422.0,1.0,1.0,1.0,85.0,0.9972260748959778,1.0,0.9986111111111111,719.0,0.9952925353059852,0.9979770734996628,0.9966329966329966,1483.0,1.0,0.9233185513673319,0.9601306561629359,5412.0,0.9993252361673415,0.9986513823331086,0.9989881956155143,1483.0,1.0,0.7412560557721848,0.8514038510475868,33852.0,0.9991489361702127,0.9974511469838573,0.9982993197278912,1177.0,,,,,,,,
lr,temporal,456,top50,,False,0.9602068063639907,0.8852107794846443,0.9031637194755203,0.8246320568206781,0.002262379457594525,0.9996682615511969,0.9993709435125422,20.246033668518066,0.07573604583740234,1188192.478297551,210011,89989,50,9.0,lr_temporal_top50_seed456.json,0.7864514834711664,0.9977376205424054,0.8795841539727257,35361.0,0.9522851919561243,0.9996161965073882,0.9753768373747776,10422.0,1.0,1.0,1.0,84.0,0.9986091794158554,1.0,0.9993041057759221,718.0,0.9966352624495289,0.9986513823331086,0.9976423038059953,1483.0,1.0,0.9179449270005544,0.9572171902100597,5411.0,0.9993243243243243,0.9973027646662171,0.9983125210934863,1483.0,1.0,0.7171427727393578,0.8352744851790046,33851.0,0.9991496598639455,0.9991496598639455,0.9991496598639455,1176.0,,,,,,,,
lr,temporal,5555,top50,,False,0.9627691860650115,0.8931951535231829,0.910467386540224,0.8365367014460919,0.0016402251067560306,0.9996882405342209,0.9994525661170689,22.935291290283203,0.07865357398986816,1144143.8123535528,210009,89991,50,9.0,lr_temporal_top50_seed5555.json,0.7981145298758845,0.998359774893244,0.8870769153453778,35361.0,0.9543454345434543,0.9988485895221646,0.9760900140646976,10422.0,1.0,1.0,1.0,84.0,0.9986111111111111,1.0,0.9993050729673384,719.0,0.9993247805536799,0.9986504723346828,0.9989875126560918,1482.0,1.0,0.917575309554611,0.9570161912104858,5411.0,0.9993256911665542,0.9993256911665542,0.9993256911665542,1483.0,1.0,0.7367068415455512,0.8483951625248762,33852.0,0.99830220713073,0.9991503823279524,0.9987261146496815,1177.0,,,,,,,,
lr,temporal,6789,top50,,False,0.9616356702607326,0.8885752041175755,0.9058464616154038,0.8288517508374367,0.0017816238228556885,0.9996913716000689,0.998795045016353,19.74231266975403,0.1344771385192871,669199.2482208646,210008,89992,50,9.0,lr_temporal_top50_seed6789.json,0.7905841247088335,0.9982183761771443,0.8823507355422515,35361.0,0.9574370288656003,0.9993283438879293,0.9779342723004695,10422.0,1.0,1.0,1.0,84.0,0.9972260748959778,1.0,0.9986111111111111,719.0,0.9966307277628033,0.9973027646662171,0.9969666329625885,1483.0,1.0,0.9255358462675536,0.9613280875155935,5412.0,0.9986531986531987,1.0,0.9993261455525606,1483.0,1.0,0.7239963368881274,0.8399047276341267,33851.0,0.9991489361702127,0.9974511469838573,0.9982993197278912,1177.0,,,,,,,,
lr,temporal,789,top50,,False,0.965430844369092,0.9014865153274718,0.9177644275972644,0.8486939649649466,0.0012160289584570573,0.9997114102210447,0.9994497683807888,21.31845712661743,0.10295343399047852,874103.9177801759,210008,89992,50,9.0,lr_temporal_top50_seed789.json,0.8103432452276065,0.9987839710415429,0.8947495091519412,35361.0,0.9587628865979382,0.9994242947610823,0.9786714272291647,10422.0,1.0,1.0,1.0,85.0,0.9972222222222222,1.0,0.9986091794158554,718.0,0.9986504723346828,0.9979770734996628,0.9983136593591906,1483.0,1.0,0.9231337767923133,0.9600307455803229,5412.0,0.9986522911051213,0.9993256911665542,0.9989888776541962,1483.0,1.0,0.7562553543469912,0.8612134362752519,33851.0,0.9983007646559049,0.9983007646559049,0.9983007646559049,1177.0,,,,,,,,
mlp,cross_station,1011,full,1.0,False,0.9723927117117542,0.9385581657029544,0.9612860758806485,0.9260992926347721,0.0030715734569689945,0.9990308818835063,0.9958792628462307,175.2375569343567,3.5762786865234375e-06,26210485316.266666,93736,93736,89,9.0,mlp_cross_station_bs1_full_seed1011.json,0.7526909950118141,0.996928426543031,0.8577625969233837,17255.0,0.9923506175935796,0.9923506175935796,0.9923506175935796,15949.0,1.0,1.0,1.0,132.0,0.9915682967959528,1.0,0.995766299745978,1176.0,1.0,0.99553208773355,0.9977610421331162,2462.0,0.9837435086927071,0.9875339981867634,0.9856351091505485,8824.0,0.9950900163666121,0.9930583911800736,0.9940731657469855,2449.0,0.9996308308941804,0.8703308308653029,0.9305105547373589,43557.0,0.9958741619391439,0.9994824016563147,0.9976750193748385,1932.0,,,,,,,,
mlp,cross_station,123,full,1.0,False,0.9619984851401663,0.9105782559378479,0.9409901210209668,0.8893499671700591,0.003898635477582846,0.9989897316916285,0.993716037785749,278.0686230659485,3.5762786865234375e-06,26170219997.866665,93592,93592,89,9.0,mlp_cross_station_bs1_full_seed123.json,0.6734108527131782,0.9961013645224172,0.8035706026548263,17442.0,0.9912879974929489,0.9933425449064188,0.9923142077359852,15922.0,0.9929577464788732,1.0,0.9964664310954063,141.0,0.9924749163879598,1.0,0.9962232480067142,1187.0,0.9971475142624286,0.9975540154912352,0.997350723456287,2453.0,0.9849027063296801,0.9862262038073908,0.9855640107430618,8930.0,0.9995904995904996,0.9955138662316476,0.9975480179812015,2452.0,0.999597365620776,0.8050819975910313,0.8918568697638017,43172.0,0.9978835978835979,0.9963021658742737,0.9970922548242136,1893.0,,,,,,,,
mlp,cross_station,2026,full,1.0,False,0.9590103820011598,0.9122553735637001,0.9620630310121286,0.9274098360655738,0.0023954828038555867,0.9982894843235148,0.9947400673287466,541.777673959732,5.9604644775390625e-06,15734176481.28,93783,93783,89,9.0,mlp_cross_station_bs1_full_seed2026.json,0.7596195604968297,0.9976045171961444,0.8624966098769693,17533.0,0.8715968660165718,0.968556216724084,0.9175221028896933,15965.0,0.9854014598540146,1.0,0.9926470588235294,135.0,0.9974248927038627,1.0,0.9987107864202837,1162.0,0.9987714987714987,0.9946982055464927,0.9967306906416019,2452.0,0.9476411529741984,0.9796875,0.9633979037480107,8960.0,0.9987745098039216,0.9979591836734694,0.9983666802776644,2450.0,0.9999157090275631,0.8244833657677695,0.9037648403275983,43164.0,0.9954314720812183,0.9994903160040775,0.9974567650050865,1962.0,,,,,,,,
mlp,cross_station,3141,full,1.0,False,0.9669444785697383,0.9233932725203461,0.9506740027510316,0.9063536817257885,0.001775690227975713,0.999108643926438,0.9965139494438537,400.4544758796692,3.0994415283203125e-06,30235446980.923077,93713,93713,89,9.0,mlp_cross_station_bs1_full_seed3141.json,0.7093373493975904,0.9982243097720243,0.8293437395897778,17458.0,0.9909188371066406,0.9911063454017913,0.9910125823846615,15854.0,1.0,1.0,1.0,138.0,0.9941666666666666,1.0,0.9970748015043878,1193.0,0.9963340122199593,0.9971463514064411,0.9967400162999185,2453.0,0.983941605839416,0.9838311250842129,0.9838863623603391,8906.0,0.994281045751634,0.9987689782519491,0.9965199590583419,2437.0,0.9998066618792465,0.8354065218896403,0.910243031545067,43331.0,0.9994834710743802,0.9958826556870818,0.9976798143851509,1943.0,,,,,,,,
mlp,cross_station,42,full,1.0,False,0.954020130449988,0.8891816726861885,0.9256266978197532,0.8625900129854799,0.005329008341056534,0.9984314971427742,0.9957421308579482,325.1440517902374,4.76837158203125e-06,19609000345.6,93503,93503,89,9.0,mlp_cross_station_bs1_full_seed42.json,0.62109375,0.9946709916589435,0.7646954043462771,17264.0,0.9892707878485435,0.9918073796122576,0.9905374597920115,15990.0,1.0,1.0,1.0,131.0,0.9982547993019197,1.0,0.9991266375545852,1144.0,0.9963651050080775,0.9983812221772562,0.9973721447341823,2471.0,0.9829939583799507,0.9837644160788266,0.9833790363198835,8931.0,0.9859211584875301,0.9983706720977596,0.99210686095932,2455.0,0.9996027016289233,0.7574101519081141,0.8618141097424412,43184.0,0.9989615784008308,0.9953440248318676,0.997149520601192,1933.0,,,,,,,,
mlp,cross_station,4242,full,1.0,False,0.9397151014311409,0.8607457402173061,0.940626964879188,0.8885929871282734,0.0033929495658174707,0.9963688816207286,0.9916855826400961,464.1412978172302,3.337860107421875e-06,28159059090.285713,93991,93991,89,9.0,mlp_cross_station_bs1_full_seed4242.json,0.6700433034333436,0.9966070504341825,0.8013316995352924,17389.0,0.7927941858667079,0.9662039072806081,0.8709513023782559,15919.0,0.9929577464788732,1.0,0.9964664310954063,141.0,0.9991416309012876,1.0,0.9995706311721769,1164.0,0.9987824675324676,0.9975678962302391,0.9981748124112756,2467.0,0.9418380462724936,0.9849893581270304,0.9629305152494114,8927.0,0.993485342019544,0.9987720016373312,0.9961216574811186,2443.0,0.9994877049180327,0.7158483729676428,0.8342174534667753,43607.0,0.9984464008285863,0.9968976215098242,0.9976714100905563,1934.0,,,,,,,,
mlp,cross_station,456,full,1.0,False,0.940157671911943,0.8778686198069205,0.959126692272071,0.9223807091306797,0.00437712376893394,0.996889562074083,0.9883848974370282,763.7155978679657,4.0531158447265625e-06,23120483990.588234,93710,93710,89,9.0,mlp_cross_station_bs1_full_seed456.json,0.7447120148192823,0.995622876231066,0.852080047318612,17363.0,0.7816035683202786,0.9043363333123544,0.8385026113850553,15889.0,1.0,1.0,1.0,139.0,0.9974554707379135,1.0,0.9987261146496815,1176.0,0.9975206611570248,0.9975206611570248,0.9975206611570248,2420.0,0.847971987160782,0.9730996763031589,0.9062370062370062,8959.0,0.9967663702506063,0.9975728155339806,0.9971694298422968,2472.0,0.9998218209894875,0.7767268029345268,0.8742664243053753,43346.0,0.9969167523124358,0.9969167523124358,0.9969167523124358,1946.0,,,,,,,,
mlp,cross_station,5555,full,1.0,False,0.9634718916507367,0.9144733493608845,0.9439689146397112,0.8945982072652933,0.0034781617060098075,0.9991124349968025,0.9972850907319797,164.96357822418213,1.1920928955078125e-06,78723730636.8,93846,93846,89,9.0,mlp_cross_station_bs1_full_seed5555.json,0.6848354231974921,0.9965218382939902,0.8117887500580612,17538.0,0.9939416887542597,0.9891973370179625,0.9915638378242256,15922.0,1.0,1.0,1.0,133.0,0.9866332497911445,1.0,0.9932716568544996,1181.0,0.9983552631578947,0.9967159277504105,0.9975349219391948,2436.0,0.9796766225016843,0.9896778584392014,0.9846518451642027,8816.0,0.9926350245499181,0.9987649238369699,0.9956905397085984,2429.0,0.9997175939000282,0.8151047662905826,0.898021308980213,43430.0,0.9994892747701737,0.9979602243753187,0.9987241643276346,1961.0,,,,,,,,
mlp,cross_station,6789,full,1.0,False,0.9670661127709804,0.9243267594992649,0.9510400481865037,0.9079064296915839,0.006095457159286947,0.9988837671574031,0.9966012196417248,254.6391773223877,1.430511474609375e-06,65647848106.666664,93910,93910,89,9.0,mlp_cross_station_bs1_full_seed6789.json,0.7103694874851013,0.9939045428407131,0.8285515687543443,17390.0,0.9918810891831127,0.9918191469431087,0.9918501170960188,16013.0,1.0,1.0,1.0,132.0,0.9890939597315436,1.0,0.9945170814002531,1179.0,0.9979757085020243,0.9979757085020243,0.9979757085020243,2470.0,0.9822326516929266,0.9868642640619737,0.9845430107526881,8907.0,0.9926440539436044,0.9991772932949403,0.9958999589995899,2431.0,0.9994239157271007,0.8383266602236642,0.9118143935127829,43458.0,1.0,0.9968911917098445,0.9984431759211209,1930.0,,,,,,,,
mlp,cross_station,789,full,1.0,False,0.9743812141956669,0.9437408087823438,0.9647408608689776,0.9327845289428982,0.004217485466773053,0.9990794356022528,0.995855906540139,132.62642216682434,1.1920928955078125e-06,78916668620.8,94076,94076,89,9.0,mlp_cross_station_bs1_full_seed789.json,0.7725504067916519,0.995782514533227,0.8700761914247298,17546.0,0.9928151943021367,0.9918237423542628,0.9923192206819034,16022.0,1.0,1.0,1.0,131.0,0.9865433137089992,1.0,0.9932260795935648,1173.0,0.9991745769706974,0.9946589975349219,0.9969116738727609,2434.0,0.9829782437154774,0.9892229154849688,0.9860906932036639,8815.0,0.9947622884770346,0.9987864077669902,0.9967702866370609,2472.0,0.9997134819754115,0.8818555706178343,0.9370933284502228,43523.0,0.9954221770091557,0.9984693877551021,0.9969434538970963,1960.0,,,,,,,,
mlp,cross_station,1011,top20,1.0,False,0.9378056618698908,0.8793670713227594,0.9348863747060215,0.8783880963899531,0.0033033903216459,0.9978073905353347,0.9887903260746529,67.8743588924408,1.6689300537109375e-06,56165325677.71429,93736,93736,20,9.0,mlp_cross_station_bs1_top20_seed1011.json,0.6490056228536926,0.996696609678354,0.7861224116652192,17255.0,0.9721237400069517,0.8767947833719982,0.9220017142480385,15949.0,0.9924812030075187,1.0,0.9962264150943396,132.0,0.9623567921440261,1.0,0.9808173477898249,1176.0,0.9979649979649979,0.9959382615759546,0.9969505997153894,2462.0,0.8153497592749929,0.9788077969174978,0.8896327960035021,8824.0,0.9866989117291415,0.9995916700694161,0.993103448275862,2449.0,0.9998531096683216,0.7813669444635765,0.877210165472447,43557.0,0.9994810586403736,0.9968944099378882,0.9981860585643949,1932.0,,,,,,,,
mlp,cross_station,123,top20,1.0,False,0.8762822668957363,0.8868533221676457,0.9452938613779225,0.8975574523965857,0.006306616213736957,0.9841968140619891,0.8938680742025991,54.12414240837097,7.152557373046875e-07,130851099989.33333,93592,93592,20,9.0,mlp_cross_station_bs1_top20_seed123.json,0.689611268053953,0.993693383786263,0.8141867293012331,17442.0,0.9437511414135266,0.9736842105263158,0.9584840335095366,15922.0,1.0,1.0,1.0,141.0,0.9933054393305439,1.0,0.9966414777497901,1187.0,0.9894625922023182,0.38279657562168773,0.5520282186948854,2453.0,0.9531334560017318,0.9861142217245241,0.9693433870878969,8930.0,0.9894907033144705,0.99836867862969,0.9939098660170523,2452.0,0.9996823746823746,0.8019318076531085,0.8899542439977379,43172.0,0.5540858318636096,0.9957739038563127,0.7119924457034938,1893.0,,,,,,,,
mlp,cross_station,2026,top20,1.0,False,0.945932380708596,0.878175546314289,0.9212625148481249,0.8544,0.0019392003650259512,0.99872405978744,0.9967251164361692,81.18730568885803,1.430511474609375e-06,65559068672.0,93783,93783,20,9.0,mlp_cross_station_bs1_top20_seed2026.json,0.6118317541344708,0.9980607996349741,0.7586162049681363,17533.0,0.9800822004426177,0.970873786407767,0.9754562617998741,15965.0,1.0,1.0,1.0,135.0,0.9659185369908562,1.0,0.9826638477801268,1162.0,0.9955193482688391,0.9967373572593801,0.9961279804361117,2452.0,0.9488648886929689,0.9609375,0.9548630364866364,8960.0,0.9967306906416019,0.9955102040816326,0.9961200735143966,2450.0,0.9998442367601246,0.7435594476878881,0.8528645833333334,43164.0,0.9989759344598055,0.9943934760448522,0.9966794380587484,1962.0,,,,,,,,
mlp,cross_station,3141,top20,1.0,False,0.936861310937465,0.8617045275414017,0.9150099156283097,0.8440757983083077,0.0038377821056249286,0.998502677811497,0.9931699725186471,53.27783727645874,2.384185791015625e-06,39306081075.2,93713,93713,20,9.0,mlp_cross_station_bs1_top20_seed3141.json,0.5939346333800075,0.9961622178943751,0.7441751000235349,17458.0,0.9896949711459192,0.9086665825659139,0.9474514962183492,15854.0,1.0,1.0,1.0,138.0,0.9908637873754153,1.0,0.9954109303295786,1193.0,0.9987720016373312,0.9947003668976763,0.9967320261437909,2453.0,0.8569054833349624,0.9843925443521222,0.9162355646130532,8906.0,0.9886317498984978,0.9991793188346327,0.9938775510204082,2437.0,0.9998093240537707,0.7260621725785235,0.8412257012219578,43331.0,1.0,0.993309315491508,0.9966434288665117,1943.0,,,,,,,,
mlp,cross_station,42,top20,1.0,False,0.9396368152562433,0.8597972080073787,0.9147026850358455,0.8443054079932842,0.007819740500463392,0.9958885189850692,0.9883455537420053,67.94385170936584,9.5367431640625e-07,98045001728.0,93503,93503,20,9.0,mlp_cross_station_bs1_top20_seed42.json,0.5906755405358806,0.9921802594995366,0.7405053714631563,17264.0,0.9366436279859343,0.9661663539712321,0.9511759635512868,15990.0,1.0,1.0,1.0,131.0,0.9939077458659704,0.9982517482517482,0.9960750109027475,1144.0,0.9927536231884058,0.9979765277215702,0.9953582240161453,2471.0,0.9401223307221805,0.9809651774717277,0.9601095890410959,8931.0,0.9804078368652539,0.9987780040733197,0.9895076674737692,2455.0,0.9997376963179121,0.706071693219711,0.8276264538631706,43184.0,0.9979242345614946,0.9948266942576306,0.9963730569948187,1933.0,,,,,,,,
mlp,cross_station,4242,top20,1.0,False,0.9505771700281274,0.8965057263690097,0.9432065741940822,0.8930184590480666,0.0024728276496635802,0.9985726119171959,0.9930647880001033,82.63937783241272,1.1920928955078125e-06,78845365452.8,93991,93991,20,9.0,mlp_cross_station_bs1_top20_seed4242.json,0.6791433381621707,0.9975271723503364,0.8081062194269741,17389.0,0.9549677419354838,0.9298322758967272,0.9422324071421752,15919.0,1.0,1.0,1.0,141.0,0.9974293059125964,1.0,0.9987129987129987,1164.0,0.9963547995139733,0.9971625456019457,0.9967585089141004,2467.0,0.8858978280819823,0.9732272880026884,0.9275114764599125,8927.0,0.9967239967239967,0.9963160049119935,0.9965199590583419,2443.0,0.9997427101200687,0.8019584011741234,0.8899945283571075,43607.0,0.992798353909465,0.9979317476732161,0.9953584321815369,1934.0,,,,,,,,
mlp,cross_station,456,top20,1.0,False,0.9649947338901441,0.9225108787271284,0.9513993183423513,0.9085753205757922,0.006162529516788574,0.9985786427054665,0.9945338439098427,46.16155171394348,9.5367431640625e-07,98262056960.0,93710,93710,20,9.0,mlp_cross_station_bs1_top20_seed456.json,0.7119986796501073,0.9938374704832115,0.8296353277723022,17363.0,0.9902708889736742,0.980112027188621,0.9851652696504823,15889.0,1.0,1.0,1.0,139.0,0.99830220713073,1.0,0.9991503823279524,1176.0,0.9971038477451386,0.9958677685950413,0.9964854248501137,2420.0,0.9614589003810561,0.9857126911485656,0.9734347442680776,8959.0,0.9935535858178888,0.9975728155339806,0.9955591441259588,2472.0,0.9997251539138082,0.8391547086236331,0.912429449391697,43346.0,0.9887926642893531,0.9974306269270298,0.9930928626247122,1946.0,,,,,,,,
mlp,cross_station,5555,top20,1.0,False,0.9497832457508802,0.8991817742494557,0.9508734823930122,0.9073098495570583,0.004618542593226137,0.99852807612123,0.9929782052723551,62.36010432243347,1.1920928955078125e-06,78723730636.8,93846,93846,20,9.0,mlp_cross_station_bs1_top20_seed5555.json,0.7116591928251121,0.9953814574067739,0.8299419986688219,17538.0,0.9234222840521057,0.9171586484110037,0.9202798084194606,15922.0,1.0,1.0,1.0,133.0,0.9866332497911445,1.0,0.9932716568544996,1181.0,0.9971252566735113,0.9967159277504105,0.9969205501950318,2436.0,0.8664060934054921,0.9806034482758621,0.9199744599340215,8816.0,0.9849837662337663,0.9991766158913133,0.9920294297976702,2429.0,0.9999433972943906,0.8135390283214368,0.897161139606927,43430.0,0.998470168281489,0.998470168281489,0.998470168281489,1961.0,,,,,,,,
mlp,cross_station,6789,top20,1.0,False,0.9395186133549254,0.8695620303834474,0.9250408797748629,0.8612780972294825,0.003795284646348476,0.997881418203156,0.9917662254947651,64.61513900756836,7.152557373046875e-07,131295696213.33333,93910,93910,20,9.0,mlp_cross_station_bs1_top20_seed6789.json,0.6200651419163177,0.9962047153536515,0.764367182157118,17390.0,0.9476994160302894,0.9222506713295447,0.934801873654893,16013.0,0.9924812030075187,1.0,0.9962264150943396,132.0,0.9841402337228714,1.0,0.9920067311737484,1179.0,0.9959579628132579,0.9975708502024292,0.9967637540453075,2470.0,0.878258233986664,0.9759739530706186,0.9245413453868652,8907.0,0.9938549774682507,0.9979432332373509,0.9958949096880131,2431.0,0.9995358910891089,0.7433614064153896,0.8526221330729236,43458.0,1.0,0.9968911917098445,0.9984431759211209,1930.0,,,,,,,,
mlp,cross_station,789,top20,1.0,False,0.9333390968595913,0.8609133668282141,0.9419395840097262,0.8908793937018162,0.0030776245298073635,0.9968213285966746,0.9871817382222345,80.4012680053711,2.6226043701171875e-06,35871213009.454544,94076,94076,20,9.0,mlp_cross_station_bs1_top20_seed789.json,0.6768564021204968,0.9969223754701927,0.8062873078430017,17546.0,0.814118842051803,0.900449382099613,0.8551106896245148,16022.0,0.9924242424242424,1.0,0.9961977186311787,131.0,0.9949109414758269,1.0,0.9974489795918368,1173.0,0.9991749174917491,0.9950698438783895,0.9971181556195965,2434.0,0.8462986819938559,0.968803176403857,0.903416904686343,8815.0,0.9963665724666936,0.9983818770226537,0.997373206708426,2472.0,0.9998138957816377,0.7406199021207178,0.8509166743661154,43523.0,0.9939055358049771,0.9984693877551021,0.9961822346653092,1960.0,,,,,,,,
mlp,cross_station,1011,top20_stable,1.0,False,0.9577048550407247,0.9304384653770436,0.9772505643943948,0.9565251500372641,0.004694291509707332,0.9982374815294119,0.9917927977716278,64.17979431152344,7.152557373046875e-07,131052426581.33333,93736,93736,20,9.0,mlp_cross_station_bs1_top20_stable_seed1011.json,0.8377969657056442,0.9953057084902927,0.9097843937066271,17255.0,0.9056254389885703,0.8892720546742743,0.8973742486554888,15949.0,1.0,1.0,1.0,132.0,0.9576202118989405,0.9991496598639455,0.9779442363712026,1176.0,0.9971521562245729,0.99553208773355,0.9963414634146341,2462.0,0.836073500967118,0.9797144152311876,0.9022124817365894,8824.0,0.9867042707493956,1.0,0.9933076455080105,2449.0,0.9997949138638228,0.8953784695915696,0.9447102283049719,43557.0,0.9984447900466563,0.9968944099378882,0.9976689976689976,1932.0,,,,,,,,
mlp,cross_station,123,top20_stable,1.0,False,0.8899123528521264,0.842015005514881,0.9376876929187077,0.8836244254760341,0.0046439628482972135,0.9951555118691496,0.9671433118708178,69.46868705749512,1.1444091796875e-05,8178193749.333333,93592,93592,20,9.0,mlp_cross_station_bs1_top20_stable_seed123.json,0.6620523967509439,0.9953560371517027,0.7951906561319134,17442.0,0.8778735632183908,0.7291169451073986,0.7966101694915254,15922.0,0.958904109589041,0.9929078014184397,0.975609756097561,141.0,0.9974789915966387,1.0,0.9987379049221708,1187.0,0.994908350305499,0.7965756216877293,0.884763414081956,2453.0,0.6802398006851448,0.9783874580067189,0.8025167631119684,8930.0,0.8882843670656511,0.9987765089722676,0.9402956421578038,2452.0,0.9996682350102546,0.7677429815621236,0.8684886280264124,43172.0,0.9027777777777778,0.9957739038563127,0.9469982416478272,1893.0,,,,,,,,
mlp,cross_station,2026,top20_stable,1.0,False,0.9352352756675612,0.8621984997702244,0.9327406289097174,0.8750819672131147,0.005589459875663036,0.9973491065806201,0.9920572700542523,46.41963076591492,9.5367431640625e-07,98338603008.0,93783,93783,20,9.0,mlp_cross_station_bs1_top20_stable_seed2026.json,0.6466988130563798,0.9944105401243369,0.7837187872249567,17533.0,0.8753180661577609,0.9049796429689947,0.889901758492193,15965.0,1.0,1.0,1.0,135.0,0.9965694682675815,1.0,0.9982817869415808,1162.0,0.9874899112187248,0.9979608482871125,0.9926977687626775,2452.0,0.8502373341083018,0.9795758928571429,0.9103355287040398,8960.0,0.9983626688497749,0.9955102040816326,0.996934396076027,2450.0,0.9998114452719902,0.7370725604670558,0.8485697139427886,43164.0,0.9994874423372629,0.9938837920489296,0.9966777408637874,1962.0,,,,,,,,
mlp,cross_station,3141,top20_stable,1.0,False,0.9348724054472886,0.865225364009254,0.9195216754104628,0.8515900596682184,0.002864016496735021,0.9942110222855478,0.9610359700732132,50.599366903305054,1.430511474609375e-06,65510135125.333336,93713,93713,20,9.0,mlp_cross_station_bs1_top20_stable_seed3141.json,0.6060226283724979,0.9971359835032649,0.7538704718186345,17458.0,0.9871200055397825,0.8991421723224423,0.9410793860372999,15854.0,1.0,1.0,1.0,138.0,0.9544,1.0,0.9766680311092919,1193.0,1.0,0.9938850387280881,0.9969331425066449,2453.0,0.8448376433987945,0.9757466876263193,0.905585660691955,8906.0,0.9870287798946088,0.9991793188346327,0.9930668841761827,2437.0,0.9998127223921593,0.7392398052202811,0.8500046438190768,43331.0,1.0,0.993309315491508,0.9966434288665117,1943.0,,,,,,,,
mlp,cross_station,42,top20_stable,1.0,False,0.9439836416636095,0.8892026278516352,0.9318671178099046,0.8742113616390561,0.009036144578313253,0.9979537612045521,0.9919385407307806,75.43241143226624,1.6689300537109375e-06,56025715273.14286,93503,93503,20,9.0,mlp_cross_station_bs1_top20_stable_seed42.json,0.6407970634504457,0.9909638554216867,0.7783085391929394,17264.0,0.97952,0.9571607254534084,0.9682112921081765,15990.0,1.0,1.0,1.0,131.0,0.9965095986038395,0.9982517482517482,0.9973799126637555,1144.0,0.9940068493150684,0.9397005261027924,0.9660911171208654,2471.0,0.9283363414375199,0.9790616952189004,0.9530245231607629,8931.0,0.9291398256915498,0.9987780040733197,0.9627012171181782,2455.0,0.9995830975849439,0.777301778436458,0.8745391780108123,43184.0,0.9968879668049793,0.9943093636833937,0.9955969955969955,1933.0,,,,,,,,
mlp,cross_station,4242,top20_stable,1.0,False,0.9368185907009197,0.8789917351406205,0.9366360245691389,0.8818699250672306,0.005233193398125251,0.9983867608461429,0.9920119104899275,50.78671145439148,3.5762786865234375e-06,26281788484.266666,93991,93991,20,9.0,mlp_cross_station_bs1_top20_stable_seed4242.json,0.6565453372300452,0.9947668066018748,0.791018840314615,17389.0,0.9839607441042918,0.8439600477416923,0.9085990599533358,15919.0,1.0,1.0,1.0,141.0,0.9965665236051502,0.9974226804123711,0.9969944182052383,1164.0,0.9844249201277955,0.999189298743413,0.9917521625427479,2467.0,0.7770162008189425,0.9778200963369553,0.8659292693814791,8927.0,0.9979482970865818,0.9954973393368809,0.9967213114754099,2443.0,0.9997685988661345,0.7926250372646594,0.884227222144054,43607.0,0.9953536396489416,0.9968976215098242,0.9961250322913976,1934.0,,,,,,,,
mlp,cross_station,456,top20_stable,1.0,False,0.9577618665790308,0.9214032187095623,0.9612072188424022,0.9260874690557586,0.0036859989633127917,0.9983062210571048,0.9916938759569854,51.6922128200531,7.152557373046875e-07,131016075946.66667,93710,93710,20,9.0,mlp_cross_station_bs1_top20_stable_seed456.json,0.7540319065469445,0.9963140010366872,0.8584046644336931,17363.0,0.9717747394070665,0.9035810938385046,0.9364380523758276,15889.0,1.0,1.0,1.0,139.0,0.9932432432432432,1.0,0.9966101694915255,1176.0,0.9950535861500412,0.9975206611570248,0.9962855963681386,2420.0,0.8564987257400509,0.9753320683111955,0.9120609571525494,8959.0,0.9947559499798305,0.9975728155339806,0.9961623914360735,2472.0,0.999867056633874,0.8675540995708947,0.929023173081674,43346.0,0.9928352098259979,0.9969167523124358,0.9948717948717949,1946.0,,,,,,,,
mlp,cross_station,5555,top20_stable,1.0,False,0.9495039345520406,0.8998501090128446,0.9499346854589206,0.9053310268910206,0.003307104572927358,0.9987657593797525,0.9952423412320606,60.653430223464966,1.1920928955078125e-06,78723730636.8,93846,93846,20,9.0,mlp_cross_station_bs1_top20_stable_seed5555.json,0.7075777202072538,0.9966928954270726,0.8276123289616969,17538.0,0.9451657549594675,0.900703429217435,0.922399099533687,15922.0,1.0,1.0,1.0,133.0,0.9949452401010952,1.0,0.9974662162162162,1181.0,0.9926410466067048,0.9967159277504105,0.9946743138058173,2436.0,0.8461538461538461,0.9769736842105263,0.9068702290076336,8816.0,0.9934479934479934,0.9987649238369699,0.9960993635803737,2429.0,0.9999438549211161,0.8201703891319364,0.9011789708040278,43430.0,0.9994897959183674,0.9989801121876594,0.9992348890589136,1961.0,,,,,,,,
mlp,cross_station,6789,top20_stable,1.0,False,0.9607663495274797,0.929563105441589,0.9653751865633843,0.9340433873497125,0.004600345025876941,0.9986123485063211,0.9937920309083892,59.408732891082764,9.5367431640625e-07,98471772160.0,93910,93910,20,9.0,mlp_cross_station_bs1_top20_stable_seed6789.json,0.7742541485888089,0.9953996549741231,0.871009132764737,17390.0,0.9840540540540541,0.9095110222943859,0.9453152890013955,16013.0,1.0,1.0,1.0,132.0,0.9857740585774059,0.9991518235793045,0.9924178601516428,1179.0,0.9959595959595959,0.9979757085020243,0.9969666329625885,2470.0,0.8552981764415969,0.9741776131132817,0.9108754986353139,8907.0,0.9950738916256158,0.9971205265322912,0.9960961577974111,2431.0,0.9999479640952257,0.8843711169404943,0.9386150220409559,43458.0,0.9943152454780362,0.9968911917098445,0.995601552393273,1930.0,,,,,,,,
mlp,cross_station,789,top20_stable,1.0,False,0.9354506151363893,0.8779616113742436,0.9403869039382282,0.8879916372664315,0.0025076940613245184,0.9977911781018558,0.9899241628292166,63.87527537345886,9.5367431640625e-07,98645835776.0,94076,94076,20,9.0,mlp_cross_station_bs1_top20_stable_seed789.json,0.6712433842141597,0.9974923059386754,0.8024759284731774,17546.0,0.951252394805932,0.836724503807265,0.8903204383197743,16022.0,0.9849624060150376,1.0,0.9924242424242424,131.0,0.9923857868020305,1.0,0.9961783439490446,1173.0,1.0,0.9946589975349219,0.9973223480947477,2434.0,0.7699955217196597,0.9752694271128758,0.8605605605605605,8815.0,0.9967689822294022,0.9983818770226537,0.9975747776879548,2472.0,0.9997106732633163,0.7939020747650668,0.8849985912967754,43523.0,0.9949212798374809,0.9994897959183674,0.9972003054212267,1960.0,,,,,,,,
mlp,cross_station,1011,top50,1.0,False,0.9635650587188059,0.9146727532517078,0.944030236776583,0.894823550947294,0.004114749348015068,0.9991271541058736,0.9972277597082998,23.351577043533325,1.1920928955078125e-06,78631455948.8,93736,93736,50,9.0,mlp_cross_station_bs1_top50_seed1011.json,0.6811479308704614,0.995885250651985,0.8089824164960102,17255.0,0.9922922672014037,0.9928522164399022,0.9925721628482778,15949.0,1.0,1.0,1.0,132.0,0.9915682967959528,1.0,0.995766299745978,1176.0,0.9975609756097561,0.9967506092607636,0.9971556277935798,2462.0,0.985531818695603,0.9881006346328196,0.9868145549204912,8824.0,0.9906807131280388,0.9983666802776644,0.9945088468578401,2449.0,0.9995496763298621,0.8153454094634617,0.8980995612426821,43557.0,0.9994810586403736,0.9968944099378882,0.9981860585643949,1932.0,,,,,,,,
mlp,cross_station,123,top50,1.0,False,0.9628831213806611,0.9230993022877726,0.9711612458989833,0.9445961917268549,0.0030386423575278067,0.9984323028626848,0.9948463726861788,59.63121438026428,1.1920928955078125e-06,78510659993.6,93592,93592,50,9.0,mlp_cross_station_bs1_top50_seed123.json,0.804748241392077,0.9969613576424722,0.8906017925736236,17442.0,0.8689001769305404,0.9561612862705691,0.9104446371437969,15922.0,1.0,1.0,1.0,141.0,0.9974789915966387,1.0,0.9987379049221708,1187.0,0.9963325183374083,0.9967386873216469,0.9965355614428367,2453.0,0.925271024102726,0.984434490481523,0.9539363029678259,8930.0,0.9963384865744508,0.9987765089722676,0.9975560081466395,2452.0,0.999728504330356,0.8529370888538867,0.9205174676582714,43172.0,0.9994697773064687,0.9957739038563127,0.997618417570786,1893.0,,,,,,,,
mlp,cross_station,2026,top50,1.0,False,0.9633911154399419,0.915535933259138,0.944566615493133,0.895672131147541,0.003479153596075971,0.9992986100324216,0.9980068102152477,32.61996507644653,1.1920928955078125e-06,78670882406.4,93783,93783,50,9.0,mlp_cross_station_bs1_top50_seed2026.json,0.6871435875250718,0.996520846403924,0.8134078212290503,17533.0,0.9893041477520055,0.9964923269652365,0.9928852274854896,15965.0,0.9854014598540146,1.0,0.9926470588235294,135.0,0.9965694682675815,1.0,0.9982817869415808,1162.0,0.9947154471544716,0.9979608482871125,0.9963355048859935,2452.0,0.9905437352245863,0.98203125,0.9862691251471165,8960.0,0.9926918392204629,0.9979591836734694,0.9953185426419703,2450.0,0.9998580110183449,0.8157029005652859,0.8984408890249815,43164.0,0.9994877049180327,0.9943934760448522,0.9969340827797649,1962.0,,,,,,,,
mlp,cross_station,3141,top50,1.0,False,0.9544499918437166,0.9017865319574757,0.9629856183563059,0.9290276047472297,0.0019475312177798143,0.9985741986623373,0.9942601057539634,59.43767189979553,7.152557373046875e-07,131020270250.66667,93713,93713,50,9.0,mlp_cross_station_bs1_top50_seed3141.json,0.7630057803468208,0.9980524687822202,0.8648434010026307,17458.0,0.8244328285822061,0.9649930616879021,0.8891924094039697,15854.0,1.0,1.0,1.0,138.0,0.9900414937759336,1.0,0.9949958298582152,1193.0,0.9995903318312167,0.9947003668976763,0.9971393543114018,2453.0,0.9398812736103616,0.9777677969907927,0.9584502779153596,8906.0,0.997129971299713,0.9979482970865818,0.9975389663658737,2437.0,0.999799300418602,0.804758717777111,0.8917388024396169,43331.0,0.9933469805527124,0.9989706639217705,0.9961508852963818,1943.0,,,,,,,,
mlp,cross_station,42,top50,1.0,False,0.965749037362508,0.9212606626342645,0.9506851574418956,0.9072653104054356,0.006139944392956441,0.9994120302535965,0.9973019734282329,27.9615695476532,1.1920928955078125e-06,78436001382.4,93503,93503,50,9.0,mlp_cross_station_bs1_top50_seed42.json,0.7081888723790656,0.9938600556070436,0.8270509977827051,17264.0,0.9764293187273063,0.992245153220763,0.9842737057601042,15990.0,1.0,1.0,1.0,131.0,0.9904761904761905,1.0,0.9952153110047847,1144.0,0.9943593875906527,0.9987859166329421,0.996567736725217,2471.0,0.985133020344288,0.9867875937744933,0.9859596129104435,8931.0,0.9967466449776332,0.9983706720977596,0.9975579975579976,2455.0,0.9996103643093708,0.831720081511671,0.907969411616002,43184.0,1.0,0.9943093636833937,0.9971465629053178,1933.0,,,,,,,,
mlp,cross_station,4242,top50,1.0,False,0.9549248345881541,0.8984826181861949,0.9518245182451824,0.9091799169734471,0.005348208637644488,0.9986923278268933,0.995829712569649,56.5336275100708,1.430511474609375e-06,65704471210.666664,93991,93991,50,9.0,mlp_cross_station_bs1_top50_seed4242.json,0.7131488887972622,0.9946517913623555,0.8306997742663657,17389.0,0.8750917198171247,0.973930523274075,0.9218694256154121,15919.0,1.0,1.0,1.0,141.0,0.9991416309012876,1.0,0.9995706311721769,1164.0,0.9987819732034104,0.9971625456019457,0.9979716024340771,2467.0,0.9490466444037488,0.9868936932900191,0.9676002196595277,8927.0,0.9946938775510205,0.9975440032746623,0.9961169016963008,2443.0,0.9997686657798854,0.7928543582452359,0.8843699241581296,43607.0,0.9953536396489416,0.9968976215098242,0.9961250322913976,1934.0,,,,,,,,
mlp,cross_station,456,top50,1.0,False,0.9643595743787022,0.9201816609905623,0.956305574146668,0.9170497858462022,0.003743592697114554,0.9988927658610157,0.9963253798583733,39.19984221458435,1.430511474609375e-06,65508037973.333336,93710,93710,50,9.0,mlp_cross_station_bs1_top50_seed456.json,0.7320045702678685,0.9962564073028854,0.8439283797628921,17363.0,0.9340372523431012,0.9910000629366228,0.9616758787064464,15889.0,0.9928571428571429,1.0,0.996415770609319,139.0,0.9882352941176471,1.0,0.9940828402366864,1176.0,0.9991711562370493,0.9962809917355372,0.9977239809642044,2420.0,0.9813416259440249,0.9862707891505749,0.983800033401993,8959.0,0.9963636363636363,0.9975728155339806,0.9969678593086719,2472.0,0.9999167730122621,0.8315184792137683,0.9079756146715035,43346.0,0.9948796722990272,0.9984583761562179,0.9966658117466017,1946.0,,,,,,,,
mlp,cross_station,5555,top50,1.0,False,0.931612038755318,0.8583256245917363,0.9588962619945577,0.9212795512921319,0.0011403808872163302,0.995531784498271,0.9806878762703646,71.85620856285095,1.1920928955078125e-06,78723730636.8,93846,93846,50,9.0,mlp_cross_station_bs1_top50_seed5555.json,0.7446546227417641,0.9988596191127836,0.8532255315003775,17538.0,0.7196361964130601,0.884562240924507,0.7936212774349872,15922.0,1.0,1.0,1.0,133.0,0.9949452401010952,1.0,0.9974662162162162,1181.0,0.9991769547325103,0.9967159277504105,0.9979449239621866,2436.0,0.8241810715308948,0.9789019963702359,0.8949033027427801,8816.0,0.9975328947368421,0.9987649238369699,0.9981485291092368,2429.0,0.9999377625641823,0.7398802670964771,0.8504731026268775,43430.0,0.9984709480122325,0.9989801121876594,0.9987254652052001,1961.0,,,,,,,,
mlp,cross_station,6789,top50,1.0,False,0.93488497000434,0.8708425831604272,0.9487779600409062,0.903267119707266,0.0035077630822311673,0.9961156924247718,0.9746288753989839,75.9903666973114,3.5762786865234375e-06,26259139242.666668,93910,93910,50,9.0,mlp_cross_station_bs1_top50_seed6789.json,0.7006995269095467,0.9964922369177688,0.8228199710358254,17390.0,0.8295708406819517,0.8812215075251358,0.8546164794234321,16013.0,1.0,1.0,1.0,132.0,0.960880195599022,1.0,0.9800498753117207,1179.0,0.9975728155339806,0.9983805668016195,0.9979765277215702,2470.0,0.8210091139716246,0.9810261592006287,0.8939130434782608,8907.0,0.9971252566735113,0.9987659399424106,0.9979449239621866,2431.0,0.999759997599976,0.7668323438722444,0.8679402534151137,43458.0,0.9994810586403736,0.9979274611398964,0.9987036556909515,1930.0,,,,,,,,
mlp,cross_station,789,top50,1.0,False,0.966915104175252,0.928049401199588,0.9656467156045084,0.9342218737749902,0.003020631482959079,0.9990076807233156,0.997265991699916,57.58399963378906,1.430511474609375e-06,65763890517.333336,94076,94076,50,9.0,mlp_cross_station_bs1_top50_seed789.json,0.7765348248768145,0.9969793685170409,0.8730566715743767,17546.0,0.9160867785509619,0.9777805517413556,0.9459288107961236,16022.0,1.0,1.0,1.0,131.0,0.9932260795935648,1.0,0.9966015293118097,1173.0,0.999587118084228,0.9946589975349219,0.9971169686985173,2434.0,0.9589720966140951,0.9863868406125922,0.9724862990716922,8815.0,0.9975747776879548,0.9983818770226537,0.9979781641730692,2472.0,0.9998656094610939,0.8547204926131011,0.9216133187989297,43523.0,0.9954268292682927,0.9994897959183674,0.9974541751527495,1960.0,,,,,,,,
mlp,cross_station,1011,full,2.0,False,0.8857723493688434,0.8277200462732073,0.9268526379624015,0.999189341143552,0.6954505940307157,0.9288708570915328,0.8746646160018465,277.4101936817169,9.5367431640625e-07,98289319936.0,93736,93736,89,9.0,mlp_cross_station_bs2_full_seed1011.json,0.9883392890727855,0.30454940596928426,0.4656211235158604,17255.0,0.9679994807217968,0.9350429494012164,0.9512358475522246,15949.0,1.0,1.0,1.0,132.0,0.9975369458128078,0.6887755102040817,0.8148893360160966,1176.0,0.9967558799675588,0.9983753046303818,0.997564935064935,2462.0,0.8927310488058151,0.974274705349048,0.9317221198656118,8824.0,0.8713929462059138,0.9987750102082482,0.9307458143074582,2449.0,0.78848660391021,0.9999770415777027,0.8817271779507475,43557.0,1.0,0.9968944099378882,0.9984447900466563,1932.0,,,,,,,,
mlp,cross_station,123,full,2.0,False,0.8592178265997117,0.8174041549493368,0.9260335956600537,0.9997636244254761,0.6962504299965601,0.9159969990449857,0.8703533528009476,315.11674547195435,4.0531158447265625e-06,23091370586.35294,93592,93592,89,9.0,mlp_cross_station_bs2_full_seed123.json,0.9966139954853274,0.30374957000344,0.46559451621407855,17442.0,0.9696601941747572,0.9032784826026881,0.93529297002016,15922.0,1.0,1.0,1.0,141.0,0.9888268156424581,0.44734625105307496,0.6160092807424594,1187.0,0.9987740089906008,0.9963310232368529,0.9975510204081632,2453.0,0.850964801706584,0.9827547592385218,0.9121238892064647,8930.0,0.8728179551122195,0.9991843393148451,0.9317360714964822,2452.0,0.780574238808129,1.0,0.8767668562144598,43172.0,0.9984135378106822,0.9973586899101955,0.9978858350951374,1893.0,,,,,,,,
mlp,cross_station,2026,full,2.0,False,0.8800911375561216,0.8274442638603262,0.9264288621961371,0.9998688524590164,0.69007015342497,0.9377690858420394,0.8792785261499351,252.8048632144928,3.5762786865234375e-06,26223627468.8,93783,93783,89,9.0,mlp_cross_station_bs2_full_seed2026.json,0.9981631153563556,0.3099298465750299,0.4729947338642991,17533.0,0.9773391338224791,0.9428124021296587,0.9597653510170248,15965.0,1.0,1.0,1.0,135.0,0.9970501474926253,0.5817555938037866,0.7347826086956522,1162.0,0.9995913363302003,0.9975530179445351,0.998571136966728,2452.0,0.9054305182737973,0.9787946428571429,0.9406843290786228,8960.0,0.8847543352601156,0.9995918367346939,0.9386738213875048,2450.0,0.7811498995602367,1.0,0.877129880818118,43164.0,0.9969496695475343,0.9994903160040775,0.9982183761771443,1962.0,,,,,,,,
mlp,cross_station,3141,full,2.0,False,0.8879772541965157,0.8295629010566506,0.9257865148074845,0.9998688610582913,0.699621949822431,0.9131117101193325,0.8808882605013079,238.47261786460876,1.1444091796875e-05,8188766890.666667,93713,93713,89,9.0,mlp_cross_station_bs2_full_seed3141.json,0.9980966882375333,0.300378050177569,0.46178231771750616,17458.0,0.9790182868142445,0.9624069635423237,0.970641559846051,15854.0,1.0,1.0,1.0,138.0,0.99375,0.6663872590108969,0.7977922729553437,1193.0,0.9975560081466395,0.9983693436608235,0.9979625101874491,2453.0,0.935197086546701,0.9803503256231754,0.9572415305339327,8906.0,0.874413569108625,0.9942552318424293,0.9304915514592934,2437.0,0.7816259898623663,1.0,0.8774299368216426,43331.0,1.0,0.9969119917653114,0.9984536082474227,1943.0,,,,,,,,
mlp,cross_station,42,full,2.0,False,0.8866548526496605,0.8309082118292789,0.9268877104213292,0.9995540340245805,0.6943929564411492,0.9253370698475959,0.8589042442402793,245.22364354133606,9.5367431640625e-07,98045001728.0,93503,93503,89,9.0,mlp_cross_station_bs2_full_seed42.json,0.9935969868173258,0.30560704355885077,0.4674404181802073,17264.0,0.983557934102779,0.9539712320200125,0.9685386837677387,15990.0,1.0,1.0,1.0,131.0,0.9906417112299465,0.6477272727272727,0.7832980972515856,1144.0,1.0,0.9935248887090247,0.9967519285424279,2471.0,0.9226228125658865,0.979957451573172,0.9504262366292012,8931.0,0.8867173362287368,0.9979633401221996,0.9390571100038329,2455.0,0.7829287307141433,1.0,0.8782501703257034,43184.0,0.9933127572016461,0.9989653388515262,0.9961310291462471,1933.0,,,,,,,,
mlp,cross_station,4242,full,2.0,False,0.8707695990961934,0.8260512172772708,0.9268062389918835,0.9994908749118822,0.6931968485824371,0.916401343900759,0.8667999536158457,272.98765659332275,4.0531158447265625e-06,23189813368.47059,93991,93991,89,9.0,mlp_cross_station_bs2_full_seed4242.json,0.9927428358764421,0.3068031514175628,0.4687431357905373,17389.0,0.9745795854517012,0.9392549783277844,0.9565912798694859,15919.0,1.0,1.0,1.0,141.0,0.988313856427379,0.5085910652920962,0.6715825297787862,1164.0,0.9971625456019457,0.9971625456019457,0.9971625456019457,2467.0,0.8997936016511868,0.9766998991822561,0.9366707847666111,8927.0,0.8699215965787598,0.9991813344248874,0.930081920365784,2443.0,0.7836220529039678,1.0,0.8786862122814971,43607.0,1.0,0.9948293691830403,0.9974079834110938,1934.0,,,,,,,,
mlp,cross_station,456,full,2.0,False,0.8712432578891528,0.827780693761115,0.9267632146218538,0.9995415667937182,0.6926222426999943,0.909488790239148,0.8646436862242776,199.57404804229736,3.0994415283203125e-06,30234479064.615383,93710,93710,89,9.0,mlp_cross_station_bs2_full_seed456.json,0.9934847356664185,0.30737775730000577,0.4694963712337805,17363.0,0.9674993627326026,0.9555038076656807,0.9614641714955194,15889.0,1.0,1.0,1.0,139.0,0.9912891986062717,0.483843537414966,0.6502857142857142,1176.0,0.998343685300207,0.9962809917355372,0.997311271975181,2420.0,0.9251353934374005,0.9724299587007479,0.9481932956029604,8959.0,0.8849049838651847,0.9983818770226537,0.9382246721155674,2472.0,0.7829558180701565,1.0,0.8782672123840013,43346.0,0.9969230769230769,0.998972250770812,0.997946611909651,1946.0,,,,,,,,
mlp,cross_station,5555,full,2.0,False,0.8763285104135259,0.8262257580107623,0.9257816292843966,0.9995937516380983,0.6955753221576007,0.9070580084740176,0.8667403406392654,176.34043717384338,2.86102294921875e-06,32801554432.0,93846,93846,89,9.0,mlp_cross_station_bs2_full_seed5555.json,0.9942271880819367,0.30442467784239935,0.46612537104941504,17538.0,0.9757231404958677,0.949126994096219,0.9622413244189748,15922.0,1.0,1.0,1.0,133.0,0.989329268292683,0.5495342929720576,0.7065868263473054,1181.0,0.9991759373712402,0.9954844006568144,0.9973267530331071,2436.0,0.9148191365227538,0.9782214156079855,0.9454585320396864,8816.0,0.8767172812725958,0.9983532317826266,0.933589990375361,2429.0,0.7807921183683009,1.0,0.876904283565364,43430.0,1.0,0.9974502804691484,0.9987235128925198,1961.0,,,,,,,,
mlp,cross_station,6789,full,2.0,False,0.8852064032248088,0.8302809573585187,0.9272005575250735,0.9997516989022478,0.6897067280046003,0.926031208877922,0.8607253451216709,80.67588353157043,3.5762786865234375e-06,26259139242.666668,93910,93910,89,9.0,mlp_cross_station_bs2_full_seed6789.json,0.9964912280701754,0.31029327199539963,0.4732295549221662,17390.0,0.9829398028022833,0.9462936364204084,0.9642686690636036,16013.0,1.0,1.0,1.0,132.0,0.9947159841479525,0.638676844783715,0.7778925619834711,1179.0,0.9931396287328491,0.9963562753036437,0.9947453516572352,2470.0,0.9101533966398831,0.9792298192432918,0.943428880475933,8907.0,0.8815837268434435,0.9983545865898807,0.9363425925925926,2431.0,0.7837472271817346,1.0,0.8787649003609451,43458.0,0.9989621172807472,0.9974093264248705,0.9981851179673321,1930.0,,,,,,,,
mlp,cross_station,789,full,2.0,False,0.8800775707360816,0.8271012466617939,0.9257110359556407,0.9996602639487783,0.6983358030320301,0.9345438527025609,0.8880525344515843,233.2461760044098,3.5762786865234375e-06,26305556206.933334,94076,94076,89,9.0,mlp_cross_station_bs2_full_seed789.json,0.9951118631321677,0.3016641969679699,0.4629783511917778,17546.0,0.9244612977007344,0.9586193983272999,0.9412305429586959,16022.0,1.0,1.0,1.0,131.0,0.9957325746799431,0.5967604433077579,0.746268656716418,1173.0,0.9959033183121672,0.9987674609695973,0.9973333333333333,2434.0,0.9284019840414061,0.9767441860465116,0.9519597545469622,8815.0,0.8846291651737729,0.9987864077669902,0.9382481474444233,2472.0,0.7933781837408157,0.9998391654987019,0.8847232952466149,43523.0,0.9994882292732856,0.9964285714285714,0.99795605518651,1960.0,,,,,,,,
mlp,cross_station,1011,top20,2.0,False,0.8544720214521306,0.8179964347626575,0.9262541887232286,0.9975026477164263,0.692958562735439,0.9194747837790599,0.8467797137938974,32.8670220375061,1.1920928955078125e-06,78631455948.8,93736,93736,20,9.0,mlp_cross_station_bs2_top20_seed1011.json,0.9652031335398069,0.307041437264561,0.46588111150193456,17255.0,0.9710586959468619,0.898300833908082,0.9332638504380679,15949.0,1.0,1.0,1.0,132.0,0.898936170212766,0.43112244897959184,0.5827586206896552,1176.0,0.999593165174939,0.9979691307879772,0.998780487804878,2462.0,0.8453394023352464,0.968155031731641,0.9025884838880085,8824.0,0.8705882352941177,0.9971416904859126,0.9295774647887324,2449.0,0.7848673778290327,1.0,0.8794685673326401,43557.0,0.9979296066252588,0.9979296066252588,0.9979296066252588,1932.0,,,,,,,,
mlp,cross_station,123,top20,2.0,False,0.8463456306184691,0.8148300542353437,0.9259799807834981,0.9998030203545634,0.6969957573672744,0.9325655357727967,0.8748797150934087,31.920433044433594,9.5367431640625e-07,98138324992.0,93592,93592,20,9.0,mlp_cross_station_bs2_top20_seed123.json,0.9971698113207547,0.30300424263272563,0.46477882332248704,17442.0,0.950623734569917,0.9141439517648536,0.932027022700349,15922.0,1.0,1.0,1.0,141.0,0.8767967145790554,0.35973041280539175,0.5101553166069295,1187.0,0.998365345320801,0.9959233591520587,0.9971428571428571,2453.0,0.8627450980392157,0.9558790593505039,0.9069273268168295,8930.0,0.8721509971509972,0.9987765089722676,0.9311787072243346,2452.0,0.7805460133791358,1.0,0.8767490505879247,43172.0,0.9978880675818373,0.9984152139461173,0.9981515711645101,1893.0,,,,,,,,
mlp,cross_station,2026,top20,2.0,False,0.821093862295752,0.7223125497748724,0.8475496014922842,0.8521180327868852,0.6900131181201163,0.930097600751616,0.8901790237184147,106.60817408561707,1.1920928955078125e-06,78670882406.4,93783,93783,20,9.0,mlp_cross_station_bs2_top20_seed2026.json,0.3252348752318832,0.30998688187988366,0.3174278705758673,17533.0,0.9852816303424852,0.8721578452865644,0.9252749443466126,15965.0,0.9712230215827338,1.0,0.9854014598540146,135.0,0.998639455782313,0.6316695352839932,0.7738534528202425,1162.0,0.9444980694980695,0.7981239804241436,0.8651635720601237,2452.0,0.8388505970294147,0.9643973214285714,0.8972535174705363,8960.0,0.9983619983619983,0.9951020408163266,0.9967293540474244,2450.0,0.728476082055403,0.7560698730423501,0.7420165296772506,43164.0,0.7981239804241436,0.9974515800203874,0.8867240598096964,1962.0,,,,,,,,
mlp,cross_station,3141,top20,2.0,False,0.9303174319411406,0.8810404815000947,0.9442784276936649,0.9966035014097436,0.4989116737312407,0.9952334216384173,0.983922316043741,33.45964765548706,1.430511474609375e-06,65510135125.333336,93713,93713,20,9.0,mlp_cross_station_bs2_top20_seed3141.json,0.9712445875430221,0.5010883262687593,0.6610995654638201,17458.0,0.9766376250403356,0.9545225179765359,0.9654534434910205,15854.0,1.0,1.0,1.0,138.0,0.9970443349753695,0.8482816429170159,0.9166666666666666,1193.0,0.9975560081466395,0.9983693436608235,0.9979625101874491,2453.0,0.922233083523406,0.9534022007635302,0.9375586595263071,8906.0,0.9782783588093322,0.9979482970865818,0.9880154377412147,2437.0,0.8324290002308936,0.9984306847291777,0.9079042632445988,43331.0,0.999484004127967,0.9969119917653114,0.9981963411491883,1943.0,,,,,,,,
mlp,cross_station,42,top20,2.0,False,0.8443162922679378,0.8194717360482381,0.9235518032306866,0.9929038943322971,0.6945667284522706,0.9451380612396005,0.8725673641990362,41.585373401641846,1.1920928955078125e-06,78436001382.4,93503,93503,20,9.0,mlp_cross_station_bs2_top20_seed42.json,0.9069487444100447,0.30543327154772937,0.4569720079729613,17264.0,0.9803481930888948,0.9297060662914322,0.9543557809591063,15990.0,1.0,1.0,1.0,131.0,0.8633257403189066,0.3312937062937063,0.47883765003158557,1144.0,0.9995926680244399,0.9931201942533388,0.9963459196102314,2471.0,0.884346035015448,0.9614824767663196,0.9213025052304061,8931.0,0.8776041666666666,0.9608961303462322,0.9173634065720396,2455.0,0.7830139072727602,1.0,0.8783037575634312,43184.0,0.990773962070733,1.0,0.9953656024716787,1933.0,,,,,,,,
mlp,cross_station,4242,top20,2.0,False,0.8707049115346286,0.822926835900164,0.9210739251318679,0.9881987415472181,0.6940594628788315,0.9423141805375873,0.8931155178014019,38.90141487121582,1.430511474609375e-06,65704471210.666664,93991,93991,20,9.0,mlp_cross_station_bs2_top20_seed4242.json,0.8547557840616966,0.30594053712116853,0.45059924617795283,17389.0,0.9714489650249821,0.9404485206357184,0.9556974146185765,15919.0,0.9791666666666666,1.0,0.9894736842105263,141.0,0.9814814814814815,0.5463917525773195,0.7019867549668874,1164.0,0.9995928338762216,0.9951357924604783,0.9973593337395896,2467.0,0.947579260615772,0.9274112243754901,0.9373867753623188,8927.0,0.8695030389703253,0.9954973393368809,0.9282442748091603,2443.0,0.7836502174459979,1.0,0.8787039182694729,43607.0,0.9984439834024896,0.9953464322647363,0.9968928016571724,1934.0,,,,,,,,
mlp,cross_station,456,top20,2.0,False,0.8580902384814649,0.8239987883848631,0.9279696663049707,0.9969350465637157,0.6670506248920117,0.9711889944283512,0.8876252708876895,39.97252011299133,1.1920928955078125e-06,78609645568.0,93710,93710,20,9.0,mlp_cross_station_bs2_top20_seed456.json,0.9610972568578554,0.3329493751079883,0.4945675421336299,17363.0,0.9570718781053329,0.9092453898923784,0.9325458301058611,15889.0,1.0,1.0,1.0,139.0,0.9916839916839917,0.40561224489795916,0.5757392878696439,1176.0,0.9987577639751553,0.996694214876033,0.9977249224405378,2420.0,0.8590436174469788,0.9584775086505191,0.9060406225270378,8959.0,0.8828796561604585,0.997168284789644,0.9365501519756839,2472.0,0.7890984025093004,0.9982697365385502,0.881444663991363,43346.0,0.9994848016486347,0.9969167523124358,0.9981991252894263,1946.0,,,,,,,,
mlp,cross_station,5555,top20,2.0,False,0.8777813431298936,0.8434206327351443,0.9345280471339144,0.9977459768307386,0.5984718896111301,0.981482634202348,0.9544681888376009,44.87483787536621,1.1920928955078125e-06,78723730636.8,93846,93846,20,9.0,mlp_cross_station_bs2_top20_seed5555.json,0.976157471583033,0.4015281103888699,0.5690045248868778,17538.0,0.9838533860198937,0.9069840472302475,0.9438562091503268,15922.0,0.9925373134328358,1.0,0.9962546816479401,133.0,0.9892729439809297,0.7027942421676545,0.8217821782178217,1181.0,0.9920037629350894,0.8657635467980296,0.9245944761069707,2436.0,0.8550044905698034,0.9718693284936479,0.9096989966555183,8816.0,0.8654467168998924,0.993001235076163,0.9248466257668712,2429.0,0.8057146044021416,0.9979507253050887,0.891588323630454,43430.0,0.8585365853658536,0.9872514023457419,0.9184060721062619,1961.0,,,,,,,,
mlp,cross_station,6789,top20,2.0,False,0.8548041922939968,0.8260729021030917,0.9269565111891633,0.9984709879769995,0.685681426106958,0.9842662215404007,0.9132470657338497,24.932111024856567,1.1920928955078125e-06,78777417728.0,93910,93910,20,9.0,mlp_cross_station_bs2_top20_seed6789.json,0.9790435249865663,0.31431857389304196,0.47586296957297697,17390.0,0.9568102153229845,0.9545993879972522,0.9557035230860609,16013.0,1.0,1.0,1.0,132.0,0.906318082788671,0.35284139100932993,0.5079365079365079,1179.0,0.9975678962302391,0.9963562753036437,0.9969617176422929,2470.0,0.924396782841823,0.9677781520152688,0.9455901711276876,8907.0,0.8780752532561505,0.9983545865898807,0.9343599615014437,2431.0,0.7846818979396176,0.9981591421602467,0.8786396459352435,43458.0,1.0,0.9963730569948187,0.9981832338437581,1930.0,,,,,,,,
mlp,cross_station,789,top20,2.0,False,0.8477765149285418,0.8072179170969641,0.9259830891120271,0.9995426630079707,0.6949732132679813,0.947307876137176,0.8589818870582983,32.25663614273071,1.1920928955078125e-06,78916668620.8,94076,94076,20,9.0,mlp_cross_station_bs2_top20_seed789.json,0.993502877297197,0.3050267867320187,0.4667509702175904,17546.0,0.9543044509557695,0.8537635750842592,0.9012386348662538,16022.0,1.0,1.0,1.0,131.0,0.9125,0.4356351236146633,0.5897287939988459,1173.0,0.9975379565038982,0.9987674609695973,0.9981523301170191,2434.0,0.7841499628804751,0.9585933068633012,0.8626410086264101,8815.0,0.880527817403709,0.9987864077669902,0.9359363153904473,2472.0,0.7814665852695084,1.0,0.8773294899059637,43523.0,1.0,0.9964285714285714,0.998211091234347,1960.0,,,,,,,,
mlp,cross_station,1011,top20_stable,2.0,False,0.8649249446261841,0.8203349597999242,0.9269432441617711,0.9985355840012552,0.691161982034193,0.9431892770564888,0.8804275327972289,36.82309150695801,7.152557373046875e-07,131052426581.33333,93736,93736,20,9.0,mlp_cross_station_bs2_top20_stable_seed1011.json,0.9794155486123874,0.308838017965807,0.4695981670778992,17255.0,0.9730058859346459,0.9017493259765502,0.9360234298730882,15949.0,1.0,1.0,1.0,132.0,0.9646302250803859,0.5102040816326531,0.6674082313681868,1176.0,1.0,0.9979691307879772,0.9989835332384631,2462.0,0.8459419576979833,0.9745013599274706,0.9056822370846279,8824.0,0.8703241895261845,0.9975500204164965,0.9296042617960426,2449.0,0.7851611156241538,0.9985536193952752,0.8790928935241329,43557.0,0.996900826446281,0.9989648033126294,0.9979317476732161,1932.0,,,,,,,,
mlp,cross_station,123,top20_stable,2.0,False,0.8606606632860028,0.8185327887862707,0.9255892624636465,0.9988706500328299,0.6962504299965601,0.9111242772730149,0.8516391733761357,16.620893239974976,1.1920928955078125e-06,78510659993.6,93592,93592,20,9.0,mlp_cross_station_bs2_top20_stable_seed123.json,0.9840267459138187,0.30374957000344,0.46420748269517215,17442.0,0.9819022996326031,0.9064187916090943,0.9426518615284128,15922.0,0.8245614035087719,1.0,0.9038461538461539,141.0,0.9745762711864406,0.5812973883740522,0.7282321899736148,1187.0,1.0,0.9947003668976763,0.99734314326589,2453.0,0.8544065105200477,0.964053751399776,0.905924444912133,8930.0,0.8744635193133047,0.9971451876019576,0.9317835365853658,2452.0,0.7788884879105016,0.9998610210321505,0.8756491398896462,43172.0,0.9947340705634544,0.9978869519281564,0.9963080168776371,1893.0,,,,,,,,
mlp,cross_station,2026,top20_stable,2.0,False,0.8609451722779312,0.8246128590491945,0.9284495160071197,0.9987803278688525,0.6641761250213882,0.9827986062118372,0.9009253829712568,26.768340349197388,9.5367431640625e-07,98338603008.0,93783,93783,20,9.0,mlp_cross_station_bs2_top20_stable_seed2026.json,0.9844507607423508,0.33582387497861177,0.5008080292591648,17533.0,0.9618863908474126,0.9057939242092077,0.9329978386399561,15965.0,0.9926470588235294,1.0,0.996309963099631,135.0,0.9073426573426573,0.44664371772805506,0.5986159169550173,1162.0,0.9991820040899796,0.9963295269168027,0.9977537267714928,2452.0,0.8532742491383555,0.9670758928571429,0.9066178393931468,8960.0,0.882480173035328,0.9991836734693877,0.9372128637059725,2450.0,0.7875038833354654,0.9983551107404318,0.8804821984982377,43164.0,0.9969465648854962,0.9984709480122325,0.9977081741787625,1962.0,,,,,,,,
mlp,cross_station,3141,top20_stable,2.0,False,0.8631149052663316,0.8152506732587101,0.9259804040747854,0.9989246606779884,0.6928628708901363,0.9678518933601598,0.8943344108371745,30.953874111175537,1.430511474609375e-06,65510135125.333336,93713,93713,20,9.0,mlp_cross_station_bs2_top20_stable_seed3141.json,0.9849375459221161,0.3071371291098637,0.46825604750676797,17458.0,0.9700069108500345,0.885328623691182,0.9257353911093523,15854.0,1.0,1.0,1.0,138.0,0.922077922077922,0.5356244761106455,0.6776246023329798,1193.0,0.9987745098039216,0.9967386873216469,0.9977555600897776,2453.0,0.8264407428680834,0.9693465079721536,0.892207523770153,8906.0,0.8753153153153154,0.9967172753385309,0.93207981580967,2437.0,0.7817547790264879,0.9985229973921673,0.8769419418912209,43331.0,0.9948796722990272,1.0,0.9974332648870636,1943.0,,,,,,,,
mlp,cross_station,42,top20_stable,2.0,False,0.9194564424209837,0.8899369812791958,0.9540562913907285,0.9977177035375595,0.41427247451343835,0.991557890348306,0.9663587488843403,36.96770358085632,1.430511474609375e-06,65363334485.333336,93503,93503,20,9.0,mlp_cross_station_bs2_top20_stable_seed42.json,0.9830838032276881,0.5857275254865616,0.7340834845735027,17264.0,0.9574695733582987,0.8954346466541588,0.9254136504653567,15990.0,1.0,1.0,1.0,131.0,0.9961977186311787,0.6870629370629371,0.8132436627004656,1144.0,0.9979724249797243,0.9959530554431404,0.9969617176422929,2471.0,0.8400861225288706,0.9611465681334677,0.896548122617369,8931.0,0.9803607214428858,0.9963340122199593,0.9882828282828283,2455.0,0.8581866687903161,0.9981706187476843,0.9229006979831285,43184.0,0.996900826446281,0.9984480082772892,0.9976738175239079,1933.0,,,,,,,,
mlp,cross_station,4242,top20_stable,2.0,False,0.8582877376902316,0.8206840143664949,0.9265854042342004,0.9992950575702985,0.6944620162171488,0.9222994320213593,0.8521808923248363,28.420281648635864,1.1920928955078125e-06,78845365452.8,93991,93991,20,9.0,mlp_cross_station_bs2_top20_stable_seed4242.json,0.98993851313583,0.30553798378285124,0.4669537704341712,17389.0,0.9602476376669925,0.925623468810855,0.9426177072671443,15919.0,1.0,1.0,1.0,141.0,0.9437148217636022,0.4321305841924399,0.5928108426635239,1164.0,0.998780487804878,0.9959464937170652,0.9973614775725593,2467.0,0.8796229894478025,0.9618012770247564,0.9188784246575342,8927.0,0.8698752228163993,0.9987720016373312,0.9298780487804879,2443.0,0.7836079713921185,1.0,0.8786773595550899,43607.0,0.9984455958549223,0.9963805584281282,0.9974120082815735,1934.0,,,,,,,,
mlp,cross_station,456,top20_stable,2.0,False,0.8564900603790337,0.8194415324764079,0.9263233320581252,0.9990307412210041,0.6945228359154524,0.9576951286371421,0.8900284104543731,25.030558824539185,1.430511474609375e-06,65508037973.333336,93710,93710,20,9.0,mlp_cross_station_bs2_top20_stable_seed456.json,0.9862402380066939,0.3054771640845476,0.46647025196781144,17363.0,0.9593501282641584,0.9179306438416515,0.9381834555512673,15889.0,1.0,1.0,1.0,139.0,0.917910447761194,0.41836734693877553,0.5747663551401869,1176.0,0.9962871287128713,0.9979338842975206,0.9971098265895953,2420.0,0.8730254552771909,0.9685232726866838,0.9182982326172082,8959.0,0.8835542816194912,0.9975728155339806,0.9371081132433973,2472.0,0.7829699608027312,1.0,0.87827611010364,43346.0,1.0,0.9964028776978417,0.9981981981981982,1946.0,,,,,,,,
mlp,cross_station,5555,top20_stable,2.0,False,0.8704393667679641,0.8191653999421705,0.9255945516127857,0.9991612937044608,0.6952902269357966,0.9170343155385852,0.8471629894514577,38.35011577606201,3.814697265625e-06,24601165824.0,93846,93846,20,9.0,mlp_cross_station_bs2_top20_stable_seed5555.json,0.9881656804733728,0.30470977306420344,0.4657892443127342,17538.0,0.9753578179854172,0.9073608843110162,0.9401314505108349,15922.0,1.0,1.0,1.0,133.0,0.990990990990991,0.558848433530906,0.7146724417975094,1181.0,0.9979432332373509,0.9958949096880131,0.9969180193137457,2436.0,0.8536633860224675,0.974024500907441,0.9098807947019868,8816.0,0.8740526885600867,0.9971181556195965,0.9315384615384615,2429.0,0.7810448700656416,1.0,0.8770636643610845,43430.0,0.9979602243753187,0.9979602243753187,0.9979602243753187,1961.0,,,,,,,,
mlp,cross_station,6789,top20_stable,2.0,False,0.8642701748435677,0.8633218018497846,0.9467294181842985,0.9976476738107685,0.4836687751581369,0.9924377411572247,0.9619005914336238,20.809853076934814,1.1920928955078125e-06,78777417728.0,93910,93910,20,9.0,mlp_cross_station_bs2_top20_stable_seed6789.json,0.9803471994759253,0.5163312248418631,0.6764096576142228,17390.0,0.9704129711751663,0.8746018859676513,0.9200197076695681,16013.0,1.0,1.0,1.0,132.0,0.9951612903225806,0.5233248515691263,0.6859366314619233,1179.0,0.9890710382513661,0.8060728744939272,0.8882444791434307,2470.0,0.8129556926528323,0.9764230380599529,0.8872226472838561,8907.0,0.8812615955473099,0.9769642122583299,0.9266484588373001,2431.0,0.8376817751684981,0.9981131207142528,0.9108873465702075,43458.0,0.7995798319327732,0.9860103626943005,0.8830626450116009,1930.0,,,,,,,,
mlp,cross_station,789,top20_stable,2.0,False,0.8551791466500529,0.811068868784276,0.9255674798323603,0.9984711877695022,0.6937763592841674,0.9765020810238134,0.9132365947650345,23.63014006614685,7.152557373046875e-07,131527781034.66667,94076,94076,20,9.0,mlp_cross_station_bs2_top20_stable_seed789.json,0.978688524590164,0.3062236407158327,0.46648723736759856,17546.0,0.9574235807860262,0.8757957808013981,0.9147923593454593,16022.0,1.0,1.0,1.0,131.0,0.9195402298850575,0.4774083546462063,0.6285072951739619,1173.0,0.9975379565038982,0.9987674609695973,0.9981523301170191,2434.0,0.8110993555833413,0.956664775950085,0.8778888194878202,8815.0,0.880527817403709,0.9987864077669902,0.9359363153904473,2472.0,0.7814349178942067,0.9982537968430485,0.876636871733823,43523.0,1.0,0.9964285714285714,0.998211091234347,1960.0,,,,,,,,
mlp,cross_station,1011,top50,2.0,False,0.8880366028960207,0.83220705521301,0.9271844365902602,0.9998561734286947,0.6954505940307157,0.9177951234805276,0.8884935980251507,25.565038919448853,1.1920928955078125e-06,78631455948.8,93736,93736,50,9.0,mlp_cross_station_bs2_top50_seed1011.json,0.9979111279908849,0.30454940596928426,0.4666755472669952,17255.0,0.9800677186481824,0.9618784876794784,0.9708879184861717,15949.0,1.0,1.0,1.0,132.0,0.9948717948717949,0.6598639455782312,0.7934560327198364,1176.0,0.998780487804878,0.9979691307879772,0.9983746444534742,2462.0,0.9342148043784545,0.9768812330009066,0.955071741177774,8824.0,0.871566179093828,0.9975500204164965,0.9303122619954303,2449.0,0.7851078786567891,1.0,0.879619532291288,43557.0,0.996900826446281,0.9989648033126294,0.9979317476732161,1932.0,,,,,,,,
mlp,cross_station,123,top50,2.0,False,0.8901109422564437,0.8297675948933886,0.926058822098426,0.9998030203545634,0.6961930971218897,0.9139676047465797,0.877459890512407,22.06598138809204,3.337860107421875e-06,28039521426.285713,93592,93592,50,9.0,mlp_cross_station_bs2_top50_seed123.json,0.997177267595032,0.3038069028781103,0.4657233257162946,17442.0,0.989124063822859,0.9539002637859565,0.9711928893436071,15922.0,1.0,1.0,1.0,141.0,0.9916467780429594,0.7000842459983151,0.8207407407407408,1187.0,0.9983660130718954,0.9963310232368529,0.9973474801061007,2453.0,0.922185953458987,0.9807390817469205,0.9505616758018126,8930.0,0.8725455194573367,0.9967373572593801,0.9305158956786598,2452.0,0.780574238808129,1.0,0.8767668562144598,43172.0,0.9989417989417989,0.9973586899101955,0.9981496167063177,1893.0,,,,,,,,
mlp,cross_station,2026,top50,2.0,False,0.888912815167354,0.8297251472735366,0.9260344240774055,0.9991213114754098,0.6902982946443849,0.9439255009348978,0.8857185420097131,38.32594537734985,1.1920928955078125e-06,78670882406.4,93783,93783,50,9.0,mlp_cross_station_bs2_top50_seed2026.json,0.9878115335637621,0.30970170535561514,0.4715588363004776,17533.0,0.9846213743430018,0.9504541183839649,0.9672361040285569,15965.0,1.0,1.0,1.0,135.0,0.9974424552429667,0.6712564543889845,0.8024691358024691,1162.0,0.9991833401388321,0.9979608482871125,0.9985717200571312,2452.0,0.916579223504722,0.9748883928571429,0.944835045970795,8960.0,0.8869974646867077,0.9995918367346939,0.939934753406256,2450.0,0.7811640364847257,1.0,0.8771387929282666,43164.0,0.9984709480122325,0.9984709480122325,0.9984709480122325,1962.0,,,,,,,,
mlp,cross_station,3141,top50,2.0,False,0.8836230067672741,0.8267127207426952,0.9259599083689305,0.9992000524555766,0.6944667201283079,0.9119966151276384,0.8560127273838227,35.2083945274353,1.1920928955078125e-06,78612162150.4,93713,93713,50,9.0,mlp_cross_station_bs2_top50_seed3141.json,0.988693234476367,0.30553327987169204,0.466809609241675,17458.0,0.9831000792183786,0.9393213069256969,0.9607122121153474,15854.0,1.0,1.0,1.0,138.0,0.9935567010309279,0.6462699077954736,0.7831386490604367,1193.0,0.9975560081466395,0.9983693436608235,0.9979625101874491,2453.0,0.9004248264428557,0.9757466876263193,0.9365737996443391,8906.0,0.8744152572867938,0.9971276159212146,0.9317484662576687,2437.0,0.7816823913553299,1.0,0.8774654732493621,43331.0,0.999484004127967,0.9969119917653114,0.9981963411491883,1943.0,,,,,,,,
mlp,cross_station,42,top50,2.0,False,0.8633068806068628,0.8259681564571616,0.9266795139121078,0.9997245504269469,0.6974050046339203,0.9055743554690342,0.8652927106816717,28.108513116836548,1.1920928955078125e-06,78436001382.4,93503,93503,50,9.0,mlp_cross_station_bs2_top50_seed42.json,0.9959961868446139,0.3025949953660797,0.46416988760051536,17264.0,0.9643332277478619,0.9519699812382739,0.9581117230527144,15990.0,1.0,1.0,1.0,131.0,0.9917184265010351,0.4187062937062937,0.5888137676705593,1144.0,0.9979748886188741,0.9971671388101983,0.9975708502024292,2471.0,0.9199243379571248,0.98018139066174,0.9490974142136933,8931.0,0.8816546762589929,0.9983706720977596,0.9363896848137536,2455.0,0.7828435726845893,1.0,0.8781965896265265,43184.0,0.9979285344381149,0.9968960165545784,0.9974120082815735,1933.0,,,,,,,,
mlp,cross_station,4242,top50,2.0,False,0.8811917848692319,0.8276928981283014,0.9268602694621652,0.9995430928696378,0.6929093104836391,0.9207851310007589,0.8743089872660254,31.794996738433838,1.1920928955078125e-06,78845365452.8,93991,93991,50,9.0,mlp_cross_station_bs2_top50_seed4242.json,0.9934883720930232,0.3070906895163609,0.4691618344754876,17389.0,0.9470328282828283,0.9423330611219297,0.9446770994048931,15919.0,1.0,1.0,1.0,141.0,0.9852941176470589,0.6331615120274914,0.7709205020920502,1164.0,0.9987814784727863,0.9967571949736522,0.9977683100020288,2467.0,0.9044692155432857,0.9725551697098689,0.9372773399546583,8927.0,0.8696116850730317,0.9991813344248874,0.9299047619047619,2443.0,0.7914980124516726,0.9999770679019423,0.8836068895643364,43607.0,0.9994807892004154,0.9953464322647363,0.9974093264248705,1934.0,,,,,,,,
mlp,cross_station,456,top50,2.0,False,0.8757686283485893,0.8241830098931666,0.9267901706832796,0.9996070572517585,0.692679836433796,0.9133981841323493,0.8664692364423048,33.09983444213867,9.5367431640625e-07,98262056960.0,93710,93710,50,9.0,mlp_cross_station_bs2_top50_seed456.json,0.9944092433842714,0.307320163566204,0.46953231554401864,17363.0,0.9772833567181132,0.9205739820001259,0.9480814104226083,15889.0,1.0,1.0,1.0,139.0,0.9912408759124087,0.5773809523809523,0.7297152068780226,1176.0,0.998343685300207,0.9962809917355372,0.997311271975181,2420.0,0.8744769874476988,0.9797968523272687,0.924145917776491,8959.0,0.8827314980336074,0.9987864077669902,0.9371797304991459,2472.0,0.7829558180701565,1.0,0.8782672123840013,43346.0,0.9989696032972695,0.9964028776978417,0.9976845896578338,1946.0,,,,,,,,
mlp,cross_station,5555,top50,2.0,False,0.8820647804485469,0.82705454109761,0.9258245592742058,0.9996461707815695,0.6954042650245182,0.9193238922322254,0.8792220354590542,28.886834383010864,7.152557373046875e-07,131206217728.0,93846,93846,50,9.0,mlp_cross_station_bs2_top50_seed5555.json,0.9949711305643509,0.3045957349754818,0.4664076483171083,17538.0,0.9818916102136529,0.9467403592513504,0.963995651339771,15922.0,1.0,1.0,1.0,133.0,0.9904761904761905,0.6164267569856055,0.7599164926931107,1181.0,0.9991759373712402,0.9954844006568144,0.9973267530331071,2436.0,0.9105485232067511,0.9791288566243194,0.9435942282466113,8816.0,0.8729758906081324,0.9987649238369699,0.9316436251920123,2429.0,0.7809044322574845,1.0,0.8769751123226817,43430.0,1.0,0.9974502804691484,0.9987235128925198,1961.0,,,,,,,,
mlp,cross_station,6789,top50,2.0,False,0.877765356535543,0.8300182065045371,0.9270858583410093,0.9996340825927862,0.690281771132835,0.9483629557905986,0.8736337058166668,34.93276309967041,2.1457672119140625e-06,43765232071.111115,93910,93910,50,9.0,mlp_cross_station_bs2_top50_seed6789.json,0.9948282231252309,0.30971822886716505,0.472373267847746,17390.0,0.9757966664537966,0.9542246924373946,0.9648901237686285,16013.0,1.0,1.0,1.0,132.0,0.9937888198757764,0.542832909245123,0.7021393307734504,1179.0,0.9995938261575954,0.9963562753036437,0.9979724249797243,2470.0,0.9232152300370174,0.9800157179746267,0.9507678902080383,8907.0,0.8778901734104047,0.9995886466474702,0.9347951529140219,2431.0,0.7837472271817346,1.0,0.8787649003609451,43458.0,0.9989621172807472,0.9974093264248705,0.9981851179673321,1930.0,,,,,,,,
mlp,cross_station,789,top50,2.0,False,0.8871196489467913,0.8313177346135651,0.9262065876599402,0.9997778648895858,0.6938903453778639,0.9131919046860636,0.8563754123656159,30.646297454833984,7.152557373046875e-07,131527781034.66667,94076,94076,50,9.0,mlp_cross_station_bs2_top50_seed789.json,0.996844840386043,0.3061096546221361,0.4683875468736374,17546.0,0.9803463094034378,0.9682311821245787,0.9742510833385668,16022.0,1.0,1.0,1.0,131.0,0.9986468200270636,0.629156010230179,0.7719665271966527,1173.0,0.9959066721244372,0.9995891536565324,0.9977445150707402,2434.0,0.9443101933216169,0.9752694271128758,0.9595401529103187,8815.0,0.8817857142857143,0.9987864077669902,0.9366464339908953,2472.0,0.7814665852695084,1.0,0.8773294899059637,43523.0,1.0,0.9964285714285714,0.998211091234347,1960.0,,,,,,,,
mlp,holdout_attack,1011,full,,False,0.12143936079768224,0.6790177629251584,0.9273458388597655,0.8674964550181188,0.0014761525018239816,,0.29223831627143904,369.2894985675812,4.291534423828125e-06,19649149155.555557,215675,84325,89,9.0,mlp_holdout_attack_full_seed1011.json,0.9459285691323497,0.998523847498176,0.9715148863814579,58937.0,0.0,0.0,0.0,0.0,0.0,0.0,0.0,0.0,0.0,0.0,0.0,2399.0,0.0,0.0,0.0,0.0,0.0,0.0,0.0,18042.0,0.0,0.0,0.0,4947.0,0.0,0.0,0.0,0.0,0.0,0.0,0.0,0.0,,,,,,,,
mlp,holdout_attack,123,full,,False,0.1411678098739055,0.6906617310853078,0.9715347784803734,0.9471009925949267,0.001119839828969917,,0.31688488533913545,405.06505036354065,3.814697265625e-06,22105292800.0,215675,84325,89,9.0,mlp_holdout_attack_full_seed123.json,0.9776962168266516,0.9988801601710301,0.9881746691173385,58937.0,0.0,0.0,0.0,0.0,0.0,0.0,0.0,0.0,0.0,0.0,0.0,2399.0,0.0,0.0,0.0,0.0,0.0,0.0,0.0,18042.0,0.0,0.0,0.0,4947.0,0.0,0.0,0.0,0.0,0.0,0.0,0.0,0.0,,,,,,,,
mlp,holdout_attack,2026,full,,False,0.1218115467777879,0.681098808888703,0.9357752237124799,0.8835276508586734,0.0020700069565807557,,0.3471254805605534,280.98904514312744,2.6226043701171875e-06,32153153163.636364,215675,84325,89,9.0,mlp_holdout_attack_full_seed2026.json,0.9521304150747911,0.9979299930434192,0.9744923742223032,58937.0,0.0,0.0,0.0,0.0,0.0,0.0,0.0,0.0,0.0,0.0,0.0,2399.0,0.0,0.0,0.0,0.0,0.0,0.0,0.0,18042.0,0.0,0.0,0.0,4947.0,0.0,0.0,0.0,0.0,0.0,0.0,0.0,0.0,,,,,,,,
mlp,holdout_attack,3141,full,,False,0.12256023494958235,0.6852850345424047,0.9515829446485327,0.9080668032141169,0.000203607241630894,,0.2687845007718041,332.0161337852478,3.814697265625e-06,22105292800.0,215675,84325,89,9.0,mlp_holdout_attack_full_seed3141.json,0.961899475995364,0.9997963927583691,0.9804818795966588,58937.0,0.0,0.0,0.0,0.0,0.0,0.0,0.0,0.0,0.0,0.0,0.0,2399.0,0.0,0.0,0.0,0.0,0.0,0.0,0.0,18042.0,0.0,0.0,0.0,4947.0,0.0,0.0,0.0,0.0,0.0,0.0,0.0,0.0,,,,,,,,
mlp,holdout_attack,42,full,,False,0.12055145945680548,0.6740531387850098,0.9063663961073912,0.8290924846384119,0.00016967270135907834,,0.3337600681274955,260.7538812160492,9.5367431640625e-07,88421171200.0,215675,84325,89,9.0,mlp_holdout_attack_full_seed42.json,0.9314165586570986,0.999830327298641,0.9644116756544439,58937.0,0.0,0.0,0.0,0.0,0.0,0.0,0.0,0.0,0.0,0.0,0.0,2399.0,0.0,0.0,0.0,0.0,0.0,0.0,0.0,18042.0,0.0,0.0,0.0,4947.0,0.0,0.0,0.0,0.0,0.0,0.0,0.0,0.0,,,,,,,,
mlp,holdout_attack,4242,full,,False,0.12201721864191695,0.6822488054644444,0.940165963022274,0.8903025051205293,0.0015609888525035208,,0.2985851838433248,455.8427734375,3.814697265625e-06,22105292800.0,215675,84325,89,9.0,mlp_holdout_attack_full_seed4242.json,0.9548109686840824,0.9984390111474964,0.9761377491353356,58937.0,0.0,0.0,0.0,0.0,0.0,0.0,0.0,0.0,0.0,0.0,0.0,2399.0,0.0,0.0,0.0,0.0,0.0,0.0,0.0,18042.0,0.0,0.0,0.0,4947.0,0.0,0.0,0.0,0.0,0.0,0.0,0.0,0.0,,,,,,,,
mlp,holdout_attack,456,full,,False,0.1205901139937107,0.6742692723104491,0.9074304869139198,0.8316921380179613,0.0005938544547567742,,0.37792250853304,247.87077713012695,3.814697265625e-06,22105292800.0,215675,84325,89,9.0,mlp_holdout_attack_full_seed456.json,0.9323624851602691,0.9994061455452432,0.9647209119496856,58937.0,0.0,0.0,0.0,0.0,0.0,0.0,0.0,0.0,0.0,0.0,0.0,2399.0,0.0,0.0,0.0,0.0,0.0,0.0,0.0,18042.0,0.0,0.0,0.0,4947.0,0.0,0.0,0.0,0.0,0.0,0.0,0.0,0.0,,,,,,,,
mlp,holdout_attack,5555,full,,False,0.11952276952804683,0.6683013073394126,0.8813350629933379,0.7894280762564991,0.0008653307769312996,,0.34435633883380895,458.71772813796997,1.1920928955078125e-06,70736936960.0,215675,84325,89,9.0,mlp_holdout_attack_full_seed5555.json,0.9167704570930377,0.9991346692230687,0.9561821562243746,58937.0,0.0,0.0,0.0,0.0,0.0,0.0,0.0,0.0,0.0,0.0,0.0,2399.0,0.0,0.0,0.0,0.0,0.0,0.0,0.0,18042.0,0.0,0.0,0.0,4947.0,0.0,0.0,0.0,0.0,0.0,0.0,0.0,0.0,,,,,,,,
mlp,holdout_attack,6789,full,,False,0.12027733529387738,0.6725203970557013,0.8999675570455283,0.8194816448715929,0.000712625345708129,,0.3342962480666413,612.542218208313,3.5762786865234375e-06,23578978986.666668,215675,84325,89,9.0,mlp_holdout_attack_full_seed6789.json,0.9278017580894168,0.9992873746542918,0.962218682351019,58937.0,0.0,0.0,0.0,0.0,0.0,0.0,0.0,0.0,0.0,0.0,0.0,2399.0,0.0,0.0,0.0,0.0,0.0,0.0,0.0,18042.0,0.0,0.0,0.0,4947.0,0.0,0.0,0.0,0.0,0.0,0.0,0.0,0.0,,,,,,,,
mlp,holdout_attack,789,full,,False,0.12299293244891481,0.6877044254720845,0.9607338399934624,0.9261462108082559,0.0007974616963876682,,0.2813420874689018,278.4610528945923,3.814697265625e-06,22105292800.0,215675,84325,89,9.0,mlp_holdout_attack_full_seed789.json,0.9691434213774377,0.9992025383036124,0.9839434595913185,58937.0,0.0,0.0,0.0,0.0,0.0,0.0,0.0,0.0,0.0,0.0,0.0,2399.0,0.0,0.0,0.0,0.0,0.0,0.0,0.0,18042.0,0.0,0.0,0.0,4947.0,0.0,0.0,0.0,0.0,0.0,0.0,0.0,0.0,,,,,,,,
mlp,holdout_attack,1011,top20,,False,0.11499687646415743,0.6429951647239179,0.7475240206947524,0.5975657791082402,0.0005259853742131429,,0.3632498760941529,52.560434341430664,9.5367431640625e-07,88421171200.0,215675,84325,20,9.0,mlp_holdout_attack_top20_seed1011.json,0.8521910218017158,0.9994740146257869,0.9199750117132595,58937.0,0.0,0.0,0.0,0.0,0.0,0.0,0.0,0.0,0.0,0.0,0.0,2399.0,0.0,0.0,0.0,0.0,0.0,0.0,0.0,18042.0,0.0,0.0,0.0,4947.0,0.0,0.0,0.0,0.0,0.0,0.0,0.0,0.0,,,,,,,,
mlp,holdout_attack,123,top20,,False,0.10559697879345405,0.6642409991384313,0.8624960872870366,0.7597290058295257,0.0008483635067953917,,0.41777647519487915,56.409008502960205,1.1920928955078125e-06,70736936960.0,215675,84325,20,9.0,mlp_holdout_attack_top20_seed123.json,0.9061350731684799,0.9991516364932046,0.9503728091410865,58937.0,0.0,0.0,0.0,0.0,0.0,0.0,0.0,0.0,0.0,0.0,0.0,2399.0,0.0,0.0,0.0,0.0,0.0,0.0,0.0,18042.0,0.0,0.0,0.0,4947.0,0.0,0.0,0.0,0.0,0.0,0.0,0.0,0.0,,,,,,,,
mlp,holdout_attack,2026,top20,,False,0.11214472058217767,0.6270475799064862,0.6410160826499095,0.4741216322672129,0.002222712387803926,,0.4297317481435712,65.87528347969055,9.5367431640625e-07,88421171200.0,215675,84325,20,9.0,mlp_holdout_attack_top20_seed2026.json,0.814972906301537,0.9977772876121961,0.8971577646574214,58937.0,0.0,0.0,0.0,0.0,0.0,0.0,0.0,0.0,0.0,0.0,0.0,2399.0,0.0,0.0,0.0,0.0,0.0,0.0,0.0,18042.0,0.0,0.0,0.0,4947.0,0.0,0.0,0.0,0.0,0.0,0.0,0.0,0.0,,,,,,,,
mlp,holdout_attack,3141,top20,,False,0.11104419884816666,0.6985058704729271,0.9986010127879253,0.9981093429966913,0.0003902472131258802,,0.29532798216893735,38.42576599121094,1.1920928955078125e-06,70736936960.0,215675,84325,20,9.0,mlp_holdout_attack_top20_seed3141.json,0.9991859163529052,0.9996097527868741,0.9993977896334999,58937.0,0.0,0.0,0.0,0.0,0.0,0.0,0.0,0.0,0.0,0.0,0.0,2399.0,0.0,0.0,0.0,0.0,0.0,0.0,0.0,18042.0,0.0,0.0,0.0,4947.0,0.0,0.0,0.0,0.0,0.0,0.0,0.0,0.0,,,,,,,,
mlp,holdout_attack,42,top20,,False,0.14134020532019373,0.6915051736340802,0.974454249883883,0.9503308649755791,6.786908054363133e-05,,0.3003042122644978,49.82333827018738,3.5762786865234375e-06,23578978986.666668,215675,84325,20,9.0,mlp_holdout_attack_top20_seed42.json,0.9790510682127787,0.9999321309194563,0.9893814372413562,58937.0,0.0,0.0,0.0,0.0,0.0,0.0,0.0,0.0,0.0,0.0,0.0,2399.0,0.0,0.0,0.0,0.0,0.0,0.0,0.0,18042.0,0.0,0.0,0.0,4947.0,0.0,0.0,0.0,0.0,0.0,0.0,0.0,0.0,,,,,,,,
mlp,holdout_attack,4242,top20,,False,0.10422102132739616,0.6555857575541623,0.8198573677873483,0.6973373247203403,0.001628857933047152,,0.38296374935934124,47.18339562416077,1.1920928955078125e-06,70736936960.0,215675,84325,20,9.0,mlp_holdout_attack_top20_seed4242.json,0.8844945509207065,0.9983711420669529,0.9379891919465655,58937.0,0.0,0.0,0.0,0.0,0.0,0.0,0.0,0.0,0.0,0.0,0.0,2399.0,0.0,0.0,0.0,0.0,0.0,0.0,0.0,18042.0,0.0,0.0,0.0,4947.0,0.0,0.0,0.0,0.0,0.0,0.0,0.0,0.0,,,,,,,,
mlp,holdout_attack,456,top20,,False,0.1159172548525334,0.6481413814876975,0.7788327818539299,0.6397116748069954,0.0013064798004649033,,0.2672102778394956,35.22450518608093,9.5367431640625e-07,88421171200.0,215675,84325,20,9.0,mlp_holdout_attack_top20_seed456.json,0.8654991397944329,0.9986935201995351,0.9273380388202672,58937.0,0.0,0.0,0.0,0.0,0.0,0.0,0.0,0.0,0.0,0.0,0.0,2399.0,0.0,0.0,0.0,0.0,0.0,0.0,0.0,18042.0,0.0,0.0,0.0,4947.0,0.0,0.0,0.0,0.0,0.0,0.0,0.0,0.0,,,,,,,,
mlp,holdout_attack,5555,top20,,False,0.09926288184846552,0.6243973697898264,0.6201374235784234,0.451473136915078,0.0019682033357653088,,0.26193249651021794,41.615551233291626,1.430511474609375e-06,58947447466.666664,215675,84325,20,9.0,mlp_holdout_attack_top20_seed5555.json,0.8085694255433213,0.9980317966642347,0.8933659366361897,58937.0,0.0,0.0,0.0,0.0,0.0,0.0,0.0,0.0,0.0,0.0,0.0,2399.0,0.0,0.0,0.0,0.0,0.0,0.0,0.0,18042.0,0.0,0.0,0.0,4947.0,0.0,0.0,0.0,0.0,0.0,0.0,0.0,0.0,,,,,,,,
mlp,holdout_attack,6789,top20,,False,0.11292202464478235,0.6313938088575902,0.6704500876114758,0.5048841972585474,0.0005259853742131429,,0.399567208958618,50.018752336502075,9.5367431640625e-07,88421171200.0,215675,84325,20,9.0,mlp_holdout_attack_top20_seed6789.json,0.8241367731826067,0.9994740146257869,0.9033761971582588,58937.0,0.0,0.0,0.0,0.0,0.0,0.0,0.0,0.0,0.0,0.0,0.0,2399.0,0.0,0.0,0.0,0.0,0.0,0.0,0.0,18042.0,0.0,0.0,0.0,4947.0,0.0,0.0,0.0,0.0,0.0,0.0,0.0,0.0,,,,,,,,
mlp,holdout_attack,789,top20,,False,0.1196113591451365,0.6687966485798432,0.8839612109537465,0.7952969907042697,0.0017645960941344147,,0.35877580330968306,32.002535820007324,1.1920928955078125e-06,70736936960.0,215675,84325,20,9.0,mlp_holdout_attack_top20_seed789.json,0.91883492113072,0.9982354039058656,0.956890873161092,58937.0,0.0,0.0,0.0,0.0,0.0,0.0,0.0,0.0,0.0,0.0,0.0,2399.0,0.0,0.0,0.0,0.0,0.0,0.0,0.0,18042.0,0.0,0.0,0.0,4947.0,0.0,0.0,0.0,0.0,0.0,0.0,0.0,0.0,,,,,,,,
mlp,holdout_attack,1011,top20_stable,,False,0.11823619139370585,0.6611075161264955,0.8471308686777047,0.7355837403497716,0.0004581162936695115,,0.3793962829710977,38.415796518325806,3.337860107421875e-06,25263191771.42857,215675,84325,20,9.0,mlp_holdout_attack_top20_stable_seed1011.json,0.8977035490605428,0.9995418837063305,0.9458895311496468,58937.0,0.0,0.0,0.0,0.0,0.0,0.0,0.0,0.0,0.0,0.0,0.0,2399.0,0.0,0.0,0.0,0.0,0.0,0.0,0.0,18042.0,0.0,0.0,0.0,4947.0,0.0,0.0,0.0,0.0,0.0,0.0,0.0,0.0,,,,,,,,
mlp,holdout_attack,123,top20_stable,,False,0.11932887648471474,0.6672171710291973,0.8768119134687403,0.78387427130928,0.0017815633642703226,,0.3462093234324121,46.04125952720642,3.5762786865234375e-06,23578978986.666668,215675,84325,20,9.0,mlp_holdout_attack_top20_stable_seed123.json,0.9146908378550661,0.9982184366357296,0.9546310118777179,58937.0,0.0,0.0,0.0,0.0,0.0,0.0,0.0,0.0,0.0,0.0,0.0,2399.0,0.0,0.0,0.0,0.0,0.0,0.0,0.0,18042.0,0.0,0.0,0.0,4947.0,0.0,0.0,0.0,0.0,0.0,0.0,0.0,0.0,,,,,,,,
mlp,holdout_attack,2026,top20_stable,,False,0.13432126240279277,0.6571650838497929,0.8272775509262463,0.7062391681109186,0.0004920508339413272,,0.3984839205056978,43.417741537094116,1.430511474609375e-06,58947447466.666664,215675,84325,20,9.0,mlp_holdout_attack_top20_stable_seed2026.json,0.8876231805442546,0.9995079491660587,0.9402488368195494,58937.0,0.0,0.0,0.0,0.0,0.0,0.0,0.0,0.0,0.0,0.0,0.0,2399.0,0.0,0.0,0.0,0.0,0.0,0.0,0.0,18042.0,0.0,0.0,0.0,4947.0,0.0,0.0,0.0,0.0,0.0,0.0,0.0,0.0,,,,,,,,
mlp,holdout_attack,3141,top20_stable,,False,0.15643598524063604,0.6560237885889617,0.8210770659238625,0.6966283283440996,0.000101803620815447,,0.4075580299387859,24.28925633430481,1.1920928955078125e-06,70736936960.0,215675,84325,20,9.0,mlp_holdout_attack_top20_stable_seed3141.json,0.8844116278720754,0.9998981963791845,0.9386159114438162,58937.0,0.0,0.0,0.0,0.0,0.0,0.0,0.0,0.0,0.0,0.0,0.0,2399.0,0.0,0.0,0.0,0.0,0.0,0.0,0.0,18042.0,0.0,0.0,0.0,4947.0,0.0,0.0,0.0,0.0,0.0,0.0,0.0,0.0,,,,,,,,
mlp,holdout_attack,42,top20_stable,,False,0.1081411585844481,0.6802447574435168,0.9320706381370346,0.8741925319048369,0.0006956580755722212,,0.3288435421966979,41.3906946182251,3.337860107421875e-06,25263191771.42857,215675,84325,20,9.0,mlp_holdout_attack_top20_stable_seed42.json,0.9485585440489612,0.9993043419244277,0.9732704272600329,58937.0,0.0,0.0,0.0,0.0,0.0,0.0,0.0,0.0,0.0,0.0,0.0,2399.0,0.0,0.0,0.0,0.0,0.0,0.0,0.0,18042.0,0.0,0.0,0.0,4947.0,0.0,0.0,0.0,0.0,0.0,0.0,0.0,0.0,,,,,,,,
mlp,holdout_attack,4242,top20_stable,,False,0.12075271112278657,0.6751784202021865,0.9116296944723189,0.8409090909090909,0.0016967270135907833,,0.29858665621092634,37.561907052993774,1.430511474609375e-06,58947447466.666664,215675,84325,20,9.0,mlp_holdout_attack_top20_stable_seed4242.json,0.9357624530822571,0.9983032729864092,0.9660216889822926,58937.0,0.0,0.0,0.0,0.0,0.0,0.0,0.0,0.0,0.0,0.0,0.0,2399.0,0.0,0.0,0.0,0.0,0.0,0.0,0.0,18042.0,0.0,0.0,0.0,4947.0,0.0,0.0,0.0,0.0,0.0,0.0,0.0,0.0,,,,,,,,
mlp,holdout_attack,456,top20_stable,,False,0.1187625113005295,0.6640503887121786,0.8618917832089719,0.7598077832046636,0.001425250691416258,,0.39365717526979754,22.82010507583618,1.1920928955078125e-06,70736936960.0,215675,84325,20,9.0,mlp_holdout_attack_top20_stable_seed456.json,0.9061138396637465,0.9985747493085837,0.950100090404236,58937.0,0.0,0.0,0.0,0.0,0.0,0.0,0.0,0.0,0.0,0.0,0.0,2399.0,0.0,0.0,0.0,0.0,0.0,0.0,0.0,18042.0,0.0,0.0,0.0,4947.0,0.0,0.0,0.0,0.0,0.0,0.0,0.0,0.0,,,,,,,,
mlp,holdout_attack,5555,top20_stable,,False,0.13629947346419338,0.6668434565421186,0.8749420312258464,0.7802899007405073,0.0014422179615521658,,0.3652687077955041,41.5543417930603,1.1920928955078125e-06,70736936960.0,215675,84325,20,9.0,mlp_holdout_attack_top20_stable_seed5555.json,0.9134254229396244,0.9985577820384478,0.9540963142493536,58937.0,0.0,0.0,0.0,0.0,0.0,0.0,0.0,0.0,0.0,0.0,0.0,2399.0,0.0,0.0,0.0,0.0,0.0,0.0,0.0,18042.0,0.0,0.0,0.0,4947.0,0.0,0.0,0.0,0.0,0.0,0.0,0.0,0.0,,,,,,,,
mlp,holdout_attack,6789,top20_stable,,False,0.1060726382833898,0.6672330595027962,0.8763150915038458,0.7808413423664724,0.0005429526443490507,,0.3193486218586274,50.70555663108826,1.1920928955078125e-06,70736936960.0,215675,84325,20,9.0,mlp_holdout_attack_top20_stable_seed6789.json,0.9136949541640168,0.999457047355651,0.9546537445505081,58937.0,0.0,0.0,0.0,0.0,0.0,0.0,0.0,0.0,0.0,0.0,0.0,2399.0,0.0,0.0,0.0,0.0,0.0,0.0,0.0,18042.0,0.0,0.0,0.0,4947.0,0.0,0.0,0.0,0.0,0.0,0.0,0.0,0.0,,,,,,,,
mlp,holdout_attack,789,top20_stable,,False,0.11883622814745366,0.6644625701347384,0.8641898359414999,0.7645738144005042,0.0021039414968525715,,0.4250553519882503,29.199678897857666,1.6689300537109375e-06,50526383542.85714,215675,84325,20,9.0,mlp_holdout_attack_top20_stable_seed789.json,0.9077481092761228,0.9978960585031474,0.9506898251796293,58937.0,0.0,0.0,0.0,0.0,0.0,0.0,0.0,0.0,0.0,0.0,0.0,2399.0,0.0,0.0,0.0,0.0,0.0,0.0,0.0,18042.0,0.0,0.0,0.0,4947.0,0.0,0.0,0.0,0.0,0.0,0.0,0.0,0.0,,,,,,,,
mlp,holdout_attack,1011,top50,,False,0.12134566752061418,0.6784938850079989,0.9248936575455526,0.8607216007562628,0.00022057451176680183,,0.3972084922489079,47.81841683387756,1.1920928955078125e-06,70736936960.0,215675,84325,50,9.0,mlp_holdout_attack_top50_seed1011.json,0.9433877681716298,0.9997794254882332,0.9707653401649134,58937.0,0.0,0.0,0.0,0.0,0.0,0.0,0.0,0.0,0.0,0.0,0.0,2399.0,0.0,0.0,0.0,0.0,0.0,0.0,0.0,18042.0,0.0,0.0,0.0,4947.0,0.0,0.0,0.0,0.0,0.0,0.0,0.0,0.0,,,,,,,,
mlp,holdout_attack,123,top50,,False,0.12310615562133147,0.6883375031228616,0.9630596102095735,0.9303608003781314,0.0007465598859799447,,0.3109959523025407,24.247627019882202,1.430511474609375e-06,58947447466.666664,215675,84325,50,9.0,mlp_holdout_attack_top50_seed123.json,0.9708544204678459,0.9992534401140201,0.9848492449706517,58937.0,0.0,0.0,0.0,0.0,0.0,0.0,0.0,0.0,0.0,0.0,0.0,2399.0,0.0,0.0,0.0,0.0,0.0,0.0,0.0,18042.0,0.0,0.0,0.0,4947.0,0.0,0.0,0.0,0.0,0.0,0.0,0.0,0.0,,,,,,,,
mlp,holdout_attack,2026,top50,,False,0.1195131862326791,0.6682477231658851,0.8815700032891131,0.791791397510635,0.0019512360656294009,,0.29335891004903153,42.25585961341858,1.1920928955078125e-06,70736936960.0,215675,84325,50,9.0,mlp_holdout_attack_top50_seed2026.json,0.9175453921507456,0.9980487639343706,0.9561054898614328,58937.0,0.0,0.0,0.0,0.0,0.0,0.0,0.0,0.0,0.0,0.0,0.0,2399.0,0.0,0.0,0.0,0.0,0.0,0.0,0.0,18042.0,0.0,0.0,0.0,4947.0,0.0,0.0,0.0,0.0,0.0,0.0,0.0,0.0,,,,,,,,
mlp,holdout_attack,3141,top50,,False,0.12198469679278563,0.6820669623363327,0.9391743751435552,0.8858121947376714,0.00023754178190270967,,0.2659238537631602,42.03539681434631,3.5762786865234375e-06,23578978986.666668,215675,84325,50,9.0,mlp_holdout_attack_top50_seed3141.json,0.9531073080780305,0.9997624582180973,0.9758775743422851,58937.0,0.0,0.0,0.0,0.0,0.0,0.0,0.0,0.0,0.0,0.0,0.0,2399.0,0.0,0.0,0.0,0.0,0.0,0.0,0.0,18042.0,0.0,0.0,0.0,4947.0,0.0,0.0,0.0,0.0,0.0,0.0,0.0,0.0,,,,,,,,
mlp,holdout_attack,42,top50,,False,0.11902624085938006,0.6655250099049423,0.8687869231110914,0.7704033401607059,0.0013404143407367188,,0.3793242246141886,42.56875729560852,3.5762786865234375e-06,23578978986.666668,215675,84325,50,9.0,mlp_holdout_attack_top50_seed42.json,0.9098891585635445,0.9986595856592633,0.9522099268750405,58937.0,0.0,0.0,0.0,0.0,0.0,0.0,0.0,0.0,0.0,0.0,0.0,2399.0,0.0,0.0,0.0,0.0,0.0,0.0,0.0,18042.0,0.0,0.0,0.0,4947.0,0.0,0.0,0.0,0.0,0.0,0.0,0.0,0.0,,,,,,,,
mlp,holdout_attack,4242,top50,,False,0.12192642467307677,0.6817411387803973,0.9380205832620087,0.8849456436111549,0.000814428966523576,,0.2967810334973617,47.25772190093994,1.1920928955078125e-06,70736936960.0,215675,84325,50,9.0,mlp_holdout_attack_top50_seed4242.json,0.9527422747128297,0.9991855710334764,0.9754113973846141,58937.0,0.0,0.0,0.0,0.0,0.0,0.0,0.0,0.0,0.0,0.0,0.0,2399.0,0.0,0.0,0.0,0.0,0.0,0.0,0.0,18042.0,0.0,0.0,0.0,4947.0,0.0,0.0,0.0,0.0,0.0,0.0,0.0,0.0,,,,,,,,
mlp,holdout_attack,456,top50,,False,0.13708702858305952,0.6706965600379301,0.8917403164211675,0.804789664408382,8.483635067953917e-05,,0.3604819482891591,33.643686294555664,1.430511474609375e-06,58947447466.666664,215675,84325,50,9.0,mlp_holdout_attack_top50_seed456.json,0.9224267468069121,0.9999151636493204,0.9596092000814167,58937.0,0.0,0.0,0.0,0.0,0.0,0.0,0.0,0.0,0.0,0.0,0.0,2399.0,0.0,0.0,0.0,0.0,0.0,0.0,0.0,18042.0,0.0,0.0,0.0,4947.0,0.0,0.0,0.0,0.0,0.0,0.0,0.0,0.0,,,,,,,,
mlp,holdout_attack,5555,top50,,False,0.12302031708356664,0.6878575443063545,0.961324162703839,0.9276429809358753,0.0009841016678826544,,0.296724388551248,36.60077476501465,1.430511474609375e-06,58947447466.666664,215675,84325,50,9.0,mlp_holdout_attack_top50_seed5555.json,0.96974438368799,0.9990158983321173,0.9841625366685331,58937.0,0.0,0.0,0.0,0.0,0.0,0.0,0.0,0.0,0.0,0.0,0.0,2399.0,0.0,0.0,0.0,0.0,0.0,0.0,0.0,18042.0,0.0,0.0,0.0,4947.0,0.0,0.0,0.0,0.0,0.0,0.0,0.0,0.0,,,,,,,,
mlp,holdout_attack,6789,top50,,False,0.11956151104544015,0.6685179272087856,0.8821602128548497,0.790097683945171,0.000509018104077235,,0.4043565181825102,39.02755784988403,3.0994415283203125e-06,27206514215.384617,215675,84325,50,9.0,mlp_holdout_attack_top50_seed6789.json,0.9170402889345538,0.9994909818959228,0.9564920883635212,58937.0,0.0,0.0,0.0,0.0,0.0,0.0,0.0,0.0,0.0,0.0,0.0,2399.0,0.0,0.0,0.0,0.0,0.0,0.0,0.0,18042.0,0.0,0.0,0.0,4947.0,0.0,0.0,0.0,0.0,0.0,0.0,0.0,0.0,,,,,,,,
mlp,holdout_attack,789,top50,,False,0.12320058886017081,0.6888655184727553,0.9649469417683362,0.9330392311328186,0.0003563126728540645,,0.30158355416265253,46.742008209228516,1.430511474609375e-06,58947447466.666664,215675,84325,50,9.0,mlp_holdout_attack_top50_seed789.json,0.971954599445691,0.9996436873271459,0.9856047108813665,58937.0,0.0,0.0,0.0,0.0,0.0,0.0,0.0,0.0,0.0,0.0,0.0,2399.0,0.0,0.0,0.0,0.0,0.0,0.0,0.0,18042.0,0.0,0.0,0.0,4947.0,0.0,0.0,0.0,0.0,0.0,0.0,0.0,0.0,,,,,,,,
mlp,random,1011,full,,False,0.9962726333503417,0.9981139945897494,0.9997940720198789,0.9996705559368566,0.00012725344644750795,0.9999853367875043,0.9997055164081077,422.61758971214294,1.430511474609375e-06,41943040000.0,240000,60000,89,9.0,mlp_random_full_seed1011.json,0.9994911804613297,0.9998727465535525,0.9996819270976908,23575.0,0.9898643825838687,0.9978414160310836,0.9938368926472696,6949.0,1.0,1.0,1.0,57.0,0.995850622406639,1.0,0.997920997920998,480.0,0.9939393939393939,0.9949443882709808,0.9944416371905003,989.0,0.9954967632986209,0.9803215077605322,0.9878508588186008,3608.0,0.9979757085020243,0.9969666329625885,0.9974709155285787,989.0,0.9999556678636343,0.999468273661822,0.9997119113573407,22568.0,0.9961734693877551,0.9949044585987261,0.9955385595920969,785.0,,,,,,,,
mlp,random,123,full,,False,0.9972969390113899,0.9982829402190856,0.9998215437835464,0.999780370624571,0.00021208907741251324,0.999938461237247,0.9996060222876102,586.358327627182,4.5299530029296875e-06,13245170526.31579,240000,60000,89,9.0,mlp_random_full_seed123.json,0.9996607006531513,0.9997879109225875,0.9997243017411406,23575.0,0.9923927084828477,0.9949633040725284,0.9936763437769474,6949.0,1.0,1.0,1.0,57.0,0.997920997920998,1.0,0.9989594172736732,480.0,0.9969727547931383,0.9989888776541962,0.997979797979798,989.0,0.9894297635605007,0.9858647450110865,0.9876440372067194,3608.0,1.0,0.9969666329625885,0.9984810126582279,989.0,1.0,0.9996898263027295,0.9998448890957035,22568.0,1.0,0.9987261146496815,0.9993626513702996,785.0,,,,,,,,
mlp,random,2026,full,,False,0.9973843964329393,0.9982482487469291,0.9996704835653678,0.9994509265614276,0.0001696712619300106,0.9999930445445688,0.9999233785107471,454.63417983055115,4.291534423828125e-06,13981013333.333334,240000,60000,89,9.0,mlp_random_full_seed2026.json,0.9991522190665932,0.99983032873807,0.999491158885638,23575.0,0.9912782384901344,0.9976975104331558,0.9944775155992254,6949.0,1.0,1.0,1.0,57.0,0.9937888198757764,1.0,0.9968847352024922,480.0,1.0,0.9989888776541962,0.9994941831057157,989.0,0.9943930473787497,0.9830931263858093,0.9887108013937282,3608.0,1.0,0.9969666329625885,0.9984810126582279,989.0,1.0,0.9991137894363701,0.9995566982888554,22568.0,0.9987277353689568,1.0,0.9993634627625716,785.0,,,,,,,,
mlp,random,3141,full,,False,0.9971070436030725,0.9983663811439379,0.9996431022649279,0.9996431022649279,0.0005514316012725345,0.999981255613712,0.9998265503942179,613.3258676528931,3.337860107421875e-06,17975588571.42857,240000,60000,89,9.0,mlp_random_full_seed3141.json,0.9994485683987274,0.9994485683987274,0.9994485683987274,23575.0,0.9943981614478599,0.9962584544538783,0.9953274387175617,6949.0,1.0,1.0,1.0,57.0,0.995850622406639,1.0,0.997920997920998,480.0,1.0,0.9929221435793731,0.9964485032978183,989.0,0.9919399666481379,0.989190687361419,0.990563419372745,3608.0,0.9989878542510121,0.9979777553083923,0.9984825493171472,989.0,0.9996454686461334,0.9995125841900036,0.9995790220016396,22568.0,0.9924146649810367,1.0,0.9961928934010152,785.0,,,,,,,,
mlp,random,42,full,,False,0.9972086168647191,0.9984841047678267,0.9997391435671431,0.9995607412491421,0.00012725344644750795,0.9999854855779389,0.9990554606128266,130.0614457130432,7.3909759521484375e-06,8118007741.935484,240000,60000,89,9.0,mlp_random_full_seed42.json,0.999321688994404,0.9998727465535525,0.9995971418272799,23575.0,0.9966806176937509,0.9938120592891063,0.995244271508863,6949.0,1.0,1.0,1.0,57.0,0.997920997920998,1.0,0.9989594172736732,480.0,0.9959555106167847,0.9959555106167847,0.9959555106167847,989.0,0.9884265637916781,0.9941796008869179,0.9912947353875915,3608.0,0.9989868287740629,0.9969666329625885,0.9979757085020243,989.0,1.0,0.9993353420772776,0.9996675605593848,22568.0,0.9949174078780177,0.9974522292993631,0.9961832061068703,785.0,,,,,,,,
mlp,random,4242,full,,False,0.9964706674927685,0.9978857851953533,0.9997666085476187,0.9996156485929993,0.00012725344644750795,0.9999210807746193,0.9987438014951159,426.97413086891174,2.86102294921875e-06,20971520000.0,240000,60000,89,9.0,mlp_random_full_seed4242.json,0.999406427541762,0.9998727465535525,0.9996395326647017,23575.0,0.9953656770456191,0.9890631745574903,0.9922044174967518,6949.0,1.0,1.0,1.0,57.0,0.995850622406639,1.0,0.997920997920998,480.0,1.0,0.9949443882709808,0.9974657881398885,989.0,0.979742677251574,0.9919623059866962,0.9858146260845614,3608.0,0.9989868287740629,0.9969666329625885,0.9979757085020243,989.0,1.0,0.9995125841900036,0.9997562326869807,22568.0,0.9949302915082383,1.0,0.9974587039390089,785.0,,,,,,,,
mlp,random,456,full,,False,0.9976461599710785,0.9984334558797087,0.999739172214977,0.9996705559368566,0.00029692470837751854,0.9999821620461616,0.999771681195026,236.47091436386108,7.3909759521484375e-06,8118007741.935484,240000,60000,89,9.0,mlp_random_full_seed456.json,0.9994910941475827,0.9997030752916225,0.9995970734810731,23575.0,0.9945331606963027,0.9948193984746007,0.9946762589928058,6949.0,1.0,1.0,1.0,57.0,0.9958419958419958,0.9979166666666667,0.9968782518210197,480.0,1.0,0.9989888776541962,0.9994941831057157,989.0,0.9894678492239468,0.9894678492239468,0.9894678492239468,3608.0,0.9979818365287588,1.0,0.998989898989899,989.0,0.999911343587925,0.9995125841900036,0.9997119241252466,22568.0,1.0,1.0,1.0,785.0,,,,,,,,
mlp,random,5555,full,,False,0.9972420620552924,0.9982679802491645,0.9996567490011395,0.999423472889499,0.0001696712619300106,0.9999807619468046,0.9997677172804535,759.9431548118591,3.0994415283203125e-06,19358326153.846153,240000,60000,89,9.0,mlp_random_full_seed5555.json,0.9991098677517802,0.99983032873807,0.9994699684101173,23575.0,0.996387805230458,0.9923730033098288,0.9943763518385004,6949.0,1.0,1.0,1.0,57.0,0.9937888198757764,1.0,0.9968847352024922,480.0,1.0,0.9969666329625885,0.9984810126582279,989.0,0.9854315557998901,0.9936252771618626,0.9895114545956389,3608.0,0.9989858012170385,0.9959555106167847,0.9974683544303797,989.0,1.0,0.9992467210209146,0.999623218599703,22568.0,0.9987277353689568,1.0,0.9993634627625716,785.0,,,,,,,,
mlp,random,6789,full,,False,0.9972915905881522,0.998216203523064,0.9996292889212307,0.9993960192175704,0.00021208907741251324,0.9999917592283126,0.9997094928898542,581.7033493518829,4.5299530029296875e-06,13245170526.31579,240000,60000,89,9.0,mlp_random_full_seed6789.json,0.999067480501865,0.9997879109225875,0.9994275658829266,23575.0,0.9938209512861044,0.995251115268384,0.994535519125683,6949.0,1.0,1.0,1.0,57.0,0.995850622406639,1.0,0.997920997920998,480.0,1.0,0.9959555106167847,0.9979736575481256,989.0,0.9911036975257159,0.9880820399113082,0.9895905621096461,3608.0,0.9959718026183283,1.0,0.9979818365287588,989.0,0.9998669623059867,0.9990694789081885,0.99946806152755,22568.0,0.9987261146496815,0.9987261146496815,0.9987261146496815,785.0,,,,,,,,
mlp,random,789,full,,False,0.9978072406425306,0.9984318092309621,0.9997666085476187,0.9996156485929993,0.00012725344644750795,0.9999876654661823,0.9998586042528488,452.3588058948517,8.106231689453125e-06,7401712941.176471,240000,60000,89,9.0,mlp_random_full_seed789.json,0.999406427541762,0.9998727465535525,0.9996395326647017,23575.0,0.991701244813278,0.9974096992373004,0.9945472808150381,6949.0,1.0,1.0,1.0,57.0,1.0,1.0,1.0,480.0,1.0,0.9989888776541962,0.9994941831057157,989.0,0.9949565704679182,0.9842017738359202,0.9895499512331057,3608.0,0.9959718026183283,1.0,0.9979818365287588,989.0,1.0,0.999379652605459,0.9996897300651567,22568.0,1.0,0.9987261146496815,0.9993626513702996,785.0,,,,,,,,
mlp,random,1011,top20,,False,0.9966522439222218,0.9983326148275851,0.9997940720198789,0.9996705559368566,0.00012725344644750795,0.9999899097369442,0.9998448241197492,55.535728216171265,1.430511474609375e-06,41943040000.0,240000,60000,20,9.0,mlp_random_top20_seed1011.json,0.9994911804613297,0.9998727465535525,0.9996819270976908,23575.0,0.9931133428981349,0.9961145488559505,0.9946116818736979,6949.0,1.0,1.0,1.0,57.0,0.995850622406639,1.0,0.997920997920998,480.0,1.0,0.9929221435793731,0.9964485032978183,989.0,0.9924728185112908,0.9866962305986696,0.9895760945100764,3608.0,0.9969666329625885,0.9969666329625885,0.9969666329625885,989.0,1.0,0.999468273661822,0.9997340661288893,22568.0,0.9899117276166457,1.0,0.9949302915082383,785.0,,,,,,,,
mlp,random,123,top20,,False,0.9978320928504417,0.9987994685590571,0.9997529033852236,0.9996980096087852,0.00029692470837751854,0.999987406522107,0.9974867512595098,93.04966831207275,1.430511474609375e-06,41943040000.0,240000,60000,20,9.0,mlp_random_top20_seed123.json,0.9995334831841893,0.9997030752916225,0.9996182720447894,23575.0,0.9941235488032105,0.9981292272269391,0.996122361051271,6949.0,1.0,1.0,1.0,57.0,0.9917355371900827,1.0,0.995850622406639,480.0,0.9979777553083923,0.9979777553083923,0.9979777553083923,989.0,0.9963707426018984,0.989190687361419,0.9927677329624478,3608.0,0.9989888776541962,0.9989888776541962,0.9989888776541962,989.0,1.0,0.9996012052463665,0.9998005628559399,22568.0,1.0,0.9987261146496815,0.9993626513702996,785.0,,,,,,,,
mlp,random,2026,top20,,False,0.9978060135737569,0.9983817329214825,0.9996705016612208,0.9995058339052848,0.0002545068928950159,0.9999905779025686,0.9998317559523974,77.97753953933716,9.5367431640625e-07,62914560000.0,240000,60000,20,9.0,mlp_random_top20_seed2026.json,0.9992368677661424,0.999745493107105,0.9994911157287647,23575.0,0.9918478260869565,0.9979853216290113,0.9949071085287999,6949.0,1.0,1.0,1.0,57.0,1.0,1.0,1.0,480.0,0.9949698189134809,1.0,0.9974785678265254,989.0,0.995793606281548,0.9842017738359202,0.9899637580150543,3608.0,1.0,0.9989888776541962,0.9994941831057157,989.0,0.9999113160695282,0.9992024104927331,0.9995567375886525,22568.0,1.0,0.9987261146496815,0.9993626513702996,785.0,,,,,,,,
mlp,random,3141,top20,,False,0.9787326981777517,0.9952076778526885,0.9990939790791533,0.9990391214824983,0.0013149522799575822,0.9999329012139945,0.995652558323017,79.43093156814575,1.430511474609375e-06,41943040000.0,240000,60000,20,9.0,mlp_random_top20_seed3141.json,0.9985156283133296,0.9986850477200424,0.9986003308308945,23575.0,0.9895039539899353,0.9903583249388401,0.9899309551208285,6949.0,0.9661016949152542,1.0,0.9827586206896551,57.0,0.9952153110047847,0.8666666666666667,0.9265033407572383,480.0,0.9989816700610998,0.9919110212335692,0.9954337899543378,989.0,0.9800443458980045,0.9800443458980045,0.9800443458980045,3608.0,0.9369024856596558,0.9908998988877654,0.9631449631449631,989.0,0.9988049924758785,0.9999556894718185,0.999380009742704,22568.0,0.9894598155467721,0.956687898089172,0.9727979274611399,785.0,,,,,,,,
mlp,random,42,top20,,False,0.9965597278827705,0.9979184262744056,0.9996567584265806,0.9994509265614276,0.00021208907741251324,0.9999710771826285,0.9994778891178557,102.67307090759277,1.430511474609375e-06,41943040000.0,240000,60000,20,9.0,mlp_random_top20_seed42.json,0.9991521831284442,0.9997879109225875,0.9994699459344853,23575.0,0.9948014440433213,0.9913656641243345,0.993080582384316,6949.0,1.0,1.0,1.0,57.0,0.997920997920998,1.0,0.9989594172736732,480.0,1.0,0.9949443882709808,0.9974657881398885,989.0,0.9826780313445147,0.9905764966740577,0.9866114561766736,3608.0,1.0,0.993933265925177,0.9969574036511156,989.0,1.0,0.9993353420772776,0.9996675605593848,22568.0,0.9936708860759493,1.0,0.9968253968253968,785.0,,,,,,,,
mlp,random,4242,top20,,False,0.9968884940451874,0.9980180643710458,0.9994372537985369,0.9995332875772135,0.0010180275715800636,0.99998543129739,0.9996867806863621,120.71180129051208,2.86102294921875e-06,20971520000.0,240000,60000,20,9.0,mlp_random_top20_seed4242.json,0.9992786829599457,0.9989819724284199,0.9991303056657405,23575.0,0.9940956221198156,0.993380342495323,0.9937378535953357,6949.0,1.0,1.0,1.0,57.0,0.995850622406639,1.0,0.997920997920998,480.0,0.9969666329625885,0.9969666329625885,0.9969666329625885,989.0,0.9862068965517241,0.9908536585365854,0.9885248168118347,3608.0,0.9949545913218971,0.9969666329625885,0.9959595959595959,989.0,0.9999556717939625,0.9995568947181851,0.9997562434905932,22568.0,1.0,1.0,1.0,785.0,,,,,,,,
mlp,random,456,top20,,False,0.9817005270282204,0.996452447537482,0.9992033185901487,0.9985449553877831,0.00021208907741251324,0.9997552301317523,0.9978668888706284,117.25322151184082,1.6689300537109375e-06,35951177142.85714,240000,60000,20,9.0,mlp_random_top20_seed456.json,0.9977564238242391,0.9997879109225875,0.9987711343701005,23575.0,0.9916905444126074,0.9961145488559505,0.9938976236628616,6949.0,0.9827586206896551,1.0,0.991304347826087,57.0,0.9975786924939467,0.8583333333333333,0.9227323628219485,480.0,1.0,0.9979777553083923,0.9989878542510121,989.0,0.9921722113502935,0.9836474501108647,0.9878914405010438,3608.0,0.9337748344370861,0.9979777553083923,0.9648093841642229,989.0,1.0,0.9994239631336406,0.9997118985883031,22568.0,1.0,0.9554140127388535,0.9771986970684039,785.0,,,,,,,,
mlp,random,5555,top20,,False,0.9979559803145377,0.9988001224983634,0.9996430336646713,0.9994509265614276,0.0002545068928950159,0.9999880536599759,0.9997465652928237,102.18613505363464,1.6689300537109375e-06,35951177142.85714,240000,60000,20,9.0,mlp_random_top20_seed5555.json,0.9991521471872483,0.999745493107105,0.9994487320837927,23575.0,0.996832709473078,0.996402360051806,0.9966174883051457,6949.0,1.0,1.0,1.0,57.0,0.9937888198757764,1.0,0.9968847352024922,480.0,1.0,0.9949443882709808,0.9974657881398885,989.0,0.9936305732484076,0.9944567627494457,0.9940434963291315,3608.0,0.9959677419354839,0.9989888776541962,0.9974760222110045,989.0,1.0,0.9993353420772776,0.9996675605593848,22568.0,1.0,1.0,1.0,785.0,,,,,,,,
mlp,random,6789,top20,,False,0.9803750134801708,0.9953727168920647,0.9992996718069841,0.9989293067947838,0.0005090137857900318,0.99994157576516,0.9966189101404157,114.45237469673157,7.152557373046875e-06,8388608000.0,240000,60000,20,9.0,mlp_random_top20_seed6789.json,0.9983475976612152,0.99949098621421,0.9989189647497722,23575.0,0.9876312383143967,0.9881997409699237,0.9879154078549849,6949.0,0.95,1.0,0.9743589743589743,57.0,0.9927710843373494,0.8583333333333333,0.9206703910614525,480.0,0.9989858012170385,0.9959555106167847,0.9974683544303797,989.0,0.9780677401443643,0.9764412416851441,0.9772538141470181,3608.0,0.9408960915157293,0.9979777553083923,0.9685966633954858,989.0,0.9998669623059867,0.9990694789081885,0.99946806152755,22568.0,1.0,0.9974522292993631,0.9987244897959183,785.0,,,,,,,,
mlp,random,789,top20,,False,0.9971565750872529,0.998012627100172,0.9996842524333155,0.9995881949210706,0.0003393425238600212,0.9999791789561557,0.9997702433890172,77.50690078735352,1.1920928955078125e-06,50331648000.0,240000,60000,20,9.0,mlp_random_top20_seed789.json,0.9993639216351454,0.99966065747614,0.9995122675318616,23575.0,0.9879003558718861,0.9987048496186501,0.9932732216974381,6949.0,1.0,1.0,1.0,57.0,1.0,1.0,1.0,480.0,0.9979818365287588,1.0,0.998989898989899,989.0,0.9966053748231966,0.9764412416851441,0.9864202715945681,3608.0,0.9989878542510121,0.9979777553083923,0.9984825493171472,989.0,0.999822695035461,0.999468273661822,0.999645452933877,22568.0,1.0,0.9961783439490446,0.998085513720485,785.0,,,,,,,,
mlp,random,1011,top20_stable,,False,0.9958456500864676,0.99783145924499,0.9996705016612208,0.9995058339052848,0.0002545068928950159,0.9999882502334962,0.9998335673799521,45.786744117736816,1.9073486328125e-06,31457280000.0,240000,60000,20,9.0,mlp_random_top20_stable_seed1011.json,0.9992368677661424,0.999745493107105,0.9994911157287647,23575.0,0.9894225271583762,0.9961145488559505,0.9927572606669057,6949.0,1.0,1.0,1.0,57.0,0.9958333333333333,0.9958333333333333,0.9958333333333333,480.0,1.0,0.9929221435793731,0.9964485032978183,989.0,0.992430613961312,0.9811529933481153,0.9867595818815331,3608.0,0.9979674796747967,0.9929221435793731,0.9954384186517993,989.0,0.999955665898209,0.9994239631336406,0.9996897438170375,22568.0,0.9924146649810367,1.0,0.9961928934010152,785.0,,,,,,,,
mlp,random,123,top20_stable,,False,0.9971375926605257,0.9984501684223214,0.9997117483151002,0.9997529169526425,0.0005090137857900318,0.9999900561832182,0.9998670813450384,64.84590768814087,1.430511474609375e-06,41943040000.0,240000,60000,20,9.0,mlp_random_top20_stable_seed123.json,0.9996181910741557,0.99949098621421,0.9995545845971112,23575.0,0.994394135403191,0.9955389264642395,0.99496620163958,6949.0,1.0,1.0,1.0,57.0,0.997920997920998,1.0,0.9989594172736732,480.0,0.9939577039274925,0.9979777553083923,0.9959636730575177,989.0,0.991123439667129,0.99029933481153,0.9907112158602523,3608.0,0.996969696969697,0.9979777553083923,0.9974734714502274,989.0,0.9999113593050569,0.9996898263027295,0.9998005805322284,22568.0,0.9987212276214834,0.9949044585987261,0.9968091895341417,785.0,,,,,,,,
mlp,random,2026,top20_stable,,False,0.9975972196406282,0.9985833202833166,0.999615606380934,0.9995058339052848,0.0004241781548250265,0.9999922061312697,0.999815530551107,81.25776410102844,1.1920928955078125e-06,50331648000.0,240000,60000,20,9.0,mlp_random_top20_stable_seed2026.json,0.9992367383284569,0.999575821845175,0.9994062513253319,23575.0,0.9954016381664033,0.9968340768455893,0.9961173425366695,6949.0,1.0,1.0,1.0,57.0,0.9917355371900827,1.0,0.995850622406639,480.0,0.9959677419354839,0.9989888776541962,0.9974760222110045,989.0,0.9933333333333333,0.991130820399113,0.9922308546059934,3608.0,0.9989888776541962,0.9989888776541962,0.9989888776541962,989.0,0.999955656068467,0.9992024104927331,0.9995788913761386,22568.0,0.9987261146496815,0.9987261146496815,0.9987261146496815,785.0,,,,,,,,
mlp,random,3141,top20_stable,,False,0.9973909735299044,0.9988163283118608,0.9998215290838951,0.9996980096087852,8.48356309650053e-05,0.9999937073409738,0.9998553850585596,85.29239010810852,9.298324584960938e-06,6452775384.615385,240000,60000,20,9.0,mlp_random_top20_stable_seed3141.json,0.9995335820895522,0.999915164369035,0.9997243368179987,23575.0,0.9956902743858641,0.9974096992373004,0.996549245147376,6949.0,1.0,1.0,1.0,57.0,0.995850622406639,1.0,0.997920997920998,480.0,1.0,0.9919110212335692,0.9959390862944163,989.0,0.9949944382647385,0.9916851441241685,0.9933370349805664,3608.0,0.9949596774193549,0.9979777553083923,0.9964664310954063,989.0,1.0,0.9995125841900036,0.9997562326869807,22568.0,0.9936708860759493,1.0,0.9968253968253968,785.0,,,,,,,,
mlp,random,42,top20_stable,,False,0.9947973496219815,0.9970811435756723,0.9994508059422798,0.9992312971859987,0.0005090137857900318,0.9999530957209672,0.9985071344621343,112.12835454940796,3.337860107421875e-06,17975588571.42857,240000,60000,20,9.0,mlp_random_top20_stable_seed42.json,0.9988131066932304,0.99949098621421,0.9991519314760633,23575.0,0.9896640826873385,0.9920851921139733,0.9908731584620912,6949.0,1.0,1.0,1.0,57.0,0.9958333333333333,0.9958333333333333,0.9958333333333333,480.0,0.9969666329625885,0.9969666329625885,0.9969666329625885,989.0,0.9843837144450641,0.9783813747228381,0.9813733666944676,3608.0,0.9959595959595959,0.9969666329625885,0.9964628600303184,989.0,0.999734030763775,0.9993353420772776,0.9995346466638598,22568.0,0.9948849104859335,0.9910828025477707,0.9929802169751116,785.0,,,,,,,,
mlp,random,4242,top20_stable,,False,0.9968450642407432,0.998265189750991,0.9997803585646432,0.9997254632807138,0.0002545068928950159,0.9999925105455358,0.9998732532062667,69.51861882209778,7.152557373046875e-07,83886080000.0,240000,60000,20,9.0,mlp_random_top20_stable_seed4242.json,0.9995758938038085,0.999745493107105,0.9996606862620351,23575.0,0.9916953035509737,0.9966901712476616,0.9941864637909997,6949.0,1.0,1.0,1.0,57.0,0.9937888198757764,1.0,0.9968847352024922,480.0,0.9979716024340771,0.9949443882709808,0.9964556962025316,989.0,0.9935628323537643,0.9839246119733924,0.9887202339507033,3608.0,0.9939577039274925,0.9979777553083923,0.9959636730575177,989.0,0.9999113475177305,0.9995568947181851,0.9997340897004078,22568.0,1.0,1.0,1.0,785.0,,,,,,,,
mlp,random,456,top20_stable,,False,0.9974823197844993,0.9983490550389535,0.9997117087434619,0.9996156485929993,0.00029692470837751854,0.9997638718347329,0.9996369358872548,42.0588960647583,3.337860107421875e-06,17975588571.42857,240000,60000,20,9.0,mlp_random_top20_stable_seed456.json,0.9994063268594691,0.9997030752916225,0.9995546790508302,23575.0,0.9928274279156506,0.9959706432580228,0.9943965517241379,6949.0,1.0,1.0,1.0,57.0,0.9979166666666667,0.9979166666666667,0.9979166666666667,480.0,0.9959677419354839,0.9989888776541962,0.9974760222110045,989.0,0.9924686192468619,0.9861419068736141,0.9892951480606145,3608.0,0.9979818365287588,1.0,0.998989898989899,989.0,0.9999556678636343,0.999468273661822,0.9997119113573407,22568.0,1.0,1.0,1.0,785.0,,,,,,,,
mlp,random,5555,top20_stable,,False,0.9979791375830082,0.9988168120265429,0.9996979598561191,0.9995332875772135,0.00021208907741251324,0.9999889741961153,0.9998323844821688,80.40253448486328,1.430511474609375e-06,41943040000.0,240000,60000,20,9.0,mlp_random_top20_stable_seed5555.json,0.9992792640013567,0.9997879109225875,0.9995335227513676,23575.0,0.9969762419006479,0.996402360051806,0.9966892183676407,6949.0,1.0,1.0,1.0,57.0,0.9937888198757764,1.0,0.9968847352024922,480.0,1.0,0.9949443882709808,0.9974657881398885,989.0,0.9930805424854692,0.9944567627494457,0.9937681761528874,3608.0,0.997979797979798,0.9989888776541962,0.9984840828701365,989.0,0.9999113278652183,0.9993353420772776,0.9996232520000886,22568.0,0.9987277353689568,1.0,0.9993634627625716,785.0,,,,,,,,
mlp,random,6789,top20_stable,,False,0.9971530684326366,0.9982333655630358,0.9994782369902513,0.99920384351407,0.00038176033934252384,0.9999898150524847,0.9997744272266387,64.27625799179077,1.1920928955078125e-06,50331648000.0,240000,60000,20,9.0,mlp_random_top20_stable_seed6789.json,0.9987709260436534,0.9996182396606574,0.9991944032223871,23575.0,0.9949654775604143,0.9953950208663117,0.9951802028631034,6949.0,1.0,1.0,1.0,57.0,0.995850622406639,1.0,0.997920997920998,480.0,0.9989847715736041,0.9949443882709808,0.9969604863221885,989.0,0.991130820399113,0.991130820399113,0.991130820399113,3608.0,0.9969635627530364,0.9959555106167847,0.9964592817400101,989.0,0.9998226242738681,0.9990694789081885,0.9994459097054456,22568.0,1.0,0.9961783439490446,0.998085513720485,785.0,,,,,,,,
mlp,random,789,top20_stable,,False,0.9975971405862146,0.998348214439359,0.9996979598561191,0.9995332875772135,0.00021208907741251324,0.9999889518459759,0.9998736907556948,44.821996212005615,1.1920928955078125e-06,50331648000.0,240000,60000,20,9.0,mlp_random_top20_stable_seed789.json,0.9992792640013567,0.9997879109225875,0.9995335227513676,23575.0,0.9912769912769913,0.997553604835228,0.9944053937742074,6949.0,1.0,1.0,1.0,57.0,1.0,1.0,1.0,480.0,1.0,0.9979777553083923,0.9989878542510121,989.0,0.9955106621773289,0.983370288248337,0.9894032348020078,3608.0,0.9959636730575177,0.9979777553083923,0.996969696969697,989.0,0.9999556678636343,0.999468273661822,0.9997119113573407,22568.0,1.0,0.9987261146496815,0.9993626513702996,785.0,,,,,,,,
mlp,random,1011,top50,,False,0.9967968886939159,0.998433546919572,0.9998215241834731,0.9996705559368566,4.241781548250265e-05,0.9999928245608767,0.9998065858327586,88.6844892501831,1.430511474609375e-06,41943040000.0,240000,60000,50,9.0,mlp_random_top50_seed1011.json,0.9994912236072246,0.9999575821845175,0.9997243485083014,23575.0,0.9953917050691244,0.9946754928766729,0.9950334700928525,6949.0,1.0,1.0,1.0,57.0,0.995850622406639,1.0,0.997920997920998,480.0,0.9939455095862765,0.9959555106167847,0.9949494949494949,989.0,0.9894824245779131,0.9908536585365854,0.9901675668190001,3608.0,0.996969696969697,0.9979777553083923,0.9974734714502274,989.0,1.0,0.999468273661822,0.9997340661288893,22568.0,0.998719590268886,0.9936305732484076,0.9961685823754789,785.0,,,,,,,,
mlp,random,123,top50,,False,0.9970581143774864,0.9981982956272298,0.9998352734460795,0.9998078242964996,0.00021208907741251324,0.9999215696625741,0.9989342226591477,48.016828298568726,9.5367431640625e-07,62914560000.0,240000,60000,50,9.0,mlp_random_top50_seed123.json,0.9997031004792807,0.9997879109225875,0.9997455039022735,23575.0,0.9904162494635961,0.996402360051806,0.9934002869440459,6949.0,1.0,1.0,1.0,57.0,0.997920997920998,1.0,0.9989594172736732,480.0,0.9989868287740629,0.9969666329625885,0.9979757085020243,989.0,0.9921590590870905,0.9819844789356984,0.9870455495194317,3608.0,1.0,0.9969666329625885,0.9984810126582279,989.0,0.9999556776881482,0.9996898263027295,0.9998227343230667,22568.0,0.9961928934010152,1.0,0.9980928162746344,785.0,,,,,,,,
mlp,random,2026,top50,,False,0.9980732237993902,0.9984836468837375,0.999739129240866,0.9995058339052848,4.241781548250265e-05,0.9999937131742668,0.9999235945697189,90.19901132583618,1.430511474609375e-06,41943040000.0,240000,60000,50,9.0,mlp_random_top50_seed2026.json,0.9992370295015259,0.9999575821845175,0.9995971759916891,23575.0,0.9953910413365981,0.9945315872787451,0.9949611287071696,6949.0,1.0,1.0,1.0,57.0,1.0,1.0,1.0,480.0,0.998989898989899,1.0,0.9994946942900454,989.0,0.9892116182572614,0.991130820399113,0.9901702893534542,3608.0,1.0,0.9989888776541962,0.9994941831057157,989.0,0.999955656068467,0.9992024104927331,0.9995788913761386,22568.0,1.0,0.9987261146496815,0.9993626513702996,785.0,,,,,,,,
mlp,random,3141,top50,,False,0.9969590775574881,0.9984820657629248,0.9997391578918466,0.9996156485929993,0.00021208907741251324,0.9999805527671712,0.9997931553370041,39.461373805999756,1.6689300537109375e-06,35951177142.85714,240000,60000,50,9.0,mlp_random_top50_seed3141.json,0.9994063772048847,0.9997879109225875,0.999597107657075,23575.0,0.9932664756446992,0.9976975104331558,0.9954770622442386,6949.0,1.0,1.0,1.0,57.0,0.995850622406639,1.0,0.997920997920998,480.0,1.0,0.9919110212335692,0.9959390862944163,989.0,0.9955244755244755,0.9864190687361419,0.9909508561882222,3608.0,0.996969696969697,0.9979777553083923,0.9974734714502274,989.0,0.999911343587925,0.9995125841900036,0.9997119241252466,22568.0,0.9911616161616161,1.0,0.9955611921369689,785.0,,,,,,,,
mlp,random,42,top50,,False,0.9961606950216295,0.9979009631379963,0.9996155219289814,0.9992862045298558,8.48356309650053e-05,0.9999915300692932,0.9997239673441292,55.535362005233765,9.5367431640625e-07,62914560000.0,240000,60000,50,9.0,mlp_random_top50_seed42.json,0.9988982584007797,0.999915164369035,0.9994064527069996,23575.0,0.9952380952380953,0.9925169089077565,0.9938756394552921,6949.0,1.0,1.0,1.0,57.0,0.997920997920998,1.0,0.9989594172736732,480.0,0.9959555106167847,0.9959555106167847,0.9959555106167847,989.0,0.9853914002205072,0.9908536585365854,0.9881149806522941,3608.0,0.9929577464788732,0.9979777553083923,0.9954614220877458,989.0,1.0,0.9988479262672811,0.9994236311239193,22568.0,0.9974358974358974,0.9910828025477707,0.9942492012779552,785.0,,,,,,,,
mlp,random,4242,top50,,False,0.9962982149489645,0.9976830030243565,0.9995197782747691,0.9999725463280714,0.0014422057264050902,0.9999541055892005,0.9994826049780572,66.87526321411133,9.5367431640625e-07,62914560000.0,240000,60000,50,9.0,mlp_random_top50_seed4242.json,0.999957522725342,0.9985577942735949,0.9992571683256574,23575.0,0.9913879718673748,0.9939559648870341,0.9926703075596436,6949.0,1.0,1.0,1.0,57.0,0.995850622406639,1.0,0.997920997920998,480.0,1.0,0.9949443882709808,0.9974657881398885,989.0,0.9885952712100139,0.9850332594235033,0.9868110509509926,3608.0,0.9979736575481256,0.9959555106167847,0.9969635627530364,989.0,0.9988050453640186,1.0,0.9994021654894494,22568.0,0.9924146649810367,1.0,0.9961928934010152,785.0,,,,,,,,
mlp,random,456,top50,,False,0.9975243715216676,0.9984822501831696,0.9997391578918466,0.9996156485929993,0.00021208907741251324,0.9999156323160783,0.9994488989682586,40.257474184036255,9.5367431640625e-07,62914560000.0,240000,60000,50,9.0,mlp_random_top50_seed456.json,0.9994063772048847,0.9997879109225875,0.999597107657075,23575.0,0.9929779306391516,0.9971218880414449,0.9950455948876283,6949.0,1.0,1.0,1.0,57.0,0.9979166666666667,0.9979166666666667,0.9979166666666667,480.0,1.0,0.9969666329625885,0.9984810126582279,989.0,0.9941340782122905,0.9864190687361419,0.9902615470228158,3608.0,0.9979777553083923,0.9979777553083923,0.9979777553083923,989.0,0.999911343587925,0.9995125841900036,0.9997119241252466,22568.0,0.9974587039390089,1.0,0.9987277353689568,785.0,,,,,,,,
mlp,random,5555,top50,,False,0.9970941011770592,0.9980995786075755,0.9996979681493685,0.9995607412491421,0.0002545068928950159,0.9999729922113377,0.9994306986493631,38.369394063949585,1.1920928955078125e-06,50331648000.0,240000,60000,50,9.0,mlp_random_top50_seed5555.json,0.9993216027135892,0.999745493107105,0.9995335029686174,23575.0,0.9926745188164321,0.9945315872787451,0.993602185320969,6949.0,1.0,1.0,1.0,57.0,0.9937888198757764,1.0,0.9968847352024922,480.0,1.0,0.9969666329625885,0.9984810126582279,989.0,0.9888796219071448,0.9858647450110865,0.9873698820263705,3608.0,0.9989888776541962,0.9989888776541962,0.9989888776541962,989.0,0.9999113278652183,0.9993353420772776,0.9996232520000886,22568.0,0.9987277353689568,1.0,0.9993634627625716,785.0,,,,,,,,
mlp,random,6789,top50,,False,0.997447274707928,0.9983833666987171,0.9996155747157999,0.999423472889499,0.00029692470837751854,0.9999937903084114,0.9998257547581255,63.524375915527344,4.76837158203125e-06,12582912000.0,240000,60000,50,9.0,mlp_random_top50_seed6789.json,0.9991097545466107,0.9997030752916225,0.9994063268594691,23575.0,0.995538284398388,0.9953950208663117,0.995466647477873,6949.0,1.0,1.0,1.0,57.0,0.995850622406639,1.0,0.997920997920998,480.0,0.9979736575481256,0.9959555106167847,0.9969635627530364,989.0,0.9911332779163203,0.9914079822616408,0.991270611057226,3608.0,0.9969758064516129,1.0,0.9984856133266027,989.0,0.9997782901738205,0.9990694789081885,0.9994237588652483,22568.0,0.9987244897959183,0.9974522292993631,0.9980879541108987,785.0,,,,,,,,
mlp,random,789,top50,,False,0.9976546500776069,0.9983503487047448,0.9997666341784837,0.9997254632807138,0.00029692470837751854,0.9999762631527243,0.9998343812005273,56.42238140106201,9.5367431640625e-07,62914560000.0,240000,60000,50,9.0,mlp_random_top50_seed789.json,0.999575875816439,0.9997030752916225,0.9996394715076453,23575.0,0.9943852577022747,0.9939559648870341,0.9941705649514214,6949.0,1.0,1.0,1.0,57.0,1.0,1.0,1.0,480.0,1.0,0.9979777553083923,0.9989878542510121,989.0,0.9883753113755882,0.9897450110864745,0.9890596870239579,3608.0,0.9959718026183283,1.0,0.9979818365287588,989.0,0.9998227107525929,0.9995568947181851,0.9996897850653668,22568.0,1.0,0.9987261146496815,0.9993626513702996,785.0,,,,,,,,
mlp,temporal,1011,full,,False,0.9782018610509504,0.9371029455058603,0.9480879577925829,0.9013161507624156,2.8279743219931563e-05,0.9993453588600499,0.9968298236921572,239.46034789085388,2.86102294921875e-06,31453784746.666668,210010,89990,89,9.0,mlp_temporal_full_seed1011.json,0.8677087678829968,0.99997172025678,0.9291570317426949,35361.0,0.9799642554792588,0.9996161965073882,0.9896926803780934,10422.0,1.0,1.0,1.0,84.0,0.9986091794158554,1.0,0.9993041057759221,718.0,0.9966307277628033,0.9979757085020243,0.9973027646662171,1482.0,1.0,0.9602734663710274,0.9797341879536243,5412.0,0.9959677419354839,0.9993256911665542,0.9976438909458095,1483.0,1.0,0.8408365827720666,0.9135374542653573,33852.0,0.9991467576791809,0.9957482993197279,0.9974446337308348,1176.0,,,,,,,,
mlp,temporal,123,full,,False,0.9750162526965549,0.9273883646182777,0.9397585684896945,0.8863628043199707,0.0,0.9995193432793847,0.9990186239356836,452.84565138816833,3.814697265625e-06,23590600704.0,210009,89991,89,9.0,mlp_temporal_full_seed123.json,0.8506579422165556,1.0,0.9193032627063564,35361.0,0.9762753188297074,0.9989445403953175,0.9874798444465522,10422.0,1.0,1.0,1.0,85.0,0.9958448753462604,1.0,0.9979181124219292,719.0,1.0,0.9973009446693657,0.9986486486486487,1482.0,1.0,0.9526977087952697,0.975775927327782,5412.0,0.9953020134228188,1.0,0.9976454759502187,1483.0,1.0,0.8169034888186464,0.8992260665972945,33851.0,1.0,0.9982993197278912,0.9991489361702127,1176.0,,,,,,,,
mlp,temporal,2026,full,,False,0.9830112125312953,0.9540180220987348,0.9632708054614633,0.9291440913750183,0.0,0.9996129277452906,0.9989342428365902,425.2601578235626,2.6226043701171875e-06,34314363624.727272,210007,89993,89,9.0,mlp_temporal_full_seed2026.json,0.9013305464926591,1.0,0.9481050500717225,35361.0,0.9774795908792343,0.9995202456342352,0.9883770577351867,10422.0,1.0,1.0,1.0,85.0,0.9986111111111111,1.0,0.9993050729673384,719.0,1.0,0.9966261808367072,0.9983102399459277,1482.0,0.9998066511987626,0.9554693274205469,0.97713529856387,5412.0,0.9993256911665542,0.9986522911051213,0.9989888776541962,1484.0,1.0,0.8857674583481036,0.939423845105503,33852.0,0.9949238578680203,1.0,0.9974554707379135,1176.0,,,,,,,,
mlp,temporal,3141,full,,False,0.9750537649292522,0.9282088807738709,0.9403755140041896,0.8874611019586308,0.0,0.999616093553246,0.9981319129289931,383.7645857334137,3.814697265625e-06,23590600704.0,210009,89991,89,9.0,mlp_temporal_full_seed3141.json,0.8518875424606712,1.0,0.9200208143619097,35361.0,0.9770179900160121,0.9952984072155057,0.9860734825799705,10422.0,1.0,1.0,1.0,85.0,0.9958391123439667,1.0,0.9979152189020153,718.0,0.9993220338983051,0.9946018893387314,0.9969563747040919,1482.0,1.0,0.9545370541489558,0.9767397881996974,5411.0,0.9986541049798116,1.0,0.9993265993265993,1484.0,1.0,0.8198333924140375,0.9009982955928902,33852.0,0.9957627118644068,0.9991496598639455,0.9974533106960951,1176.0,,,,,,,,
mlp,temporal,42,full,,False,0.9741184756236202,0.9250451406233661,0.9377922519807514,0.8828708449260506,0.0,0.9996166165852289,0.9994793525664414,57.45634341239929,5.7220458984375e-06,15727416661.333334,210007,89993,89,9.0,mlp_temporal_full_seed42.json,0.8467672413793104,1.0,0.9170264908390711,35361.0,0.9750070204998595,0.9994242947610823,0.9870646766169154,10422.0,1.0,1.0,1.0,85.0,0.9986111111111111,1.0,0.9993050729673384,719.0,0.9986504723346828,0.9979770734996628,0.9983136593591906,1483.0,0.9996114241305615,0.9506651884700665,0.9745241026612369,5412.0,0.9979757085020243,0.9973027646662171,0.9976391231028667,1483.0,1.0,0.8111780692425854,0.8957463465553236,33852.0,0.9982964224872232,0.9965986394557823,0.9974468085106383,1176.0,,,,,,,,
mlp,temporal,4242,full,,False,0.978828846409962,0.941124018881132,0.9521087861293849,0.9086449581754618,8.483922965979469e-05,0.9994800471181104,0.9985493852499707,595.4133858680725,3.814697265625e-06,23591387136.0,210006,89994,89,9.0,mlp_temporal_full_seed4242.json,0.8763042454583757,0.9999151607703402,0.9340377757231542,35361.0,0.9760097460406709,0.9993283438879293,0.9875314085241549,10422.0,1.0,1.0,1.0,85.0,0.9972260748959778,1.0,0.9986111111111111,719.0,0.9979729729729729,0.9959541469993257,0.9969625379682754,1483.0,0.9990317583268784,0.9532520325203252,0.9756051437216339,5412.0,0.9973063973063973,0.9986513823331086,0.9979784366576819,1483.0,1.0,0.8525936429162235,0.9204324393277418,33852.0,0.9983007646559049,0.9983007646559049,0.9983007646559049,1177.0,,,,,,,,
mlp,temporal,456,full,,False,0.9772482929825842,0.9354967517817927,0.947073222442804,0.8994837812111005,2.8279743219931563e-05,0.9995102452436504,0.9990995473356796,79.86076378822327,2.86102294921875e-06,31453435221.333332,210011,89989,89,9.0,mlp_temporal_full_seed456.json,0.865584685809405,0.99997172025678,0.9279378575552406,35361.0,0.9761904761904762,0.9992323930147764,0.9875770507349455,10422.0,1.0,1.0,1.0,84.0,0.9986091794158554,1.0,0.9993041057759221,718.0,0.9986477349560514,0.9959541469993257,0.9972991222147198,1483.0,0.9994186046511628,0.953058584365182,0.9756882035758206,5411.0,0.9973027646662171,0.9973027646662171,0.9973027646662171,1483.0,1.0,0.8379368408614221,0.9118233251896618,33851.0,0.9966101694915255,1.0,0.99830220713073,1176.0,,,,,,,,
mlp,temporal,5555,full,,False,0.9775064760206722,0.9347884325787973,0.9463757075494441,0.8982427237781438,5.6559486439863127e-05,0.9995208743781715,0.9993981420136957,495.93769001960754,3.5762786865234375e-06,25163307417.6,210009,89991,89,9.0,mlp_temporal_full_seed5555.json,0.8641429199863141,0.9999434405135601,0.9270965796615058,35361.0,0.9760209816410641,0.9998080982536941,0.9877713527348564,10422.0,1.0,1.0,1.0,84.0,0.9986111111111111,1.0,0.9993050729673384,719.0,0.9993252361673415,0.9993252361673415,0.9993252361673415,1482.0,1.0,0.9525041581962669,0.9756743965925225,5411.0,0.997979797979798,0.9993256911665542,0.9986522911051213,1483.0,1.0,0.835844263263618,0.9105829726294109,33852.0,0.9991503823279524,0.9991503823279524,0.9991503823279524,1177.0,,,,,,,,
mlp,temporal,6789,full,,False,0.9757594261994408,0.9313465508491365,0.9437580960114456,0.893521993007633,2.8279743219931563e-05,0.9995535268585969,0.9986438401226232,700.1842348575592,3.5762786865234375e-06,25163587037.866665,210008,89992,89,9.0,mlp_temporal_full_seed6789.json,0.8587318163052189,0.99997172025678,0.9239854712691735,35361.0,0.9720123145815841,0.9997121473805411,0.9856676599971619,10422.0,1.0,1.0,1.0,84.0,0.9972260748959778,1.0,0.9986111111111111,719.0,1.0,0.9966284558327714,0.9983113812901047,1483.0,1.0,0.9447524020694752,0.9715914489311164,5412.0,0.9993256911665542,0.9993256911665542,0.9993256911665542,1483.0,1.0,0.8282177779090721,0.9060384248711361,33851.0,0.9966130397967824,1.0,0.998303647158609,1177.0,,,,,,,,
mlp,temporal,789,full,,False,0.9797858456762163,0.9407861346811517,0.9511092338558716,0.9067928465523237,2.8279743219931563e-05,0.9995261750543499,0.9988375152586456,447.2755751609802,2.86102294921875e-06,31454483797.333332,210008,89992,89,9.0,mlp_temporal_full_seed789.json,0.8741224166913873,0.99997172025678,0.932821547755662,35361.0,0.981999811516351,0.9998080982536941,0.9908239433271526,10422.0,1.0,1.0,1.0,85.0,0.9972222222222222,1.0,0.9986091794158554,718.0,0.9986504723346828,0.9979770734996628,0.9983136593591906,1483.0,1.0,0.9643385070214339,0.9818455460445866,5412.0,0.997979797979798,0.9993256911665542,0.9986522911051213,1483.0,1.0,0.8496351658739771,0.9187056794224749,33851.0,0.9983007646559049,0.9983007646559049,0.9983007646559049,1177.0,,,,,,,,
mlp,temporal,1011,top20,,False,0.9216235856183312,0.877297984400698,0.8974255670601506,0.8155009244174339,0.002969373038092814,0.9984608399861443,0.9866820798431609,84.57778811454773,1.1920928955078125e-06,75489083392.0,210010,89990,20,9.0,mlp_temporal_top20_seed1011.json,0.777677291276056,0.9970306269619071,0.8737979577674234,35361.0,0.9817101913830489,0.9991364421416234,0.9903466641304864,10422.0,1.0,1.0,1.0,84.0,0.9986072423398329,0.9986072423398329,0.9986072423398329,718.0,0.9980276134122288,0.6828609986504723,0.8108974358974359,1482.0,1.0,0.9650776053215078,0.982228490832158,5412.0,0.998631074606434,0.9838165879973028,0.9911684782608695,1483.0,0.9948845913911416,0.706664303438497,0.8263640603140059,33852.0,0.7318695941450433,0.935374149659864,0.8212019410227697,1176.0,,,,,,,,
mlp,temporal,123,top20,,False,0.9769536100036113,0.9350106983596022,0.9466590828023022,0.898736957715541,2.8279743219931563e-05,0.9996261657474723,0.9971677898577848,36.68966770172119,1.6689300537109375e-06,53921373037.71429,210009,89991,20,9.0,mlp_temporal_top20_seed123.json,0.8647168150249438,0.99997172025678,0.9274389204359172,35361.0,0.9758291174817313,0.9994242947610823,0.987485779294653,10422.0,1.0,1.0,1.0,85.0,0.9944674965421854,1.0,0.9972260748959778,719.0,1.0,0.9946018893387314,0.9972936400541272,1482.0,1.0,0.9517738359201774,0.9752911104799773,5412.0,0.9959704499664204,1.0,0.9979811574697174,1483.0,1.0,0.8367847330950341,0.9111407755279284,33851.0,0.9983007646559049,0.9991496598639455,0.9987250318742031,1176.0,,,,,,,,
mlp,temporal,2026,top20,,False,0.9707749374036939,0.9193054914599863,0.9324994145656077,0.8746705227705374,0.002007861768615141,0.9993097256362616,0.9980381453533995,147.09036135673523,2.6226043701171875e-06,34314363624.727272,210007,89993,20,9.0,mlp_temporal_top20_seed2026.json,0.8375062296793792,0.9979921382313849,0.9107331802111022,35361.0,0.9758336455601349,0.9996161965073882,0.987581761304389,10422.0,1.0,1.0,1.0,85.0,0.995774647887324,0.9833101529902643,0.9895031490552834,719.0,0.9979367262723521,0.9790823211875843,0.9884196185286104,1482.0,1.0,0.9532520325203252,0.9760665972944849,5412.0,1.0,0.9966307277628033,0.9983125210934863,1484.0,0.9973450348464177,0.7989779038166135,0.887208672975677,33852.0,1.0,0.9982993197278912,0.9991489361702127,1176.0,,,,,,,,
mlp,temporal,3141,top20,,False,0.9758113778204953,0.9283098362102219,0.9398969662278192,0.8866739886509244,0.00011311897287972625,0.9989035013941212,0.9957763746121002,62.23025560379028,1.430511474609375e-06,62908268544.0,210009,89991,20,9.0,mlp_temporal_top20_seed3141.json,0.8509916241455666,0.9998868810271203,0.9194502593974697,35361.0,0.9824229824229824,0.9975052772980234,0.9899066844410589,10422.0,1.0,1.0,1.0,85.0,0.9944598337950139,1.0,0.9972222222222222,718.0,1.0,0.9959514170040485,0.9979716024340771,1482.0,1.0,0.9652559600813159,0.9823208576264811,5411.0,0.9946380697050938,1.0,0.9973118279569892,1484.0,1.0,0.8178837291740517,0.8998196265782674,33852.0,0.9982993197278912,0.9982993197278912,0.9982993197278912,1176.0,,,,,,,,
mlp,temporal,42,top20,,False,0.98300515047956,0.9513174527661555,0.9601933709543884,0.9234514570215259,2.8279743219931563e-05,0.9994110369148897,0.9989330381123105,91.4866406917572,9.5367431640625e-07,94364499968.0,210007,89993,20,9.0,mlp_temporal_top20_seed42.json,0.8942390369733448,0.99997172025678,0.9441544397420664,35361.0,0.9840340103920643,0.9994242947610823,0.991669443518827,10422.0,1.0,1.0,1.0,85.0,0.9986111111111111,1.0,0.9993050729673384,719.0,0.9986504723346828,0.9979770734996628,0.9983136593591906,1483.0,1.0,0.9689578713968958,0.9842342342342343,5412.0,0.9973045822102425,0.9979770734996628,0.9976407145264578,1483.0,1.0,0.8766690298948363,0.9342819814572872,33852.0,0.9982964224872232,0.9965986394557823,0.9974468085106383,1176.0,,,,,,,,
mlp,temporal,4242,top20,,False,0.9755674130997912,0.9291820828900639,0.9411741906727518,0.8889499020738382,0.00011311897287972625,0.9993875151101348,0.9979996174395962,39.483527421951294,1.1920928955078125e-06,75492438835.2,210006,89994,20,9.0,mlp_temporal_top20_seed4242.json,0.853539011201236,0.9998868810271203,0.9209350784658462,35361.0,0.9776672609552407,0.9997121473805411,0.9885668200578775,10422.0,1.0,1.0,1.0,85.0,0.9958448753462604,1.0,0.9979181124219292,719.0,0.9979729729729729,0.9959541469993257,0.9969625379682754,1483.0,1.0,0.9562084257206208,0.9776140549730802,5412.0,0.9979757085020243,0.9973027646662171,0.9976391231028667,1483.0,1.0,0.8210740872031195,0.9017470436517592,33852.0,1.0,0.9974511469838573,0.9987239472564866,1177.0,,,,,,,,
mlp,temporal,456,top20,,False,0.970005380412539,0.9125204799726881,0.9269600573555553,0.8638793292816871,2.8279743219931563e-05,0.99948173977288,0.9989389429878135,118.03930306434631,3.0994415283203125e-06,29033940204.307693,210011,89989,20,9.0,mlp_temporal_top20_seed456.json,0.8262454434993924,0.99997172025678,0.9048453753342631,35361.0,0.9698239731768651,0.9991364421416234,0.9842620161633348,10422.0,1.0,1.0,1.0,84.0,0.9986091794158554,1.0,0.9993041057759221,718.0,1.0,0.9973027646662171,0.9986495611073599,1483.0,1.0,0.9403067824801331,0.9692351652538337,5411.0,0.9986513823331086,0.9986513823331086,0.9986513823331086,1483.0,1.0,0.7806268647898141,0.8768000530891233,33851.0,0.9974533106960951,0.9991496598639455,0.9983007646559049,1176.0,,,,,,,,
mlp,temporal,5555,top20,,False,0.9816179478638526,0.946755348044368,0.956388851745019,0.9164561596192569,5.6559486439863127e-05,0.999428791038532,0.9988767376270411,84.19281101226807,1.1920928955078125e-06,75489922252.8,210009,89991,20,9.0,mlp_temporal_top20_seed5555.json,0.8856799338727049,0.9999434405135601,0.9393496626109133,35361.0,0.9817958875683833,0.9987526386490118,0.9902016742770168,10422.0,1.0,1.0,1.0,84.0,0.9986111111111111,1.0,0.9993050729673384,719.0,0.9993247805536799,0.9986504723346828,0.9989875126560918,1482.0,1.0,0.9639622990205138,0.981650512844641,5411.0,0.9966375252185609,0.9993256911665542,0.997979797979798,1483.0,1.0,0.8655618574973414,0.9279369151109211,33852.0,0.9991503823279524,0.9991503823279524,0.9991503823279524,1177.0,,,,,,,,
mlp,temporal,6789,top20,,False,0.9755902521088677,0.9248780072076423,0.9365504219265546,0.8806721458512566,0.0,0.9994690983871615,0.9985227288558158,64.90011024475098,5.245208740234375e-06,17156991162.181818,210008,89992,20,9.0,mlp_temporal_top20_seed6789.json,0.8443409742120344,1.0,0.9156018176874976,35361.0,0.9843986384266263,0.9989445403953175,0.9916182493570816,10422.0,1.0,1.0,1.0,84.0,0.9972260748959778,1.0,0.9986111111111111,719.0,1.0,0.9966284558327714,0.9983113812901047,1483.0,1.0,0.9695121951219512,0.9845201238390093,5412.0,0.9993261455525606,1.0,0.9996629592180654,1483.0,1.0,0.8078047915866592,0.893685861821034,33851.0,0.9983007646559049,0.9983007646559049,0.9983007646559049,1177.0,,,,,,,,
mlp,temporal,789,top20,,False,0.977829796128155,0.9356232374455274,0.9469037636740398,0.8991781223115081,2.8279743219931563e-05,0.999369928250337,0.9977487107582381,40.00155472755432,1.6689300537109375e-06,53921972224.0,210008,89992,20,9.0,mlp_temporal_top20_seed789.json,0.8652246256239601,0.99997172025678,0.9277309160555695,35361.0,0.9781179564237416,0.9993283438879293,0.988609397247271,10422.0,1.0,1.0,1.0,85.0,0.9972222222222222,1.0,0.9986091794158554,718.0,0.9986504723346828,0.9979770734996628,0.9983136593591906,1483.0,1.0,0.9565779748706578,0.9778071583718954,5412.0,0.997979797979798,0.9993256911665542,0.9986522911051213,1483.0,1.0,0.8375528049392927,0.9115959037345466,33851.0,1.0,0.9983007646559049,0.9991496598639455,1177.0,,,,,,,,
mlp,temporal,1011,top20_stable,,False,0.9752179379366029,0.9259866540181811,0.9378712317847318,0.8830108550403631,0.0,0.9993290058533089,0.99866610552432,54.66879487037659,3.5762786865234375e-06,25163027797.333332,210010,89990,20,9.0,mlp_temporal_top20_stable_seed1011.json,0.846929488407741,1.0,0.9171216267036686,35361.0,0.9822725129655823,0.9995202456342352,0.9908213249631427,10422.0,1.0,1.0,1.0,84.0,0.9986091794158554,1.0,0.9993041057759221,718.0,0.9966284558327714,0.9973009446693657,0.996964586846543,1482.0,1.0,0.9647080561714708,0.9820370544531176,5412.0,0.9952956989247311,0.9986513823331086,0.9969707169303265,1483.0,1.0,0.8113848517074324,0.8958724049642036,33852.0,1.0,0.9957482993197279,0.9978696207925011,1176.0,,,,,,,,
mlp,temporal,123,top20_stable,,False,0.9705921542680505,0.9120239664073311,0.9255700982368501,0.8614680578436756,2.8279743219931563e-05,0.9993147130722083,0.9975087038692911,72.87105345726013,2.86102294921875e-06,31454134272.0,210009,89991,20,9.0,mlp_temporal_top20_stable_seed123.json,0.8237048080506896,0.99997172025678,0.9033197511783264,35361.0,0.9785553047404063,0.998272884283247,0.9883157594756341,10422.0,1.0,1.0,1.0,85.0,0.9944674965421854,1.0,0.9972260748959778,719.0,1.0,0.9946018893387314,0.9972936400541272,1482.0,1.0,0.9573170731707317,0.9781931464174455,5412.0,0.994634473507713,1.0,0.9973100201748487,1483.0,1.0,0.7770228353667543,0.8745220600458823,33851.0,1.0,0.9982993197278912,0.9991489361702127,1176.0,,,,,,,,
mlp,temporal,2026,top20_stable,,False,0.9759684494091877,0.926783098481805,0.9383495758800611,0.8838592766144384,0.0,0.9994268924724395,0.998834389006388,63.9646372795105,2.6226043701171875e-06,34314363624.727272,210007,89993,20,9.0,mlp_temporal_top20_stable_seed2026.json,0.847863616745792,1.0,0.9176690412238702,35361.0,0.9833695549466125,0.9985607369027059,0.9909069269221614,10422.0,1.0,1.0,1.0,85.0,0.9986111111111111,1.0,0.9993050729673384,719.0,0.9986495611073599,0.9979757085020243,0.9983125210934863,1482.0,1.0,0.9672949002217295,0.9833755987602142,5412.0,1.0,0.9959568733153639,0.9979743416610398,1484.0,1.0,0.8132754342431762,0.8970236058843654,33852.0,1.0,0.9982993197278912,0.9991489361702127,1176.0,,,,,,,,
mlp,temporal,3141,top20_stable,,False,0.9762549829675002,0.9298650516120923,0.9414431871027747,0.8893648178656416,0.0,0.9993041216442313,0.9974706988810786,97.78266716003418,3.337860107421875e-06,26960686518.857143,210009,89991,20,9.0,mlp_temporal_top20_stable_seed3141.json,0.8540272913899287,1.0,0.9212672276789203,35361.0,0.9814343605692206,0.9992323930147764,0.9902534113060428,10422.0,1.0,1.0,1.0,85.0,0.9958391123439667,1.0,0.9979152189020153,718.0,1.0,0.9946018893387314,0.9972936400541272,1482.0,1.0,0.9632230641286269,0.9812670620352066,5411.0,0.9966420416386836,1.0,0.9983181971072991,1484.0,1.0,0.8216648942455395,0.9021032318744223,33852.0,0.996607294317218,0.9991496598639455,0.9978768577494692,1176.0,,,,,,,,
mlp,temporal,42,top20_stable,,False,0.9734152011318754,0.9353301466766888,0.9478802584322674,0.9009737882559672,8.483922965979469e-05,0.9994585858179824,0.9986982192686633,78.83225893974304,3.5762786865234375e-06,25163866658.133335,210007,89993,20,9.0,mlp_temporal_top20_stable_seed42.json,0.8672978806907379,0.9999151607703402,0.9288970037699169,35361.0,0.9666635627153366,0.9960660142007293,0.9811445583857096,10422.0,0.9550561797752809,1.0,0.9770114942528736,85.0,0.9986111111111111,1.0,0.9993050729673384,719.0,0.9993243243243243,0.9973027646662171,0.9983125210934863,1483.0,1.0,0.934220251293422,0.9659915934275889,5412.0,0.9993243243243243,0.9973027646662171,0.9983125210934863,1483.0,0.9999648950361582,0.8414569301666076,0.9138887997690013,33852.0,0.9982978723404256,0.9974489795918368,0.9978732454274777,1176.0,,,,,,,,
mlp,temporal,4242,top20_stable,,False,0.9845086868898422,0.9573984139144842,0.9656765301679257,0.9336481613676716,2.8279743219931563e-05,0.9993457307469955,0.9985171224573883,89.98876094818115,1.1920928955078125e-06,75492438835.2,210006,89994,20,9.0,mlp_temporal_top20_stable_seed4242.json,0.9070155187892779,0.99997172025678,0.9512280418583381,35361.0,0.9826496935407827,0.999904049126847,0.9912017881771056,10422.0,1.0,1.0,1.0,85.0,0.9958448753462604,1.0,0.9979181124219292,719.0,0.9993238674780257,0.9966284558327714,0.9979743416610398,1483.0,1.0,0.9660014781966001,0.9827067669172932,5412.0,0.997979797979798,0.9993256911665542,0.9986522911051213,1483.0,1.0,0.8929457639135059,0.9434456928838951,33852.0,0.9974511469838573,0.9974511469838573,0.9974511469838573,1177.0,,,,,,,,
mlp,temporal,456,top20_stable,,False,0.9775227527992,0.9336615061298807,0.9448972496909765,0.8955663762173245,2.8279743219931563e-05,0.999399340242437,0.9988709206051928,69.41191005706787,1.1205673217773438e-05,8030664311.829787,210011,89989,20,9.0,mlp_temporal_top20_stable_seed456.json,0.8610739072202606,0.99997172025678,0.9253395441341952,35361.0,0.9803331137668204,0.9996161965073882,0.9898807544301392,10422.0,1.0,1.0,1.0,84.0,0.9972222222222222,1.0,0.9986091794158554,718.0,0.9993243243243243,0.9973027646662171,0.9983125210934863,1483.0,1.0,0.9611901681759379,0.9802110817941952,5411.0,0.9979757085020243,0.9973027646662171,0.9976391231028667,1483.0,1.0,0.8317331836577945,0.9081379221365674,33851.0,1.0,0.9991496598639455,0.9995746490854955,1176.0,,,,,,,,
mlp,temporal,5555,top20_stable,,False,0.9688255269295232,0.9078528736691438,0.9226142347210444,0.8563609738239063,2.8279743219931563e-05,0.9995366665015197,0.9992577653926562,53.45499563217163,3.337860107421875e-06,26960686518.857143,210009,89991,20,9.0,mlp_temporal_top20_stable_seed5555.json,0.8183859096905594,0.99997172025678,0.900112004887486,35361.0,0.9705471152949948,0.9991364421416234,0.9846342962507683,10422.0,1.0,1.0,1.0,84.0,0.9986111111111111,1.0,0.9993050729673384,719.0,0.9993243243243243,0.9979757085020243,0.9986495611073599,1482.0,1.0,0.9412308260949916,0.9697258187357197,5411.0,0.9973082099596231,0.9993256911665542,0.9983159312899966,1483.0,1.0,0.7685218007798653,0.8691120465023051,33852.0,1.0,0.9991503823279524,0.9995750106247344,1177.0,,,,,,,,
mlp,temporal,6789,top20_stable,,False,0.9571194850484103,0.8688531403505403,0.8852295103710732,0.7940912668631364,0.0,0.9989199685528085,0.99733842017436,69.44312262535095,4.0531158447265625e-06,22203165033.411766,210008,89992,20,9.0,mlp_temporal_top20_stable_seed6789.json,0.758656940570693,1.0,0.8627685400934477,35361.0,0.9806081144686059,0.9995202456342352,0.9899738655262532,10422.0,1.0,1.0,1.0,84.0,0.9971509971509972,0.9735744089012517,0.9852216748768473,719.0,1.0,0.9959541469993257,0.9979729729729729,1483.0,1.0,0.9626755358462675,0.9809828657503296,5412.0,1.0,0.9966284558327714,0.9983113812901047,1483.0,1.0,0.6686065404271662,0.8013950853338999,33851.0,0.9982978723404256,0.9966015293118097,0.9974489795918368,1177.0,,,,,,,,
mlp,temporal,789,top20_stable,,False,0.9791521872535844,0.9377084092533934,0.9481810918262242,0.9014845051344474,2.8279743219931563e-05,0.9994341189145515,0.9989255919196085,70.92947721481323,9.5367431640625e-07,94363451392.0,210008,89992,20,9.0,mlp_temporal_top20_stable_seed789.json,0.8679004467134652,0.99997172025678,0.929266914576298,35361.0,0.9835600907029478,0.9988485895221646,0.9911453870322765,10422.0,1.0,1.0,1.0,85.0,0.9972222222222222,1.0,0.9986091794158554,718.0,0.9986513823331086,0.9986513823331086,0.9986513823331086,1483.0,1.0,0.967479674796748,0.9834710743801653,5412.0,0.997979797979798,0.9993256911665542,0.9986522911051213,1483.0,1.0,0.8413636229358069,0.9138484245652313,33851.0,0.9991496598639455,0.9983007646559049,0.9987250318742031,1177.0,,,,,,,,
mlp,temporal,1011,top50,,False,0.9804615825725259,0.9451450385102638,0.9552886730030025,0.914404437203683,0.0,0.9995928758507642,0.9974566851137722,47.06201362609863,1.430511474609375e-06,62907569493.333336,210010,89990,50,9.0,mlp_temporal_top50_seed1011.json,0.8832080325698729,1.0,0.937982439852516,35361.0,0.9795035727717187,0.9996161965073882,0.9894576882894862,10422.0,1.0,1.0,1.0,84.0,0.9986091794158554,1.0,0.9993041057759221,718.0,0.9966307277628033,0.9979757085020243,0.9973027646662171,1482.0,1.0,0.9591648189209164,0.9791568424030934,5412.0,0.9959677419354839,0.9993256911665542,0.9976438909458095,1483.0,1.0,0.8619579345385797,0.9258618774888547,33852.0,0.9991467576791809,0.9957482993197279,0.9974446337308348,1176.0,,,,,,,,
mlp,temporal,123,top50,,False,0.9768792437905921,0.9355231084341825,0.9473694351583348,0.9000183049606444,2.8279743219931563e-05,0.9995849205010985,0.9977967071237244,32.72663474082947,1.430511474609375e-06,62908268544.0,210009,89991,50,9.0,mlp_temporal_top50_seed123.json,0.8661995982558425,0.99997172025678,0.9282910885630653,35361.0,0.9736374684490979,0.9993283438879293,0.9863156399450732,10422.0,1.0,1.0,1.0,85.0,0.9958448753462604,1.0,0.9979181124219292,719.0,1.0,0.9959514170040485,0.9979716024340771,1482.0,0.9998050302203159,0.9475240206947524,0.9729627170097713,5412.0,0.9939678284182306,1.0,0.9969747899159664,1483.0,1.0,0.8387935363800183,0.9123303076552334,33851.0,1.0,0.9982993197278912,0.9991489361702127,1176.0,,,,,,,,
mlp,temporal,2026,top50,,False,0.9768979037756294,0.9322796292201798,0.9438499830844328,0.8936703763362132,0.0,0.9994856327097731,0.998731580668408,58.95141839981079,1.430511474609375e-06,62909666645.333336,210007,89993,50,9.0,mlp_temporal_top50_seed2026.json,0.8589021131892155,1.0,0.9240961179130026,35361.0,0.978847419385165,0.9990404912684705,0.9888408756351204,10422.0,1.0,1.0,1.0,85.0,0.9986111111111111,1.0,0.9993050729673384,719.0,0.9979757085020243,0.9979757085020243,0.9979757085020243,1482.0,1.0,0.9582409460458241,0.9786752217399509,5412.0,0.9993256911665542,0.9986522911051213,0.9989888776541962,1484.0,1.0,0.8286954980503367,0.9063242064453598,33852.0,0.9974511469838573,0.9982993197278912,0.9978750531236719,1176.0,,,,,,,,
mlp,temporal,3141,top50,,False,0.9774226183634198,0.9363367070196166,0.9479258945422332,0.9010067728354384,0.0,0.9995957491576046,0.9979017220278027,47.68335676193237,9.5367431640625e-07,94362402816.0,210009,89991,50,9.0,mlp_temporal_top50_seed3141.json,0.8673501925482597,1.0,0.9289636148693025,35361.0,0.9750116986429574,0.9996161965073882,0.9871606576017435,10422.0,1.0,1.0,1.0,85.0,0.9958391123439667,1.0,0.9979152189020153,718.0,0.999322951929587,0.9959514170040485,0.9976343359242987,1482.0,1.0,0.9502864535206061,0.9745096181180707,5411.0,0.9973118279569892,1.0,0.9986541049798116,1484.0,1.0,0.8403343967860097,0.9132409830013323,33852.0,0.9983007646559049,0.9991496598639455,0.9987250318742031,1176.0,,,,,,,,
mlp,temporal,42,top50,,False,0.9774111006990744,0.9344205317258302,0.9457657535964802,0.8971115829550447,0.0,0.9995971585350978,0.9993604408664597,34.70796728134155,3.5762786865234375e-06,25163866658.133335,210007,89993,50,9.0,mlp_temporal_top50_seed42.json,0.8628422234151579,1.0,0.9263717695139043,35361.0,0.9787593984962406,0.9992323930147764,0.9888899439749311,10422.0,1.0,1.0,1.0,85.0,0.9972260748959778,1.0,0.9986111111111111,719.0,0.9986504723346828,0.9979770734996628,0.9983136593591906,1483.0,1.0,0.9582409460458241,0.9786752217399509,5412.0,0.9986504723346828,0.9979770734996628,0.9983136593591906,1483.0,1.0,0.8342786246012053,0.9096531065803459,33852.0,0.9991474850809889,0.9965986394557823,0.9978714346530438,1176.0,,,,,,,,
mlp,temporal,4242,top50,,False,0.9759073681396662,0.932440298561023,0.9445276202803079,0.8949352955173613,8.483922965979469e-05,0.9994953680284715,0.9987861938992929,65.94277381896973,9.5367431640625e-07,94365548544.0,210006,89994,50,9.0,mlp_temporal_top50_seed4242.json,0.8603338361964086,0.9999151607703402,0.9248878483893328,35361.0,0.9744668911335578,0.9997121473805411,0.9869281045751634,10422.0,1.0,1.0,1.0,85.0,0.9972260748959778,1.0,0.9986111111111111,719.0,0.9966261808367072,0.9959541469993257,0.9962900505902192,1483.0,1.0,0.9495565410199557,0.9741256752914416,5412.0,0.9993243243243243,0.9973027646662171,0.9983125210934863,1483.0,1.0,0.8304974595297175,0.9074008327147145,33852.0,0.9940828402366864,0.9991503823279524,0.9966101694915255,1177.0,,,,,,,,
mlp,temporal,456,top50,,False,0.9773252080530523,0.9376345004895731,0.9489986340637565,0.9029801566961998,5.6559486439863127e-05,0.9995789093297773,0.999417583129179,50.63999104499817,1.1920928955078125e-06,75488244531.2,210011,89989,50,9.0,mlp_temporal_top50_seed456.json,0.8696475565065546,0.9999434405135601,0.9302551960010523,35361.0,0.9754589733982765,0.9992323930147764,0.9872025784434544,10422.0,0.9882352941176471,1.0,0.9940828402366864,84.0,0.9986091794158554,1.0,0.9993041057759221,718.0,0.9986495611073599,0.9973027646662171,0.9979757085020243,1483.0,1.0,0.95176492330438,0.9752864312091658,5411.0,0.9979784366576819,0.9986513823331086,0.9983147960903269,1483.0,1.0,0.843667838468583,0.915205896490947,33851.0,0.9982993197278912,0.9982993197278912,0.9982993197278912,1176.0,,,,,,,,
mlp,temporal,5555,top50,,False,0.9773994564343071,0.9354945978850031,0.9471462848222632,0.899615595826469,2.8279743219931563e-05,0.9994980283167284,0.9992717051569395,39.252461671829224,7.152557373046875e-07,125816537088.0,210009,89991,50,9.0,mlp_temporal_top50_seed5555.json,0.8657330330036236,0.99997172025678,0.9280230955974017,35361.0,0.9750163750350893,0.9998080982536941,0.987256620398882,10422.0,1.0,1.0,1.0,84.0,0.9986111111111111,1.0,0.9993050729673384,719.0,1.0,0.9973009446693657,0.9986486486486487,1482.0,1.0,0.9502864535206061,0.9745096181180707,5411.0,0.997979797979798,0.9993256911665542,0.9986522911051213,1483.0,1.0,0.8380597896726929,0.9118961139146926,33852.0,0.9966130397967824,1.0,0.998303647158609,1177.0,,,,,,,,
mlp,temporal,6789,top50,,False,0.9782421932808467,0.9375725792907235,0.948757913371433,0.9025278687924438,2.8279743219931563e-05,0.9995760468322401,0.9986164434959056,37.33891534805298,5.9604644775390625e-06,15098152222.72,210008,89992,50,9.0,mlp_temporal_top50_seed6789.json,0.8691163819589529,0.99997172025678,0.9299634431791284,35361.0,0.9771171340148176,0.9997121473805411,0.9882855110267963,10422.0,1.0,1.0,1.0,84.0,0.9972260748959778,1.0,0.9986111111111111,719.0,0.9986495611073599,0.9973027646662171,0.9979757085020243,1483.0,1.0,0.95509977827051,0.9770343067762971,5412.0,0.9986531986531987,1.0,0.9993261455525606,1483.0,1.0,0.8427816017252076,0.9146841936518115,33851.0,0.9991489361702127,0.9974511469838573,0.9982993197278912,1177.0,,,,,,,,
mlp,temporal,789,top50,,False,0.9817508849590934,0.9486780135176599,0.9583984747378456,0.92013691859933,2.8279743219931563e-05,0.9995941430869304,0.9983694433240695,46.85571002960205,1.6689300537109375e-06,53921972224.0,210008,89992,50,9.0,mlp_temporal_top50_seed789.json,0.890164388389598,0.99997172025678,0.9418784294923019,35361.0,0.9790472611105892,0.9998080982536941,0.9893187752195585,10422.0,1.0,1.0,1.0,85.0,0.9972222222222222,1.0,0.9986091794158554,718.0,1.0,0.9979770734996628,0.9989875126560918,1483.0,1.0,0.9584257206208425,0.9787715822247381,5412.0,0.9973082099596231,0.9993256911665542,0.9983159312899966,1483.0,1.0,0.8711707187379989,0.9311504396836172,33851.0,0.99830220713073,0.9991503823279524,0.9987261146496815,1177.0,,,,,,,,
,,1011,full,,,,,,,,,,9783.561844110489,,,215675,84325,89,,openset_ftt_msp_full_seed1011.json,,,,,,,,,,,,,,,,,,,,,,,,,,,,,,,,,,,,,0.2187975474491619,0.36938711202142743,0.0014082834212803502,1.0,0.007617533206939697,ftt,msp,0.16567857444472595
,,123,full,,,,,,,,,,9850.363363027573,,,215675,84325,89,,openset_ftt_msp_full_seed123.json,,,,,,,,,,,,,,,,,,,,,,,,,,,,,,,,,,,,,0.203373276494464,0.29604537576807943,0.025773283336444,1.0,0.006010400131344795,ftt,msp,0.16666376402700617
,,42,full,,,,,,,,,,9854.547321557999,,,215675,84325,89,,openset_ftt_msp_full_seed42.json,,,,,,,,,,,,,,,,,,,,,,,,,,,,,,,,,,,,,0.2039154173356135,0.2948243264534426,0.021667203963554305,1.0,0.006223917007446289,ftt,msp,0.16666666666666666
,,456,full,,,,,,,,,,9787.82631111145,,,215675,84325,89,,openset_ftt_msp_full_seed456.json,,,,,,,,,,,,,,,,,,,,,,,,,,,,,,,,,,,,,0.21875381987083645,0.39290215850007876,0.023279094626465546,1.0,0.006487226113677025,ftt,msp,0.1666623238631264
,,789,full,,,,,,,,,,9801.693316698074,,,215675,84325,89,,openset_ftt_msp_full_seed789.json,,,,,,,,,,,,,,,,,,,,,,,,,,,,,,,,,,,,,0.2625534187569415,0.7649677012761935,0.017883502723246857,0.9999654475407287,0.007622361183166504,ftt,msp,0.1666637872453152
,,1011,full,,,,,,,,,,9875.439623594284,,,215675,84325,89,,openset_ftt_none_full_seed1011.json,,,,,,,,,,,,,,,,,,,,,,,,,,,,,,,,,,,,,0.14197057959073542,0.0,0.0,0.9998812291090486,inf,ftt,none,0.16563234285585798
,,123,full,,,,,,,,,,9763.387572288513,,,215675,84325,89,,openset_ftt_none_full_seed123.json,,,,,,,,,,,,,,,,,,,,,,,,,,,,,,,,,,,,,0.13896516556525634,0.0,0.0,0.9999151636493204,inf,ftt,none,0.16212602649279909
,,42,full,,,,,,,,,,9768.355801343918,,,215675,84325,89,,openset_ftt_none_full_seed42.json,,,,,,,,,,,,,,,,,,,,,,,,,,,,,,,,,,,,,0.14180564344785934,0.0,0.0,0.9999490981895923,inf,ftt,none,0.1654399173558359
,,456,full,,,,,,,,,,9818.72760939598,,,215675,84325,89,,openset_ftt_none_full_seed456.json,,,,,,,,,,,,,,,,,,,,,,,,,,,,,,,,,,,,,0.1425354579052263,0.0,0.0,0.9998981963791845,inf,ftt,none,0.16629136755609733
,,789,full,,,,,,,,,,9895.258791685104,,,215675,84325,89,,openset_ftt_none_full_seed789.json,,,,,,,,,,,,,,,,,,,,,,,,,,,,,,,,,,,,,0.1428292635623678,0.0,0.0,0.9996436873271459,inf,ftt,none,0.16663414082276243
,,1011,full,,,,,,,,,,31.74275517463684,,,215675,84325,89,,openset_lightgbm_energy_full_seed1011.json,,,,,,,,,,,,,,,,,,,,,,,,,,,,,,,,,,,,,0.19674838311662923,0.3303135339530487,0.09404957836333712,1.0,3.5970177557319963e-06,lightgbm,energy,0.16666666666666666
,,123,full,,,,,,,,,,18.49403977394104,,,215675,84325,89,,openset_lightgbm_energy_full_seed123.json,,,,,,,,,,,,,,,,,,,,,,,,,,,,,,,,,,,,,0.19945564338606983,0.30360800378131403,0.054736413458438674,0.9998205022347472,0.0009091385603795164,lightgbm,energy,0.16665021137569225
,,2026,full,,,,,,,,,,21.56983971595764,,,215675,84325,89,,openset_lightgbm_energy_full_seed2026.json,,,,,,,,,,,,,,,,,,,,,,,,,,,,,,,,,,,,,0.1979009109311572,0.3186150937450764,0.07713321003783702,1.0,1.4817555718555781e-05,lightgbm,energy,0.16665594254321056
,,3141,full,,,,,,,,,,67.95797181129456,,,215675,84325,89,,openset_lightgbm_energy_full_seed3141.json,,,,,,,,,,,,,,,,,,,,,,,,,,,,,,,,,,,,,0.2006042693198846,0.3131006774854262,0.055890187827680404,0.999964056574951,0.0005830004516881671,lightgbm,energy,0.1664856422178936
,,42,full,,,,,,,,,,23.82652974128723,,,215675,84325,89,,openset_lightgbm_energy_full_seed42.json,,,,,,,,,,,,,,,,,,,,,,,,,,,,,,,,,,,,,0.19735931709552088,0.2972664250827162,0.06109913975940411,0.999801214399306,0.0018510904842598903,lightgbm,energy,0.16665009955329038
,,4242,full,,,,,,,,,,53.57622051239014,,,215675,84325,89,,openset_lightgbm_energy_full_seed4242.json,,,,,,,,,,,,,,,,,,,,,,,,,,,,,,,,,,,,,0.2061706290721633,0.36024893650543566,0.06496767735039109,0.9999274152573129,0.0005333248959179443,lightgbm,energy,0.16665910555016197
,,456,full,,,,,,,,,,35.99935603141785,,,215675,84325,89,,openset_lightgbm_energy_full_seed456.json,,,,,,,,,,,,,,,,,,,,,,,,,,,,,,,,,,,,,0.19721142176713433,0.3175122104931464,0.08023822047270815,0.9999815525383707,3.513438302485784e-05,lightgbm,energy,0.1666651293640179
,,5555,full,,,,,,,,,,42.24043130874634,,,215675,84325,89,,openset_lightgbm_energy_full_seed5555.json,,,,,,,,,,,,,,,,,,,,,,,,,,,,,,,,,,,,,0.2017882648496291,0.3328344099574602,0.06705465157710776,1.0,7.543335171785724e-05,lightgbm,energy,0.16666666666666666
,,6789,full,,,,,,,,,,38.507692098617554,,,215675,84325,89,,openset_lightgbm_energy_full_seed6789.json,,,,,,,,,,,,,,,,,,,,,,,,,,,,,,,,,,,,,0.19866162291919912,0.32708366157239643,0.08010248231162088,1.0,2.7163832830143313e-05,lightgbm,energy,0.16666666666666666
,,789,full,,,,,,,,,,29.328584671020508,,,215675,84325,89,,openset_lightgbm_energy_full_seed789.json,,,,,,,,,,,,,,,,,,,,,,,,,,,,,,,,,,,,,0.20466713563680974,0.34016070584528124,0.05694215857610669,0.9998200824022597,0.0010855993919484082,lightgbm,energy,0.16665167218463606
,,1011,full,,,,,,,,,,68.2548234462738,,,215675,84325,89,,openset_lightgbm_mahalanobis_full_seed1011.json,,,,,,,,,,,,,,,,,,,,,,,,,,,,,,,,,,,,,0.13454750699791201,0.03466204506065858,0.18166856134516518,1.0,0.0005609621511211612,lightgbm,mahalanobis,0.16546249219516546
,,123,full,,,,,,,,,,32.94184684753418,,,215675,84325,89,,openset_lightgbm_mahalanobis_full_seed123.json,,,,,,,,,,,,,,,,,,,,,,,,,,,,,,,,,,,,,0.16850902256476993,0.22593351189538366,0.1763408385224901,0.9998764007910349,0.00040670954045927325,lightgbm,mahalanobis,0.16665636609601506
,,2026,full,,,,,,,,,,40.831467628479004,,,215675,84325,89,,openset_lightgbm_mahalanobis_full_seed2026.json,,,,,,,,,,,,,,,,,,,,,,,,,,,,,,,,,,,,,0.16788928053369118,0.22904521821332913,0.17983609617048713,1.0,0.00044381805574927126,lightgbm,mahalanobis,0.16580740984663725
,,3141,full,,,,,,,,,,25.845038652420044,,,215675,84325,89,,openset_lightgbm_mahalanobis_full_seed3141.json,,,,,,,,,,,,,,,,,,,,,,,,,,,,,,,,,,,,,0.1879235951100115,0.29297305813770286,0.11422366255493153,0.9999616894933435,0.000778144489359244,lightgbm,mahalanobis,0.16666347406329016
,,42,full,,,,,,,,,,62.02149057388306,,,215675,84325,89,,openset_lightgbm_mahalanobis_full_seed42.json,,,,,,,,,,,,,,,,,,,,,,,,,,,,,,,,,,,,,0.1814997415942587,0.3103434693556011,0.17055499940614555,0.9999181753093996,0.0009958429137270908,lightgbm,mahalanobis,0.16665984766346856
,,4242,full,,,,,,,,,,18.91582679748535,,,215675,84325,89,,openset_lightgbm_mahalanobis_full_seed4242.json,,,,,,,,,,,,,,,,,,,,,,,,,,,,,,,,,,,,,0.18202375551361147,0.30675909878682844,0.16407350221422876,1.0,0.0006020630638548985,lightgbm,mahalanobis,0.16666666666666666
,,456,full,,,,,,,,,,45.01281189918518,,,215675,84325,89,,openset_lightgbm_mahalanobis_full_seed456.json,,,,,,,,,,,,,,,,,,,,,,,,,,,,,,,,,,,,,0.19369625403091262,0.27776902473609577,0.06445865924631386,0.9999818636874751,0.0007319056422662569,lightgbm,mahalanobis,0.16666364394791253
,,5555,full,,,,,,,,,,53.88766598701477,,,215675,84325,89,,openset_lightgbm_mahalanobis_full_seed5555.json,,,,,,,,,,,,,,,,,,,,,,,,,,,,,,,,,,,,,0.1722545809648003,0.2314873168426028,0.15613281979062388,1.0,0.0007438704684737435,lightgbm,mahalanobis,0.16666666666666666
,,6789,full,,,,,,,,,,43.50298190116882,,,215675,84325,89,,openset_lightgbm_mahalanobis_full_seed6789.json,,,,,,,,,,,,,,,,,,,,,,,,,,,,,,,,,,,,,0.18801709250980067,0.27631164329604535,0.09754483601133414,1.0,0.0008080909656311471,lightgbm,mahalanobis,0.16660245386858616
,,789,full,,,,,,,,,,68.75692200660706,,,215675,84325,89,,openset_lightgbm_mahalanobis_full_seed789.json,,,,,,,,,,,,,,,,,,,,,,,,,,,,,,,,,,,,,0.19095059436313372,0.31156451867023793,0.1124251319205253,0.9999235342470991,0.0008869763408777005,lightgbm,mahalanobis,0.1666602942769568
,,1011,full,,,,,,,,,,29.291290760040283,,,215675,84325,89,,openset_lightgbm_msp_full_seed1011.json,,,,,,,,,,,,,,,,,,,,,,,,,,,,,,,,,,,,,0.19674838311662923,0.3303135339530487,0.09404957836333712,1.0,3.597011336320399e-06,lightgbm,msp,0.16666666666666666
,,123,full,,,,,,,,,,49.04395818710327,,,215675,84325,89,,openset_lightgbm_msp_full_seed123.json,,,,,,,,,,,,,,,,,,,,,,,,,,,,,,,,,,,,,0.19945564338606983,0.30360800378131403,0.054736413458438674,0.9998205022347472,0.0009087254191288974,lightgbm,msp,0.16665021137569225
,,2026,full,,,,,,,,,,21.721404552459717,,,215675,84325,89,,openset_lightgbm_msp_full_seed2026.json,,,,,,,,,,,,,,,,,,,,,,,,,,,,,,,,,,,,,0.1978562822574654,0.3182212068693871,0.07704837368715747,1.0,1.4817446976511661e-05,lightgbm,msp,0.16665594352889274
,,3141,full,,,,,,,,,,88.6532986164093,,,215675,84325,89,,openset_lightgbm_msp_full_seed3141.json,,,,,,,,,,,,,,,,,,,,,,,,,,,,,,,,,,,,,0.20094516010586214,0.3123916811091854,0.05339599911770195,0.9999103782039792,0.0009084191236810479,lightgbm,msp,0.1665025071633238
,,42,full,,,,,,,,,,91.98003339767456,,,71891,28109,89,,openset_lightgbm_msp_full_seed42.json,,,,,,,,,,,,,,,,,,,,,,,,,,,,,,,,,,,,,0.2147289952359762,0.5791090629800307,0.162883029624351,1.0,2.480964680251496e-06,lightgbm,msp,0.16666666666666666
,,4242,full,,,,,,,,,,115.94397473335266,,,215675,84325,89,,openset_lightgbm_msp_full_seed4242.json,,,,,,,,,,,,,,,,,,,,,,,,,,,,,,,,,,,,,0.20617369946315728,0.36024893650543566,0.06495071008025519,0.9999274165744252,0.0005331827034761316,lightgbm,msp,0.16665910568736864
,,456,full,,,,,,,,,,37.095969438552856,,,215675,84325,89,,openset_lightgbm_msp_full_seed456.json,,,,,,,,,,,,,,,,,,,,,,,,,,,,,,,,,,,,,0.19746744666809388,0.31786670868126676,0.07905051156319459,0.9999815763292679,4.0942480134797835e-05,lightgbm,msp,0.16666513134662922
,,5555,full,,,,,,,,,,29.319737911224365,,,215675,84325,89,,openset_lightgbm_msp_full_seed5555.json,,,,,,,,,,,,,,,,,,,,,,,,,,,,,,,,,,,,,0.20189962237564948,0.33362218370883884,0.06708858611737957,1.0,6.901506007528369e-05,lightgbm,msp,0.16666666666666666
,,6789,full,,,,,,,,,,32.81378126144409,,,215675,84325,89,,openset_lightgbm_msp_full_seed6789.json,,,,,,,,,,,,,,,,,,,,,,,,,,,,,,,,,,,,,0.19876711069313682,0.32637466519615566,0.07888083886183551,1.0,3.863850213781106e-05,lightgbm,msp,0.16666666666666666
,,789,full,,,,,,,,,,25.42191743850708,,,215675,84325,89,,openset_lightgbm_msp_full_seed789.json,,,,,,,,,,,,,,,,,,,,,,,,,,,,,,,,,,,,,0.204664085526989,0.34016070584528124,0.056959125846242596,0.9998200791651674,0.0010850103389430377,lightgbm,msp,0.1666516719148298
,,1011,full,,,,,,,,,,1358.0957570075989,,,215675,84325,89,,openset_lightgbm_none_full_seed1011.json,,,,,,,,,,,,,,,,,,,,,,,,,,,,,,,,,,,,,0.14133715611200356,0.0,0.0,0.9986935201995351,inf,lightgbm,none,0.1648933487973375
,,123,full,,,,,,,,,,1358.1179304122925,,,215675,84325,89,,openset_lightgbm_none_full_seed123.json,,,,,,,,,,,,,,,,,,,,,,,,,,,,,,,,,,,,,0.14152137765364606,0.0,0.0,0.9985917165787197,inf,lightgbm,none,0.16510827392925373
,,2026,full,,,,,,,,,,1414.3864154815674,,,215675,84325,89,,openset_lightgbm_none_full_seed2026.json,,,,,,,,,,,,,,,,,,,,,,,,,,,,,,,,,,,,,0.14129799423151015,0.0,0.0,0.9987104874696711,inf,lightgbm,none,0.16484765993676184
,,3141,full,,,,,,,,,,23.88229513168335,,,215675,84325,89,,openset_lightgbm_none_full_seed3141.json,,,,,,,,,,,,,,,,,,,,,,,,,,,,,,,,,,,,,0.1415836278837305,0.0,0.0,0.9997624582180973,inf,lightgbm,none,0.16518089919768555
,,42,full,,,,,,,,,,410.7211866378784,,,71891,28109,89,,openset_lightgbm_none_full_seed42.json,,,,,,,,,,,,,,,,,,,,,,,,,,,,,,,,,,,,,0.14121171315515646,0.0,0.0,0.9981675659167261,inf,lightgbm,none,0.16474699868101586
,,4242,full,,,,,,,,,,26.686771631240845,,,215675,84325,89,,openset_lightgbm_none_full_seed4242.json,,,,,,,,,,,,,,,,,,,,,,,,,,,,,,,,,,,,,0.14128150819318025,0.0,0.0,0.9987953238203505,inf,lightgbm,none,0.16482842622537697
,,456,full,,,,,,,,,,1354.5645062923431,,,215675,84325,89,,openset_lightgbm_none_full_seed456.json,,,,,,,,,,,,,,,,,,,,,,,,,,,,,,,,,,,,,0.1414055376937473,0.0,0.0,0.9999660654597282,inf,lightgbm,none,0.16497312730937186
,,5555,full,,,,,,,,,,69.82809019088745,,,215675,84325,89,,openset_lightgbm_none_full_seed5555.json,,,,,,,,,,,,,,,,,,,,,,,,,,,,,,,,,,,,,0.14132367657540262,0.0,0.0,0.9992025383036124,inf,lightgbm,none,0.16487762267130307
,,6789,full,,,,,,,,,,30.94655466079712,,,215675,84325,89,,openset_lightgbm_none_full_seed6789.json,,,,,,,,,,,,,,,,,,,,,,,,,,,,,,,,,,,,,0.140512718947121,0.0,0.0,0.9991346692230687,inf,lightgbm,none,0.16393150543830784
,,789,full,,,,,,,,,,1359.7291433811188,,,215675,84325,89,,openset_lightgbm_none_full_seed789.json,,,,,,,,,,,,,,,,,,,,,,,,,,,,,,,,,,,,,0.1413499195947431,0.0,0.0,0.9984899129579042,inf,lightgbm,none,0.16490823952720027
,,1011,full,,,,,,,,,,243.29466557502747,,,215675,84325,89,,openset_tabnet_msp_full_seed1011.json,,,,,,,,,,,,,,,,,,,,,,,,,,,,,,,,,,,,,0.2292093741258616,0.4997242791870175,0.04184128815514872,0.999964583591578,0.000565946102142334,tabnet,msp,0.16665781272134864
,,123,full,,,,,,,,,,138.6084463596344,,,215675,84325,89,,openset_tabnet_msp_full_seed123.json,,,,,,,,,,,,,,,,,,,,,,,,,,,,,,,,,,,,,0.18438874955955695,0.2322357019064125,0.07506320308125626,0.9997431805257462,0.002231307327747345,tabnet,msp,0.16657497233887777
,,42,full,,,,,,,,,,150.4171621799469,,,215675,84325,89,,openset_tabnet_msp_full_seed42.json,,,,,,,,,,,,,,,,,,,,,,,,,,,,,,,,,,,,,0.23592015784562692,0.6022136442413739,0.06561243361555559,0.9995460323224986,0.00193021260201931,tabnet,msp,0.16647160048025597
,,456,full,,,,,,,,,,191.20510840415955,,,215675,84325,89,,openset_tabnet_msp_full_seed456.json,,,,,,,,,,,,,,,,,,,,,,,,,,,,,,,,,,,,,0.1836307723596014,0.28576492831258865,0.1290869911939868,0.9999610356718425,0.0028188228607177734,tabnet,msp,0.16549942927895683
,,789,full,,,,,,,,,,242.05160641670227,,,215675,84325,89,,openset_tabnet_msp_full_seed789.json,,,,,,,,,,,,,,,,,,,,,,,,,,,,,,,,,,,,,0.20271507764776717,0.33051047739089334,0.059826594499211024,0.9999639060836296,0.00024050474166870117,tabnet,msp,0.16666365878601938
,,1011,full,,,,,,,,,,236.48103022575378,,,215675,84325,89,,openset_tabnet_none_full_seed1011.json,,,,,,,,,,,,,,,,,,,,,,,,,,,,,,,,,,,,,0.13442909041136514,0.0,0.0,0.9998472945687769,inf,tabnet,none,0.15683393881325933
,,123,full,,,,,,,,,,136.7142596244812,,,215675,84325,89,,openset_tabnet_none_full_seed123.json,,,,,,,,,,,,,,,,,,,,,,,,,,,,,,,,,,,,,0.1401185115068894,0.0,0.0,0.99962672005701,inf,tabnet,none,0.1634715967580376
,,42,full,,,,,,,,,,151.60392999649048,,,215675,84325,89,,openset_tabnet_none_full_seed42.json,,,,,,,,,,,,,,,,,,,,,,,,,,,,,,,,,,,,,0.1362137546597433,0.0,0.0,0.9987953238203505,inf,tabnet,none,0.15891604710303384
,,456,full,,,,,,,,,,191.07231998443604,,,215675,84325,89,,openset_tabnet_none_full_seed456.json,,,,,,,,,,,,,,,,,,,,,,,,,,,,,,,,,,,,,0.14176802822059872,0.0,0.0,0.9982863057162733,inf,tabnet,none,0.16539603292403185
,,789,full,,,,,,,,,,247.09885334968567,,,215675,84325,89,,openset_tabnet_none_full_seed789.json,,,,,,,,,,,,,,,,,,,,,,,,,,,,,,,,,,,,,0.14196349427449845,0.0,0.0,0.9986426183891274,inf,tabnet,none,0.16562407665358153
,,1011,full,,,,,,,,,,51.331284046173096,,,215675,84325,89,,openset_xgboost_energy_full_seed1011.json,,,,,,,,,,,,,,,,,,,,,,,,,,,,,,,,,,,,,0.23553608973252427,0.5816527493303923,0.057434209410048016,1.0,0.00018973958503920585,xgboost,energy,0.16666666666666666
,,123,full,,,,,,,,,,53.28838586807251,,,215675,84325,89,,openset_xgboost_energy_full_seed123.json,,,,,,,,,,,,,,,,,,,,,,,,,,,,,,,,,,,,,0.24180687772727888,0.6207263273987711,0.0476440945416292,1.0,0.00019689352484419942,xgboost,energy,0.16666666666666666
,,2026,full,,,,,,,,,,77.97917222976685,,,215675,84325,89,,openset_xgboost_energy_full_seed2026.json,,,,,,,,,,,,,,,,,,,,,,,,,,,,,,,,,,,,,0.25402849128549143,0.7587442886403025,0.05365050816974057,1.0,0.00019832431280519813,xgboost,energy,0.16666666666666666
,,3141,full,,,,,,,,,,70.93288254737854,,,215675,84325,89,,openset_xgboost_energy_full_seed3141.json,,,,,,,,,,,,,,,,,,,,,,,,,,,,,,,,,,,,,0.23887168857874316,0.5879943280289901,0.04481056042893259,1.0,0.00017555108934175223,xgboost,energy,0.16666666666666666
,,42,full,,,,,,,,,,62.86577129364014,,,215675,84325,89,,openset_xgboost_energy_full_seed42.json,,,,,,,,,,,,,,,,,,,,,,,,,,,,,,,,,,,,,0.2342325080228134,0.5939026311643296,0.07026146563279434,1.0,0.0002152909291908145,xgboost,energy,0.16666666666666666
,,4242,full,,,,,,,,,,123.3022689819336,,,215675,84325,89,,openset_xgboost_energy_full_seed4242.json,,,,,,,,,,,,,,,,,,,,,,,,,,,,,,,,,,,,,0.24551923824199348,0.6620844493461477,0.05027402141269491,1.0,0.000207862991373986,xgboost,energy,0.16666666666666666
,,456,full,,,,,,,,,,58.05799126625061,,,215675,84325,89,,openset_xgboost_energy_full_seed456.json,,,,,,,,,,,,,,,,,,,,,,,,,,,,,,,,,,,,,0.23281157018421797,0.6111154876319521,0.08626160137095543,1.0,0.00022884842474013567,xgboost,energy,0.16666666666666666
,,5555,full,,,,,,,,,,51.455644845962524,,,215675,84325,89,,openset_xgboost_energy_full_seed5555.json,,,,,,,,,,,,,,,,,,,,,,,,,,,,,,,,,,,,,0.24133218626207759,0.615172522451552,0.047101141897280145,1.0,0.0002356449404032901,xgboost,energy,0.16666666666666666
,,6789,full,,,,,,,,,,126.12098169326782,,,215675,84325,89,,openset_xgboost_energy_full_seed6789.json,,,,,,,,,,,,,,,,,,,,,,,,,,,,,,,,,,,,,0.24760697788304395,0.7010398613518197,0.05845224561820249,1.0,0.0002193095424445346,xgboost,energy,0.16666666666666666
,,789,full,,,,,,,,,,66.24544358253479,,,215675,84325,89,,openset_xgboost_energy_full_seed789.json,,,,,,,,,,,,,,,,,,,,,,,,,,,,,,,,,,,,,0.23211690640487972,0.6321884354813297,0.10053107555525391,1.0,0.0002759479684755206,xgboost,energy,0.16666666666666666
,,1011,full,,,,,,,,,,96.1898901462555,,,215675,84325,89,,openset_xgboost_mahalanobis_full_seed1011.json,,,,,,,,,,,,,,,,,,,,,,,,,,,,,,,,,,,,,0.21954261826355545,0.3930991019379234,0.019461458845886286,1.0,0.000628355642807293,xgboost,mahalanobis,0.16666666666666666
,,123,full,,,,,,,,,,47.16491150856018,,,215675,84325,89,,openset_xgboost_mahalanobis_full_seed123.json,,,,,,,,,,,,,,,,,,,,,,,,,,,,,,,,,,,,,0.2242675208284588,0.4244918859303608,0.01803620815447003,1.0,0.0004730484883319932,xgboost,mahalanobis,0.16666666666666666
,,2026,full,,,,,,,,,,65.04818344116211,,,215675,84325,89,,openset_xgboost_mahalanobis_full_seed2026.json,,,,,,,,,,,,,,,,,,,,,,,,,,,,,,,,,,,,,0.2384076792065389,0.5375768079407595,0.019699000627788996,1.0,0.0005737469736264529,xgboost,mahalanobis,0.16662340733562897
,,3141,full,,,,,,,,,,64.68109679222107,,,215675,84325,89,,openset_xgboost_mahalanobis_full_seed3141.json,,,,,,,,,,,,,,,,,,,,,,,,,,,,,,,,,,,,,0.2153476856952057,0.35910666456593665,0.015185706771637511,1.0,0.0008530622467397762,xgboost,mahalanobis,0.16666666666666666
,,42,full,,,,,,,,,,93.33742642402649,,,215675,84325,89,,openset_xgboost_mahalanobis_full_seed42.json,,,,,,,,,,,,,,,,,,,,,,,,,,,,,,,,,,,,,0.21638643450102762,0.3841184811722073,0.028895261041451042,1.0,0.0011843631389432795,xgboost,mahalanobis,0.16666375469555342
,,4242,full,,,,,,,,,,79.56768226623535,,,215675,84325,89,,openset_xgboost_mahalanobis_full_seed4242.json,,,,,,,,,,,,,,,,,,,,,,,,,,,,,,,,,,,,,0.21864035713803456,0.39495037025366314,0.025281232502502672,1.0,0.0007782932221625262,xgboost,mahalanobis,0.16664781083833013
,,456,full,,,,,,,,,,59.175719261169434,,,215675,84325,89,,openset_xgboost_mahalanobis_full_seed456.json,,,,,,,,,,,,,,,,,,,,,,,,,,,,,,,,,,,,,0.2215931312465424,0.4186229714825902,0.027266403108403888,1.0,0.000869902451374245,xgboost,mahalanobis,0.16666666666666666
,,5555,full,,,,,,,,,,58.74319410324097,,,215675,84325,89,,openset_xgboost_mahalanobis_full_seed5555.json,,,,,,,,,,,,,,,,,,,,,,,,,,,,,,,,,,,,,0.2085167329848639,0.36745706633054986,0.0578244566231739,1.0,0.0008044380098004035,xgboost,mahalanobis,0.16666666666666666
,,6789,full,,,,,,,,,,25.515949249267578,,,215675,84325,89,,openset_xgboost_mahalanobis_full_seed6789.json,,,,,,,,,,,,,,,,,,,,,,,,,,,,,,,,,,,,,0.2220921356426875,0.42130140223727747,0.02662164684323939,1.0,0.0009374105398971175,xgboost,mahalanobis,0.16666666666666666
,,789,full,,,,,,,,,,38.65785598754883,,,215675,84325,89,,openset_xgboost_mahalanobis_full_seed789.json,,,,,,,,,,,,,,,,,,,,,,,,,,,,,,,,,,,,,0.2267899131404347,0.45545139435953996,0.02616353054956988,1.0,0.0007858018800188978,xgboost,mahalanobis,0.16666666666666666
,,1011,full,,,,,,,,,,202.86113739013672,,,215675,84325,89,,openset_xgboost_msp_full_seed1011.json,,,,,,,,,,,,,,,,,,,,,,,,,,,,,,,,,,,,,0.23553608973252427,0.5816527493303923,0.057434209410048016,1.0,0.00018972158432006836,xgboost,msp,0.16666666666666666
,,123,full,,,,,,,,,,49.18197464942932,,,215675,84325,89,,openset_xgboost_msp_full_seed123.json,,,,,,,,,,,,,,,,,,,,,,,,,,,,,,,,,,,,,0.24180687772727888,0.6207263273987711,0.0476440945416292,1.0,0.00019687414169311523,xgboost,msp,0.16666666666666666
,,2026,full,,,,,,,,,,56.45254969596863,,,215675,84325,89,,openset_xgboost_msp_full_seed2026.json,,,,,,,,,,,,,,,,,,,,,,,,,,,,,,,,,,,,,0.25402849128549143,0.7587442886403025,0.05365050816974057,1.0,0.0001983046531677246,xgboost,msp,0.16666666666666666
,,3141,full,,,,,,,,,,171.58492612838745,,,215675,84325,89,,openset_xgboost_msp_full_seed3141.json,,,,,,,,,,,,,,,,,,,,,,,,,,,,,,,,,,,,,0.23887168857874316,0.5879943280289901,0.04481056042893259,1.0,0.0001755356788635254,xgboost,msp,0.16666666666666666
,,42,full,,,,,,,,,,57.95201897621155,,,215675,84325,89,,openset_xgboost_msp_full_seed42.json,,,,,,,,,,,,,,,,,,,,,,,,,,,,,,,,,,,,,0.2342325080228134,0.5939026311643296,0.07026146563279434,1.0,0.00021526776254177094,xgboost,msp,0.16666666666666666
,,4242,full,,,,,,,,,,54.226401805877686,,,215675,84325,89,,openset_xgboost_msp_full_seed4242.json,,,,,,,,,,,,,,,,,,,,,,,,,,,,,,,,,,,,,0.24551923824199348,0.6620844493461477,0.05027402141269491,1.0,0.0002078413963317871,xgboost,msp,0.16666666666666666
,,456,full,,,,,,,,,,61.61808681488037,,,215675,84325,89,,openset_xgboost_msp_full_seed456.json,,,,,,,,,,,,,,,,,,,,,,,,,,,,,,,,,,,,,0.23281157018421797,0.6111154876319521,0.08626160137095543,1.0,0.0002288222312927246,xgboost,msp,0.16666666666666666
,,5555,full,,,,,,,,,,42.8334527015686,,,215675,84325,89,,openset_xgboost_msp_full_seed5555.json,,,,,,,,,,,,,,,,,,,,,,,,,,,,,,,,,,,,,0.24133218626207759,0.615172522451552,0.047101141897280145,1.0,0.00023561716079711914,xgboost,msp,0.16666666666666666
,,6789,full,,,,,,,,,,78.26190829277039,,,215675,84325,89,,openset_xgboost_msp_full_seed6789.json,,,,,,,,,,,,,,,,,,,,,,,,,,,,,,,,,,,,,0.24760697788304395,0.7010398613518197,0.05845224561820249,1.0,0.0002192854881286621,xgboost,msp,0.16666666666666666
,,789,full,,,,,,,,,,68.34213185310364,,,215675,84325,89,,openset_xgboost_msp_full_seed789.json,,,,,,,,,,,,,,,,,,,,,,,,,,,,,,,,,,,,,0.23211690640487972,0.6321884354813297,0.10053107555525391,1.0,0.0002759099006652832,xgboost,msp,0.16666666666666666
,,1011,full,,,,,,,,,,206.5997085571289,,,215675,84325,89,,openset_xgboost_none_full_seed1011.json,,,,,,,,,,,,,,,,,,,,,,,,,,,,,,,,,,,,,0.14136931030134914,0.0,0.0,0.9987444220099428,inf,xgboost,none,0.16493086201824067
,,123,full,,,,,,,,,,69.89756631851196,,,215675,84325,89,,openset_xgboost_none_full_seed123.json,,,,,,,,,,,,,,,,,,,,,,,,,,,,,,,,,,,,,0.14138765631302944,0.0,0.0,0.9991007346827969,inf,xgboost,none,0.16495226569853436
,,2026,full,,,,,,,,,,56.78589057922363,,,215675,84325,89,,openset_xgboost_none_full_seed2026.json,,,,,,,,,,,,,,,,,,,,,,,,,,,,,,,,,,,,,0.14128496299976717,0.0,0.0,0.998727454739807,inf,xgboost,none,0.16483245683306172
,,3141,full,,,,,,,,,,104.2243504524231,,,215675,84325,89,,openset_xgboost_none_full_seed3141.json,,,,,,,,,,,,,,,,,,,,,,,,,,,,,,,,,,,,,0.14136984724034699,0.0,0.0,0.9999151636493204,inf,xgboost,none,0.16493148844707148
,,42,full,,,,,,,,,,129.48386645317078,,,215675,84325,89,,openset_xgboost_none_full_seed42.json,,,,,,,,,,,,,,,,,,,,,,,,,,,,,,,,,,,,,0.14139826614422243,0.0,0.0,0.9998642618389127,inf,xgboost,none,0.16496464383492618
,,4242,full,,,,,,,,,,57.726436376571655,,,215675,84325,89,,openset_xgboost_none_full_seed4242.json,,,,,,,,,,,,,,,,,,,,,,,,,,,,,,,,,,,,,0.1412448084993054,0.0,0.0,0.9988462256307583,inf,xgboost,none,0.1647856099158563
,,456,full,,,,,,,,,,82.72514033317566,,,215675,84325,89,,openset_xgboost_none_full_seed456.json,,,,,,,,,,,,,,,,,,,,,,,,,,,,,,,,,,,,,0.14135807947194592,0.0,0.0,0.9999830327298641,inf,xgboost,none,0.1649177593839369
,,5555,full,,,,,,,,,,102.55350756645203,,,215675,84325,89,,openset_xgboost_none_full_seed5555.json,,,,,,,,,,,,,,,,,,,,,,,,,,,,,,,,,,,,,0.1413651591189254,0.0,0.0,0.9991516364932046,inf,xgboost,none,0.16492601897207962
,,6789,full,,,,,,,,,,61.49106431007385,,,215675,84325,89,,openset_xgboost_none_full_seed6789.json,,,,,,,,,,,,,,,,,,,,,,,,,,,,,,,,,,,,,0.14137443768256183,0.0,0.0,0.9989989310619815,inf,xgboost,none,0.1649368439629888
,,789,full,,,,,,,,,,85.80161356925964,,,215675,84325,89,,openset_xgboost_none_full_seed789.json,,,,,,,,,,,,,,,,,,,,,,,,,,,,,,,,,,,,,0.14135752886666883,0.0,0.0,0.9988122910904864,inf,xgboost,none,0.16491711701111364
rf,cross_station,1011,full,1.0,False,0.9271229355354431,0.8041106769254249,0.858395859126777,0.7524221702122096,0.002955665024630542,0.9996402819216104,0.9991290311381851,5.678573369979858,0.6664607524871826,140647.4419539097,93736,93736,89,9.0,rf_cross_station_bs1_full_seed1011.json,0.47605080384072607,0.9970443349753695,0.6444169756901524,17255.0,0.9958033197619793,0.9968023073546931,0.9963025631384346,15949.0,0.9924812030075187,1.0,0.9962264150943396,132.0,0.9966101694915255,1.0,0.99830220713073,1176.0,1.0,0.99553208773355,0.9977610421331162,2462.0,0.9925415301163973,0.9953535811423391,0.9939455666836418,8824.0,0.9963310232368529,0.9979583503470805,0.9971440228478172,2449.0,1.0,0.5653511490690359,0.7223314071162477,43557.0,0.9953632148377125,1.0,0.9976762199845082,1932.0,,,,,,,,
rf,cross_station,123,full,1.0,False,0.8996919152481,0.7154277423548822,0.790319891384608,0.6535784635587656,0.0016626533654397432,0.9995851814601926,0.9989498736779768,5.004274606704712,0.6688523292541504,139929.24283356563,93592,93592,89,9.0,rf_cross_station_bs1_full_seed123.json,0.39762062430068734,0.9983373466345603,0.568727035192292,17442.0,0.9954237713139418,0.9972993342544907,0.996360670138671,15922.0,0.9722222222222222,0.9929078014184397,0.9824561403508771,141.0,1.0,1.0,1.0,1187.0,0.9983706720977596,0.9991846718304117,0.9987775061124694,2453.0,0.9949551569506726,0.9938409854423292,0.9943977591036415,8930.0,0.9975550122249389,0.99836867862969,0.9979616795760293,2452.0,0.9999404620147654,0.3890252941721486,0.5601320704375667,43172.0,0.9989423585404548,0.9978869519281564,0.9984143763213531,1893.0,,,,,,,,
rf,cross_station,2026,full,1.0,False,0.9276848794778974,0.8066427416075784,0.8604571257842845,0.7553967213114754,0.0017680944504648377,0.9996239346145386,0.9989917470366341,6.305039644241333,0.6236166954040527,150385.64664988045,93783,93783,89,9.0,rf_cross_station_bs1_full_seed2026.json,0.4841092025558045,0.9982319055495351,0.6520135603323026,17533.0,0.9951228662539862,0.996868149076104,0.9959947431003192,15965.0,0.9925925925925926,0.9925925925925926,0.9925925925925926,135.0,0.9974248927038627,1.0,0.9987107864202837,1162.0,0.9939073923639318,0.9979608482871125,0.995929995929996,2452.0,0.9939718687206965,0.99375,0.9938609219778993,8960.0,0.9987745098039216,0.9979591836734694,0.9983666802776644,2450.0,1.0,0.5680196460012974,0.7245057770160456,43164.0,1.0,0.9943934760448522,0.9971888576539739,1962.0,,,,,,,,
rf,cross_station,3141,full,1.0,False,0.9271701206519682,0.803258625728377,0.8577096996376486,0.7512031997901777,0.0019475312177798143,0.9996735311088725,0.9991379335068218,5.065045595169067,0.5327143669128418,175916.0364738812,93713,93713,89,9.0,rf_cross_station_bs1_full_seed3141.json,0.47873392680514343,0.9980524687822202,0.6470828536413266,17458.0,0.9962806530921011,0.9968462217736849,0.9965633571901504,15854.0,0.9928057553956835,1.0,0.9963898916967509,138.0,1.0,1.0,1.0,1193.0,0.9967413441955193,0.9975540154912352,0.9971475142624286,2453.0,0.9926025554808339,0.9943858073209072,0.9934933811981154,8906.0,0.9954991816693944,0.9983586376692655,0.9969268592501537,2437.0,1.0,0.56220719577208,0.7197600898185901,43331.0,0.9979381443298969,0.9963973237261966,0.9971671388101983,1943.0,,,,,,,,
rf,cross_station,42,full,1.0,False,0.9224179383120349,0.7912446391338848,0.8484912524340725,0.737286690538963,0.0026065801668211305,0.9995352955826823,0.9988437427739759,4.91316556930542,0.5999469757080078,155852.10657934478,93503,93503,89,9.0,rf_cross_station_bs1_full_seed42.json,0.46227985395189003,0.9973934198331789,0.6317508071617258,17264.0,0.9948877805486285,0.9979987492182614,0.9964408367155791,15990.0,0.9776119402985075,1.0,0.9886792452830189,131.0,1.0,1.0,1.0,1144.0,0.9967689822294022,0.9987859166329421,0.9977764301596928,2471.0,0.9949557224526399,0.9938416750643825,0.9943983867353798,8931.0,0.9975579975579976,0.9983706720977596,0.9979641693811075,2455.0,1.0,0.5362402741756206,0.6981203177522196,43184.0,0.9984423676012462,0.9948266942576306,0.9966312516195905,1933.0,,,,,,,,
rf,cross_station,4242,full,1.0,False,0.904339276186757,0.726649425520625,0.798617099672306,0.6649304195712906,0.0012076600149519812,0.9996130330620735,0.9990450281135101,5.465775012969971,0.5740983486175537,163719.33524340068,93991,93991,89,9.0,rf_cross_station_bs1_full_seed4242.json,0.4035784826304171,0.998792339985048,0.5748709122203098,17389.0,0.996109193598996,0.9971103712544758,0.9966095309851196,15919.0,0.9929577464788732,1.0,0.9964664310954063,141.0,1.0,1.0,1.0,1164.0,0.9991889699918897,0.9987839481151196,0.9989864180012163,2467.0,0.9945104190006722,0.9943990142265039,0.9944547134935305,8927.0,0.9979491386382281,0.9959066721244372,0.9969268592501537,2443.0,1.0,0.41149356754649485,0.5830612012802392,43607.0,0.9958784131890778,0.999482936918304,0.9976774193548387,1934.0,,,,,,,,
rf,cross_station,456,full,1.0,False,0.9038858599098091,0.7301556002512817,0.8019824496741662,0.6697578162861672,0.00218856188446697,0.9996489315858903,0.9990783459306759,6.2204813957214355,0.8374238014221191,111902.71860061894,93710,93710,89,9.0,rf_cross_station_bs1_full_seed456.json,0.4072828999952983,0.9978114381155331,0.5784544498422397,17363.0,0.9953359384848103,0.9938951475863805,0.994615021256495,15889.0,0.9788732394366197,1.0,0.9893238434163701,139.0,1.0,1.0,1.0,1176.0,0.996701030927835,0.9987603305785124,0.9977296181630547,2420.0,0.9876748834110592,0.9928563455742828,0.9902588366267743,8959.0,0.9943548387096774,0.9975728155339806,0.9959612277867528,2472.0,1.0,0.4183546347990587,0.5899154196486662,43346.0,0.9994853319608852,0.9979445015416238,0.99871432244793,1946.0,,,,,,,,
rf,cross_station,5555,full,1.0,False,0.9220821096644772,0.7857729346514435,0.8438295165394402,0.7301069350526812,0.001539514197742046,0.9997233456414837,0.9992965360480337,4.681337356567383,0.7075481414794922,132635.49785286243,93846,93846,89,9.0,rf_cross_station_bs1_full_seed5555.json,0.45953393166430484,0.998460485802258,0.6293940047444468,17538.0,0.9964846202134338,0.99698530335385,0.9967348989074469,15922.0,0.9851851851851852,1.0,0.9925373134328358,133.0,1.0,1.0,1.0,1181.0,0.9991793188346327,0.9995894909688013,0.999384362815514,2436.0,0.9941089837997055,0.9953493647912885,0.9947287876211529,8816.0,0.9967132292522597,0.9987649238369699,0.9977380217972445,2429.0,1.0,0.5258346764909049,0.6892420058249203,43430.0,0.9994895354772844,0.998470168281489,0.9989795918367347,1961.0,,,,,,,,
rf,cross_station,6789,full,1.0,False,0.9049106970826786,0.7344475714713252,0.804825896271324,0.6738891792995295,0.0032202415181138587,0.9995482610253857,0.9988945270077286,4.689224720001221,0.6143369674682617,152863.98991584638,93910,93910,89,9.0,rf_cross_station_bs1_full_seed6789.json,0.4099035187287174,0.9967797584818862,0.5809175910720868,17390.0,0.9959405445915563,0.9958783488415662,0.9959094457455113,16013.0,0.9705882352941176,1.0,0.9850746268656716,132.0,1.0,1.0,1.0,1179.0,0.9963651050080775,0.9987854251012146,0.997573797007683,2470.0,0.9903932082216265,0.9953968788593242,0.9928887395710846,8907.0,0.9950738916256158,0.9971205265322912,0.9960961577974111,2431.0,1.0,0.425813429057941,0.5972919322821684,43458.0,0.9994807892004154,0.9974093264248705,0.9984439834024896,1930.0,,,,,,,,
rf,cross_station,789,full,1.0,False,0.9509459531379326,0.8770006779746571,0.9145935982418205,0.8428590095387429,0.0011968539838139746,0.9997357759164953,0.9993058037559105,5.370380640029907,0.638988733291626,147226.38303086473,94076,94076,89,9.0,rf_cross_station_bs1_full_seed789.json,0.5930425366315861,0.998803146016186,0.7442087606429284,17546.0,0.9973779498064678,0.9971289476969167,0.9972534332084894,16022.0,0.9776119402985075,1.0,0.9886792452830189,131.0,1.0,1.0,1.0,1173.0,0.9995884773662551,0.9979457682826622,0.998766447368421,2434.0,0.9936587022987204,0.9954622802041974,0.9945596735804149,8815.0,0.9963665724666936,0.9983818770226537,0.997373206708426,2472.0,1.0,0.7237093031270823,0.8397115474333853,43523.0,0.9969450101832994,0.9989795918367347,0.9979612640163099,1960.0,,,,,,,,
rf,cross_station,1011,top20,1.0,False,0.9497271902155054,0.8734386029624851,0.9128251031876274,0.840025627279978,0.0020863517820921473,0.9999090111414345,0.9997368614350967,3.4716053009033203,0.48359084129333496,193833.28217984576,93736,93736,20,9.0,rf_cross_station_bs1_top20_seed1011.json,0.5846065050587357,0.9979136482179078,0.7372883170266972,17255.0,0.9953473750392958,0.9926014170167409,0.9939724995291015,15949.0,1.0,1.0,1.0,132.0,0.9966101694915255,1.0,0.99830220713073,1176.0,0.9991846718304117,0.99553208773355,0.9973550356052899,2462.0,0.9845998201438849,0.9926337262012692,0.9886004514672686,8824.0,0.9975520195838433,0.9983666802776644,0.9979591836734694,2449.0,1.0,0.7191725784604082,0.8366496621350925,43557.0,0.9953608247422681,0.9994824016563147,0.9974173553719008,1932.0,,,,,,,,
rf,cross_station,123,top20,1.0,False,0.9700861427206274,0.9326361235436702,0.9564359826045269,0.9169665134602758,0.002178649237472767,0.9998257320741095,0.9994525823684371,5.877665042877197,0.5947463512420654,157364.563573266,93592,93592,20,9.0,rf_cross_station_bs1_top20_seed123.json,0.7335103468622245,0.9978213507625272,0.8454905389977896,17442.0,0.9969071514233415,0.9919608089436001,0.9944278293719503,15922.0,0.9859154929577465,0.9929078014184397,0.9893992932862191,141.0,0.9966414777497901,1.0,0.9983179142136249,1187.0,0.9983693436608235,0.9983693436608235,0.9983693436608235,2453.0,0.9849274077357864,0.9951847704367301,0.9900295215284354,8930.0,0.9991836734693877,0.99836867862969,0.9987760097919217,2452.0,0.9998643405594595,0.8536088205318262,0.9209661497707081,43172.0,0.9916054564533053,0.9984152139461173,0.9949986838641748,1893.0,,,,,,,,
rf,cross_station,2026,top20,1.0,False,0.9498903919040281,0.8775397566998944,0.9170464386614989,0.8471344262295082,0.0017110591456111332,0.9998826142906341,0.9995685862271666,3.569171667098999,0.562793493270874,166638.38711948646,93783,93783,20,9.0,rf_cross_station_bs1_top20_seed2026.json,0.6002606399396413,0.9982889408543889,0.7497215797138697,17533.0,0.993247507257352,0.98584403382399,0.9895319229197448,15965.0,0.9926470588235294,1.0,0.996309963099631,135.0,0.9974248927038627,1.0,0.9987107864202837,1162.0,0.9922952149229521,0.9979608482871125,0.9951199674664498,2452.0,0.9740516767454646,0.9887276785714286,0.9813348103018554,8960.0,0.9963325183374083,0.9979591836734694,0.9971451876019576,2450.0,1.0,0.730029654341581,0.8439504519584867,43164.0,1.0,0.9943934760448522,0.9971888576539739,1962.0,,,,,,,,
rf,cross_station,3141,top20,1.0,False,0.9500456608870415,0.8777420979401698,0.9174046321525886,0.8477345747819816,0.0016611295681063123,0.999902702419534,0.9996408089724154,4.163673639297485,0.5897042751312256,158915.24608524545,93713,93713,20,9.0,rf_cross_station_bs1_top20_seed3141.json,0.6001721763085399,0.9983388704318937,0.7496666523291324,17458.0,0.9937567688093266,0.9839157310457929,0.9888117650787613,15854.0,1.0,1.0,1.0,138.0,1.0,1.0,1.0,1193.0,0.9955284552845528,0.9983693436608235,0.9969468756360675,2453.0,0.9710033076074972,0.9888838984953964,0.9798620382732532,8906.0,0.9971311475409836,0.9983586376692655,0.9977445150707402,2437.0,1.0,0.7321086520043387,0.8453380232898979,43331.0,0.9897540983606558,0.9943386515697376,0.9920410783055199,1943.0,,,,,,,,
rf,cross_station,42,top20,1.0,False,0.9684755930116817,0.9275488198106646,0.953333607760809,0.9113183541232178,0.002374884151992586,0.9998630861393212,0.9995797627248871,4.070275068283081,0.5382335186004639,173721.99383481394,93503,93503,20,9.0,rf_cross_station_bs1_top20_seed42.json,0.7181037358238825,0.9976251158480074,0.8350950349107835,17264.0,0.9968456248817109,0.9881801125703564,0.992493954335605,15990.0,0.9924242424242424,1.0,0.9961977186311787,131.0,1.0,1.0,1.0,1144.0,0.9967689822294022,0.9987859166329421,0.9977764301596928,2471.0,0.9774750027469509,0.9960810659500616,0.9866903283052352,8931.0,0.9963414634146341,0.9983706720977596,0.9973550356052899,2455.0,1.0,0.8434373842163765,0.9150702827640785,43184.0,0.9958592132505176,0.9953440248318676,0.995601552393273,1933.0,,,,,,,,
rf,cross_station,4242,top20,1.0,False,0.9461322541388335,0.8650316020448923,0.9060126762976075,0.8285423357092504,0.001955259071827017,0.999883795933187,0.9996414712776629,3.8741352558135986,0.5521562099456787,170225.378809462,93991,93991,20,9.0,rf_cross_station_bs1_top20_seed4242.json,0.5692216865098888,0.998044740928173,0.7249676260495426,17389.0,0.9974769774189479,0.99340410829826,0.9954363767979102,15919.0,0.986013986013986,1.0,0.9929577464788732,141.0,0.9974293059125964,1.0,0.9987129987129987,1164.0,0.9971659919028341,0.9983785974868261,0.9977719262710147,2467.0,0.9871211280115466,0.9959672902430828,0.9915244786439166,8927.0,0.9995891536565324,0.9959066721244372,0.9977445150707402,2443.0,1.0,0.6989015525030385,0.8227687489876356,43607.0,0.9892307692307692,0.9974146845915202,0.9933058702368692,1934.0,,,,,,,,
rf,cross_station,456,top20,1.0,False,0.9384607359751074,0.8419026375988399,0.8892330512171712,0.800935203740815,0.0020733744168634455,0.9998337086482021,0.9995162781656595,4.880982398986816,0.5306587219238281,176591.83978031616,93710,93710,20,9.0,rf_cross_station_bs1_top20_seed456.json,0.532728670253651,0.9979266255831366,0.6946359846055163,17363.0,0.9965657593487662,0.9862168796022406,0.9913643121500648,15889.0,0.9928571428571429,1.0,0.996415770609319,139.0,0.9991503823279524,1.0,0.9995750106247344,1176.0,0.9971098265895953,0.9979338842975206,0.9975216852540273,2420.0,0.973344985798558,0.9945306395803103,0.9838237729807321,8959.0,0.9967663702506063,0.9975728155339806,0.9971694298422968,2472.0,1.0,0.6494024823513127,0.7874396810965801,43346.0,0.9984575835475579,0.9979445015416238,0.9982009766126959,1946.0,,,,,,,,
rf,cross_station,5555,top20,1.0,False,0.9482322095706875,0.8699833476225256,0.9104313568757315,0.8358625570058186,0.0014254761090204129,0.9998725874551169,0.9995922490372943,4.3739519119262695,0.5739202499389648,163517.49221251614,93846,93846,20,9.0,rf_cross_station_bs1_top20_seed5555.json,0.5830281643251881,0.9985745238909796,0.736211535227846,17538.0,0.9969568249540354,0.9876271825147594,0.9922700741441868,15922.0,0.9851851851851852,1.0,0.9925373134328358,133.0,1.0,1.0,1.0,1181.0,0.998359983599836,0.9995894909688013,0.9989743589743589,2436.0,0.9767286493708941,0.9950090744101633,0.985784120919256,8816.0,0.9983539094650206,0.9987649238369699,0.9985593743568636,2429.0,1.0,0.711650932535114,0.8315374577935618,43430.0,0.9979612640163099,0.998470168281489,0.9982156512872802,1961.0,,,,,,,,
rf,cross_station,6789,top20,1.0,False,0.9479501121039452,0.8695044416373756,0.910242631725041,0.8356638787245164,0.0020701552616446232,0.9998506810011774,0.9995116720553389,4.341850519180298,0.5767898559570312,162814.9299612439,93910,93910,20,9.0,rf_cross_station_bs1_top20_seed6789.json,0.5798389521868422,0.9979298447383553,0.7334897187176398,17390.0,0.9959733232666415,0.9885717854243428,0.9922587519979942,16013.0,0.9924812030075187,1.0,0.9962264150943396,132.0,1.0,1.0,1.0,1179.0,0.9955609362389023,0.9987854251012146,0.9971705739692805,2470.0,0.9772551617533399,0.9937128101493208,0.9854152749944333,8907.0,0.9983532317826266,0.9975318798848211,0.9979423868312757,2431.0,1.0,0.7106631690367712,0.8308627693632132,43458.0,0.9989621172807472,0.9974093264248705,0.9981851179673321,1930.0,,,,,,,,
rf,cross_station,789,top20,1.0,False,0.9535825172708405,0.8857181767310587,0.9217604428574447,0.8550764406115249,0.0010258748432691212,0.9999355404690983,0.9997939689754579,4.104057550430298,0.5582625865936279,168515.6810776576,94076,94076,20,9.0,rf_cross_station_bs1_top20_seed789.json,0.6124602536776268,0.9989741251567309,0.7593631539044731,17546.0,0.9959362300718975,0.9942578953938335,0.9950963550613736,16022.0,0.9776119402985075,1.0,0.9886792452830189,131.0,1.0,1.0,1.0,1173.0,0.9983566146261298,0.9983566146261298,0.9983566146261298,2434.0,0.9884810841332581,0.9929665343165059,0.9907187323146576,8815.0,0.9987859166329421,0.9983818770226537,0.9985838559579203,2472.0,1.0,0.7451921972290513,0.8539944178208436,43523.0,0.9969418960244648,0.9979591836734694,0.9974502804691484,1960.0,,,,,,,,
rf,cross_station,1011,top20_stable,1.0,False,0.9466839587301076,0.8663028285095329,0.9075735834778946,0.8311345301447418,0.001854534917415242,0.9998429636600181,0.9995416662400659,4.139948129653931,0.5000693798065186,187445.99006695295,93736,93736,20,9.0,rf_cross_station_bs1_top20_stable_seed1011.json,0.5714712323312762,0.9981454650825847,0.726816196484713,17255.0,0.9962157048249763,0.9903442222082889,0.9932712866306125,15949.0,0.9924812030075187,1.0,0.9962264150943396,132.0,0.9966101694915255,1.0,0.99830220713073,1176.0,1.0,0.99553208773355,0.9977610421331162,2462.0,0.980552140382251,0.9942203082502267,0.9873389229643802,8824.0,0.9987720016373312,0.9963250306247448,0.9975470155355682,2449.0,1.0,0.7035608512982988,0.8259885178297081,43557.0,0.9938271604938271,1.0,0.9969040247678018,1932.0,,,,,,,,
rf,cross_station,123,top20_stable,1.0,False,0.9693979181441706,0.9315606547717001,0.956488387543063,0.9169665134602758,0.0017199862401100791,0.9998571337990035,0.9995339756628344,4.0350987911224365,0.5390949249267578,173609.49931538594,93592,93592,20,9.0,rf_cross_station_bs1_top20_stable_seed123.json,0.733600168527491,0.99828001375989,0.8457148408091896,17442.0,0.9960639918740477,0.9854289662102751,0.9907179390035992,15922.0,0.9859154929577465,0.9929078014184397,0.9893992932862191,141.0,0.9983179142136249,1.0,0.9991582491582491,1187.0,0.9959366111336855,0.9991846718304117,0.9975579975579976,2453.0,0.9739035087719298,0.9946248600223964,0.9841551246537397,8930.0,0.9995916700694161,0.99836867862969,0.998979800040808,2452.0,0.9999728651670149,0.8536088205318262,0.9210121836925961,43172.0,0.9984135378106822,0.9973586899101955,0.9978858350951374,1893.0,,,,,,,,
rf,cross_station,2026,top20_stable,1.0,False,0.94755186123753,0.869503771205458,0.9104841070905728,0.8360393442622951,0.0018821650601722466,0.9998837530862219,0.9996160603658579,4.3324034214019775,0.602409839630127,155679.72803628462,93783,93783,20,9.0,rf_cross_station_bs1_top20_stable_seed2026.json,0.5832944470368642,0.9981178349398278,0.7362995687388241,17533.0,0.9947640676255363,0.9877231443783276,0.9912311028695352,15965.0,0.9926470588235294,1.0,0.996309963099631,135.0,0.9974248927038627,1.0,0.9987107864202837,1162.0,0.9931006493506493,0.9979608482871125,0.9955248169243287,2452.0,0.9762663443577629,0.9916294642857143,0.9838879353302696,8960.0,0.9987745098039216,0.9979591836734694,0.9983666802776644,2450.0,1.0,0.7104299879529238,0.8307033821398095,43164.0,1.0,0.9938837920489296,0.9969325153374233,1962.0,,,,,,,,
rf,cross_station,3141,top20_stable,1.0,False,0.9958579428203007,0.9967295072832306,0.9997508686815708,0.9998819749524621,0.0016611295681063123,0.9999328858661676,0.9997642101626746,4.265883445739746,0.4261655807495117,219898.09649851074,93713,93713,20,9.0,rf_cross_station_bs1_top20_stable_seed3141.json,0.9994838857667163,0.9983388704318937,0.9989110499770747,17458.0,0.996183934363671,0.9879525671754762,0.9920511764892168,15854.0,1.0,1.0,1.0,138.0,1.0,1.0,1.0,1193.0,0.9959316517493898,0.9979616795760293,0.9969456322541234,2453.0,0.9781094527363184,0.9933752526386705,0.9856832488440755,8906.0,0.9954991816693944,0.9983586376692655,0.9969268592501537,2437.0,1.0,0.9998153746740209,0.999907678814596,43331.0,0.9902614044079959,0.9943386515697376,0.9922958397534669,1943.0,,,,,,,,
rf,cross_station,42,top20_stable,1.0,False,0.9410437977123993,0.8497678592070708,0.8949137319097771,0.8102808273980509,0.0025486561631139944,0.9997532243236318,0.9992728656480134,4.669573783874512,0.6067430973052979,154106.4091462612,93503,93503,20,9.0,rf_cross_station_bs1_top20_stable_seed42.json,0.5434919833354375,0.997451343836886,0.703603824466781,17264.0,0.9972262497636009,0.9893058161350844,0.9932502433051832,15990.0,0.9924242424242424,1.0,0.9961977186311787,131.0,0.9991266375545852,1.0,0.999563128003495,1144.0,0.9955627269060104,0.9987859166329421,0.9971717171717172,2471.0,0.9786578657865787,0.9960810659500616,0.9872926030741912,8931.0,0.9963414634146341,0.9983706720977596,0.9973550356052899,2455.0,1.0,0.6650611337532419,0.79884290164664,43184.0,0.9968911917098445,0.9953440248318676,0.9961170075071188,1933.0,,,,,,,,
rf,cross_station,4242,top20_stable,1.0,False,0.9479285239920127,0.8685865130466263,0.9089213375954891,0.8333202788438944,0.0014376904939904537,0.9999028172916246,0.9996826242397471,4.765384912490845,0.5755820274353027,163297.31562121247,93991,93991,20,9.0,rf_cross_station_bs1_top20_stable_seed4242.json,0.5762644364794902,0.9985623095060095,0.7307927021737758,17389.0,0.9961567540322581,0.9932156542496388,0.9946840300714038,15919.0,0.9929577464788732,1.0,0.9964664310954063,141.0,0.9991416309012876,1.0,0.9995706311721769,1164.0,0.9975698663426489,0.9983785974868261,0.9979740680713128,2467.0,0.9863226954297787,0.9936148762182144,0.9899553571428571,8927.0,0.9995891536565324,0.9959066721244372,0.9977445150707402,2443.0,1.0,0.7072947003921389,0.828556077904634,43607.0,0.9938176197836167,0.9974146845915202,0.9956129032258064,1934.0,,,,,,,,
rf,cross_station,456,top20_stable,1.0,False,0.9496669758691514,0.8750206095938512,0.9151131658748252,0.8438969442152279,0.0020157806830616827,0.9999016645098622,0.999650565774733,3.891364574432373,0.5789287090301514,161867.94425342526,93710,93710,20,9.0,rf_cross_station_bs1_top20_stable_seed456.json,0.5924912808589209,0.9979842193169384,0.7435473835525328,17363.0,0.995668513918084,0.9837623513122286,0.9896796251741168,15889.0,1.0,1.0,1.0,139.0,0.9991503823279524,1.0,0.9995750106247344,1176.0,0.9966983078827899,0.9979338842975206,0.9973157134007846,2420.0,0.969488939740656,0.9930795847750865,0.981142479047199,8959.0,0.9963651050080775,0.9979773462783171,0.9971705739692805,2472.0,1.0,0.7250726710653809,0.8406285523236375,43346.0,0.9984567901234568,0.9974306269270298,0.9979434447300771,1946.0,,,,,,,,
rf,cross_station,5555,top20_stable,1.0,False,0.9539728871837219,0.8861187580449088,0.9224633845067938,0.8563322325313204,0.0012544189759379632,0.9999104195805734,0.9997154628521925,4.378868818283081,0.6102898120880127,153772.84388694013,93846,93846,20,9.0,rf_cross_station_bs1_top20_stable_seed5555.json,0.6150496857333474,0.9987455810240621,0.7612838733511529,17538.0,0.9970880546939292,0.9892601431980907,0.9931586746114316,15922.0,0.9851851851851852,1.0,0.9925373134328358,133.0,0.9991539763113367,1.0,0.9995768091409225,1181.0,0.9991793188346327,0.9995894909688013,0.999384362815514,2436.0,0.9801183960683569,0.9953493647912885,0.9876751646125275,8816.0,0.9979432332373509,0.9987649238369699,0.9983539094650206,2429.0,1.0,0.7475938291503569,0.855569316714538,43430.0,0.9974541751527495,0.9989801121876594,0.9982165605095541,1961.0,,,,,,,,
rf,cross_station,6789,top20_stable,1.0,False,0.9695595196464389,0.9314310081075228,0.9557875785123403,0.9157736539466806,0.002185163887291547,0.9998629432315097,0.9995104692902606,4.360004663467407,0.5065233707427979,185401.11952245055,93910,93910,20,9.0,rf_cross_station_bs1_top20_stable_seed6789.json,0.7291675421271588,0.9978148361127085,0.8425959647461577,17390.0,0.9964839580586425,0.9911322050833697,0.993800876643707,16013.0,0.9777777777777777,1.0,0.9887640449438202,132.0,1.0,1.0,1.0,1179.0,0.9963651050080775,0.9987854251012146,0.997573797007683,2470.0,0.9817194770662531,0.9948355226226563,0.9882339820442759,8907.0,0.9987633965375103,0.9967091731797614,0.9977352275066914,2431.0,1.0,0.8517189010078696,0.9199224575007456,43458.0,0.9974093264248705,0.9974093264248705,0.9974093264248705,1930.0,,,,,,,,
rf,cross_station,789,top20_stable,1.0,False,0.9489437273739784,0.8731084943893914,0.9126111537259581,0.8394877825689272,0.0011398609369656903,0.9999215280755753,0.9997490029998632,3.914201259613037,0.5186355113983154,181391.3585407171,94076,94076,20,9.0,rf_cross_station_bs1_top20_stable_seed789.json,0.5879235155987923,0.9988601390630343,0.7401807585100093,17546.0,0.9957980558168705,0.9910123580077393,0.993399443175775,16022.0,0.9776119402985075,1.0,0.9886792452830189,131.0,1.0,1.0,1.0,1173.0,0.998766954377312,0.9983566146261298,0.9985617423464146,2434.0,0.9827063447501404,0.9927396483267158,0.9876975169300226,8815.0,0.9987859166329421,0.9983818770226537,0.9985838559579203,2472.0,0.9999359836118046,0.7177814029363785,0.8356851467932856,43523.0,0.9969434538970963,0.9984693877551021,0.9977058373693601,1960.0,,,,,,,,
rf,cross_station,1011,top50,1.0,False,0.944493045968655,0.8575450624428582,0.8999151823579304,0.8184908670127221,0.002434077079107505,0.9997128128652177,0.9992794415533337,5.0531370639801025,0.6227989196777344,150507.6470725149,93736,93736,50,9.0,rf_cross_station_bs1_top50_seed1011.json,0.5535616658626789,0.9975659229208925,0.7120165460186143,17255.0,0.9967379712690546,0.99623800865258,0.9964879272499216,15949.0,0.9924812030075187,1.0,0.9962264150943396,132.0,0.9966101694915255,1.0,0.99830220713073,1176.0,1.0,0.99553208773355,0.9977610421331162,2462.0,0.9913161159354912,0.9961468721668177,0.9937256231982364,8824.0,0.9975510204081632,0.9979583503470805,0.9977546438048581,2449.0,1.0,0.6813600569368873,0.8104867891035707,43557.0,0.9953632148377125,1.0,0.9976762199845082,1932.0,,,,,,,,
rf,cross_station,123,top50,1.0,False,0.9709801457028236,0.9334467089263965,0.9565056576892518,0.916913985554826,0.0013186561174177273,0.9998319733834017,0.9994849459951758,5.125097751617432,0.595388650894165,157194.80016866614,93592,93592,50,9.0,rf_cross_station_bs1_top50_seed123.json,0.7335551250736966,0.9986813438825822,0.8458288821986987,17442.0,0.9964799798855993,0.9956663735711594,0.9960730105871635,15922.0,0.9724137931034482,1.0,0.986013986013986,141.0,1.0,1.0,1.0,1187.0,0.9983706720977596,0.9991846718304117,0.9987775061124694,2453.0,0.9922982475722737,0.9955207166853304,0.9939068701436637,8930.0,0.9987760097919217,0.99836867862969,0.9985723026718336,2452.0,1.0,0.8535161678865931,0.9209697575606098,43172.0,0.9989429175475687,0.9984152139461173,0.9986789960369881,1893.0,,,,,,,,
rf,cross_station,2026,top50,1.0,False,0.9707801449153549,0.9315600577283135,0.9553121982289248,0.9146754098360655,0.0010836707922203845,0.9997555325437067,0.9993317280881331,4.975605726242065,0.5873372554779053,159674.87014541676,93783,93783,50,9.0,rf_cross_station_bs1_top50_seed2026.json,0.729142381348876,0.9989163292077796,0.8429716265973576,17533.0,0.9958659567804572,0.9958659567804572,0.9958659567804572,15965.0,0.9926470588235294,1.0,0.996309963099631,135.0,0.9974248927038627,1.0,0.9987107864202837,1162.0,0.9935038570848559,0.9979608482871125,0.9957273652085453,2452.0,0.9923119777158774,0.9939732142857143,0.9931419013102871,8960.0,0.9991826726604005,0.9979591836734694,0.9985705534000409,2450.0,1.0,0.8493420442961728,0.9185342937676166,43164.0,1.0,0.9943934760448522,0.9971888576539739,1962.0,,,,,,,,
rf,cross_station,3141,top50,1.0,False,0.9474339913801408,0.8659107969368557,0.906408813641935,0.829152186741853,0.0016611295681063123,0.9997791473779629,0.9993789632565778,4.375858306884766,0.5291335582733154,177106.51410167044,93713,93713,50,9.0,rf_cross_station_bs1_top50_seed3141.json,0.5722494007945629,0.9983388704318937,0.7274966085776896,17458.0,0.996591984853266,0.9960262394348429,0.9963090318306571,15854.0,0.9928057553956835,1.0,0.9963898916967509,138.0,1.0,1.0,1.0,1193.0,0.9971475142624286,0.9975540154912352,0.997350723456287,2453.0,0.9913802753834098,0.9943858073209072,0.9928807668591288,8906.0,0.9946873722926032,0.9987689782519491,0.9967239967239967,2437.0,1.0,0.6993838129745448,0.8231028301374328,43331.0,0.9974226804123711,0.9958826556870818,0.9966520731393252,1943.0,,,,,,,,
rf,cross_station,42,top50,1.0,False,0.9471702122905027,0.8666497431438598,0.9069990687011964,0.8303361796455883,0.0027224281742354033,0.9996604893954064,0.9990959598934437,6.182480096817017,0.5000588893890381,186983.977255639,93503,93503,50,9.0,rf_cross_station_bs1_top50_seed42.json,0.5710068983815335,0.9972775718257646,0.7262105618356672,17264.0,0.9949463438981782,0.9973108192620388,0.9961271784621151,15990.0,0.9849624060150376,1.0,0.9924242424242424,131.0,1.0,1.0,1.0,1144.0,0.9971717171717172,0.9987859166329421,0.9979781641730692,2471.0,0.993619879113499,0.9939536446086664,0.9937867338371117,8931.0,0.9971521562245729,0.9983706720977596,0.9977610421331162,2455.0,1.0,0.7004909225639125,0.8238690524825013,43184.0,0.9974079834110938,0.9953440248318676,0.9963749352667012,1933.0,,,,,,,,
rf,cross_station,4242,top50,1.0,False,0.9476215754855714,0.865443721185606,0.9058384986717701,0.8279809926633769,0.0005175685778365634,0.9997672304172632,0.9993649128091445,4.699305295944214,0.6076037883758545,154691.26723393402,93991,93991,50,9.0,rf_cross_station_bs1_top50_seed4242.json,0.5687731125437706,0.9994824314221634,0.7249822717223543,17389.0,0.9979237448093621,0.9963565550599912,0.9971395341527048,15919.0,0.9929577464788732,1.0,0.9964664310954063,141.0,0.9974293059125964,1.0,0.9987129987129987,1164.0,0.9991889699918897,0.9987839481151196,0.9989864180012163,2467.0,0.993188923626619,0.9964153691049624,0.9947995302801543,8927.0,0.9995891536565324,0.9959066721244372,0.9977445150707402,2443.0,1.0,0.6979154722865595,0.8220850609797274,43607.0,0.9958784131890778,0.999482936918304,0.9976774193548387,1934.0,,,,,,,,
rf,cross_station,456,top50,1.0,False,0.9456640463076211,0.8637606404009538,0.9058144365339713,0.8282447247436049,0.0021309681506652078,0.9997469550460593,0.9993003301680053,5.064767599105835,0.6417112350463867,146031.41550611323,93710,93710,50,9.0,rf_cross_station_bs1_top50_seed456.json,0.5692039817339597,0.9978690318493348,0.7249069076607674,17363.0,0.9970141668254876,0.9877273585499402,0.992349035725577,15889.0,0.9858156028368794,1.0,0.9928571428571429,139.0,0.9991503823279524,1.0,0.9995750106247344,1176.0,0.9971122112211221,0.9987603305785124,0.9979355904211396,2420.0,0.9759247100021886,0.995423596383525,0.985577720064099,8959.0,0.9979765277215702,0.9975728155339806,0.9977746307910176,2472.0,1.0,0.6975038065796152,0.8217994020114161,43346.0,0.9984575835475579,0.9979445015416238,0.9982009766126959,1946.0,,,,,,,,
rf,cross_station,5555,top50,1.0,False,0.9491336760813892,0.87020994035961,0.9094390033075445,0.8341589348430046,0.0012544189759379632,0.9998124523412198,0.999454446624488,6.217541456222534,0.5638153553009033,166448.10950548731,93846,93846,50,9.0,rf_cross_station_bs1_top50_seed5555.json,0.5805574889794836,0.9987455810240621,0.7342849357563562,17538.0,0.9971087366436203,0.9963572415525688,0.9967328474491078,15922.0,0.9851851851851852,1.0,0.9925373134328358,133.0,1.0,1.0,1.0,1181.0,0.9991789819376026,0.9991789819376026,0.9991789819376026,2436.0,0.9929856318588075,0.995576225045372,0.994279241008213,8816.0,0.9967132292522597,0.9987649238369699,0.9977380217972445,2429.0,1.0,0.7086576099470412,0.8294904793348337,43430.0,0.9974528782475802,0.998470168281489,0.9979612640163099,1961.0,,,,,,,,
rf,cross_station,6789,top50,1.0,False,0.9698002626802383,0.9307940444947697,0.9547725659367662,0.9139963408259278,0.002587694077055779,0.9997432103138407,0.9993388248784562,4.623788118362427,0.5796995162963867,161997.7201291747,93910,93910,50,9.0,rf_cross_station_bs1_top50_seed6789.json,0.7249435760260804,0.9974123059229443,0.8396262948978604,17390.0,0.9969338589575121,0.9949416099419222,0.995936738138401,16013.0,0.9777777777777777,1.0,0.9887640449438202,132.0,1.0,1.0,1.0,1179.0,0.9959628582963262,0.9987854251012146,0.9973721447341823,2470.0,0.9881959910913141,0.9962950488379926,0.9922289931234975,8907.0,0.9983525535420099,0.9971205265322912,0.9977361597036427,2431.0,1.0,0.848589442680289,0.9180940051782513,43458.0,0.9994807892004154,0.9974093264248705,0.9984439834024896,1930.0,,,,,,,,
rf,cross_station,789,top50,1.0,False,0.9457192513418021,0.8616204014128808,0.9028365033180925,0.8230759179406768,0.0010258748432691212,0.9997597156580156,0.9993223180703734,5.419634819030762,0.6216878890991211,151323.52045063025,94076,94076,50,9.0,rf_cross_station_bs1_top50_seed789.json,0.5641817947727565,0.9989741251567309,0.721109145513638,17546.0,0.9976882224304905,0.9966296342529023,0.9971586473912636,16022.0,0.9776119402985075,1.0,0.9886792452830189,131.0,1.0,1.0,1.0,1173.0,0.9991772932949403,0.9979457682826622,0.9985611510791367,2434.0,0.9931003280171926,0.9960294951786727,0.9945627548708654,8815.0,0.9963665724666936,0.9983818770226537,0.997373206708426,2472.0,1.0,0.6889230981320221,0.8158134599425905,43523.0,0.9974528782475802,0.9989795918367347,0.9982156512872802,1960.0,,,,,,,,
rf,cross_station,1011,full,2.0,False,0.8921454514110683,0.8350509774808378,0.9272836501993434,0.9989932140008629,0.6900028977108085,0.9277772565721606,0.8977067463242498,5.751268148422241,0.557485818862915,168140.59986528472,93736,93736,89,9.0,rf_cross_station_bs2_full_seed1011.json,0.985809067453004,0.30999710228919153,0.47167232485340155,17255.0,0.9807704432255218,0.9753589566743996,0.9780572147123546,15949.0,0.9850746268656716,1.0,0.9924812030075187,132.0,1.0,0.6947278911564626,0.8198695434019067,1176.0,0.9971625456019457,0.9991876523151909,0.9981740718198417,2462.0,0.9558441558441558,0.9592021758839528,0.9575202217319985,8824.0,0.8781014023732471,0.9971416904859126,0.9338432122370937,2449.0,0.7853343670555145,1.0,0.8797616643102404,43557.0,0.9979296066252588,0.9979296066252588,0.9979296066252588,1932.0,,,,,,,,
rf,cross_station,123,full,2.0,False,0.8913264241437321,0.8315796365766469,0.9258704832840434,0.9990282337491793,0.694186446508428,0.9098768883153786,0.8660689857204865,5.293915033340454,0.5420947074890137,172648.79864538574,93592,93592,89,9.0,rf_cross_station_bs2_full_seed123.json,0.9863165680473372,0.3058135534915721,0.46687089715536106,17442.0,0.9743012567998499,0.9786458987564376,0.976468745104183,15922.0,0.9791666666666666,1.0,0.9894736842105263,141.0,1.0,0.7026116259477675,0.8253339930727362,1187.0,0.8815694744420446,0.9983693436608235,0.9363410437774804,2453.0,0.9614904009996592,0.9478163493840985,0.9546044098573282,8930.0,0.9955284552845528,0.9987765089722676,0.9971498371335505,2452.0,0.7809696092619393,1.0,0.8770162109454354,43172.0,0.9989429175475687,0.9984152139461173,0.9986789960369881,1893.0,,,,,,,,
rf,cross_station,2026,full,2.0,False,0.8932559783116447,0.8311206545600648,0.9254690123366669,0.9976131147540983,0.6884161295842126,0.9362999355283664,0.9003582662961462,5.575894355773926,0.7645838260650635,122658.88553077944,93783,93783,89,9.0,rf_cross_station_bs2_full_seed2026.json,0.9677590788308237,0.3115838704157874,0.4713952886357753,17533.0,0.9711934156378601,0.975634199812089,0.9734087429303503,15965.0,0.9854014598540146,1.0,0.9926470588235294,135.0,1.0,0.7228915662650602,0.8391608391608392,1162.0,0.9991833401388321,0.9979608482871125,0.9985717200571312,2452.0,0.95597555454957,0.9427455357142858,0.9493144526859969,8960.0,0.8876404494382022,0.9995918367346939,0.9402956421578038,2450.0,0.7810475896728777,0.9973357427485868,0.8760391123411443,43164.0,0.9984709480122325,0.9984709480122325,0.9984709480122325,1962.0,,,,,,,,
rf,cross_station,3141,full,2.0,False,0.8918144601709859,0.8316843916193211,0.9261280754643586,0.9991082551963806,0.6922900675907894,0.9138827905675798,0.8892909053373823,4.830617189407349,0.5557126998901367,168635.69973932012,93713,93713,89,9.0,rf_cross_station_bs2_full_seed3141.json,0.9875,0.3077099324092107,0.46921128482836927,17458.0,0.9722605748713443,0.9771666456414785,0.974707436768592,15854.0,0.9857142857142858,1.0,0.9928057553956835,138.0,1.0,0.7099748533109808,0.8303921568627451,1193.0,0.9691577698695136,0.9991846718304117,0.9839421918908069,2453.0,0.9589696831547755,0.9447563440377273,0.9518099547511312,8906.0,0.9036458333333334,0.9967172753385309,0.9479024390243902,2437.0,0.7819221885376064,1.0,0.877616535185879,43331.0,0.9974293059125964,0.9984559958826557,0.9979423868312757,1943.0,,,,,,,,
rf,cross_station,42,full,2.0,False,0.8921569294403162,0.8332804336504944,0.9268108667214262,0.9990031348784743,0.6923656163113995,0.9311474508260873,0.8990513415782675,4.703968048095703,0.7013034820556641,133327.44295796673,93503,93503,89,9.0,rf_cross_station_bs2_full_seed42.json,0.9858919621310562,0.3076343836886006,0.4689417685753388,17264.0,0.9741766467065869,0.9767354596622889,0.975454375117107,15990.0,0.9776119402985075,1.0,0.9886792452830189,131.0,0.9963459196102314,0.715034965034965,0.8325699745547074,1144.0,0.9987819732034104,0.9955483609874545,0.9971625456019457,2471.0,0.9581116268538435,0.9475982532751092,0.9528259401035802,8931.0,0.8878402903811252,0.9963340122199593,0.9389635316698657,2455.0,0.783212724667646,1.0,0.878428819885884,43184.0,0.994332818134982,0.9984480082772892,0.996386164171399,1933.0,,,,,,,,
rf,cross_station,4242,full,2.0,False,0.88904498204949,0.8324234155629844,0.9267666523368674,0.9990731312498368,0.6914716199896487,0.9245204097584048,0.8680308198634241,4.5037312507629395,0.6596724987030029,142481.3072923274,93991,93991,89,9.0,rf_cross_station_bs2_full_seed4242.json,0.9869389256806476,0.3085283800103514,0.47009857612267253,17389.0,0.9710253528162858,0.9768201520195993,0.9739141327153729,15919.0,0.9724137931034482,1.0,0.986013986013986,141.0,0.9938042131350682,0.6890034364261168,0.8138001014713343,1164.0,0.998780487804878,0.9959464937170652,0.9973614775725593,2467.0,0.95797745131534,0.9423098465329898,0.9500790603117235,8927.0,0.8752240946575833,0.9991813344248874,0.9331039755351682,2443.0,0.7838756066870394,1.0,0.8788455918659371,43607.0,0.9994815966822188,0.9968976215098242,0.9981879368366554,1934.0,,,,,,,,
rf,cross_station,456,full,2.0,False,0.892120943207039,0.830288690058062,0.9244526147272052,0.9946035862574822,0.6910672118873467,0.9305965329341446,0.8771094985376691,5.815140724182129,0.7256488800048828,129139.59158783438,93710,93710,89,9.0,rf_cross_station_bs2_full_seed456.json,0.9286703601108033,0.30893278811265334,0.46363282769350445,17363.0,0.9730203442879499,0.9782868651268173,0.9756464976148632,15889.0,0.972027972027972,1.0,0.9858156028368794,139.0,0.9964994165694282,0.7261904761904762,0.8401377274963109,1176.0,0.9979313198179561,0.996694214876033,0.9973123837089105,2420.0,0.9608932214917252,0.9461993526063177,0.9534896799955008,8959.0,0.889009009009009,0.9979773462783171,0.9403468648751667,2472.0,0.7818442965710338,0.9920869284363032,0.8745068532151137,43346.0,0.9989706639217705,0.9974306269270298,0.9982000514271021,1946.0,,,,,,,,
rf,cross_station,5555,full,2.0,False,0.882512509793666,0.8058032302892921,0.9070491438736936,0.9621795879855323,0.6934656175162505,0.9194710358430878,0.8943282397634267,4.826245307922363,0.6522197723388672,143887.08220768473,93846,93846,89,9.0,rf_cross_station_bs2_full_seed5555.json,0.6506899055918663,0.3065343824837496,0.41674418604651164,17538.0,0.9730306071249373,0.9743750785077252,0.9737023787108517,15922.0,1.0,1.0,1.0,133.0,1.0,0.7053344623200677,0.8272095332671301,1181.0,0.9979491386382281,0.9987684729064039,0.9983586376692655,2436.0,0.9533501029041848,0.9457803992740472,0.9495501651292564,8816.0,0.8797675263349074,0.9971181556195965,0.9347742184484755,2429.0,0.7695543428831287,0.9351600276306701,0.8443132444961853,43430.0,0.9979602243753187,0.9979602243753187,0.9979602243753187,1961.0,,,,,,,,
rf,cross_station,6789,full,2.0,False,0.8923765481496874,0.8321518918558709,0.9254818637122477,0.996144798745426,0.6889016676250719,0.9013382065422166,0.8647628986286414,4.5339295864105225,0.6007559299468994,156319.72206799634,93910,93910,89,9.0,rf_cross_station_bs2_full_seed6789.json,0.9482909728308502,0.3110983323749281,0.4684996752543841,17390.0,0.9750592343184936,0.976581527508899,0.9758197872141274,16013.0,0.9705882352941176,1.0,0.9850746268656716,132.0,0.9964705882352941,0.7184054283290925,0.8348940364711681,1179.0,0.9991883116883117,0.9967611336032388,0.9979732468585326,2470.0,0.9578197444306231,0.9509374649152352,0.9543661971830986,8907.0,0.887468030690537,0.9991772932949403,0.940015479876161,2431.0,0.7830426198627035,0.9947765658797,0.8763010935773866,43458.0,0.9989626556016598,0.9979274611398964,0.9984447900466563,1930.0,,,,,,,,
rf,cross_station,789,full,2.0,False,0.8932829929242119,0.8327012607501105,0.9260270654839393,0.999202926956749,0.6928074774877465,0.9005150872266368,0.861005054023619,5.037566184997559,0.7463595867156982,126046.48171530117,94076,94076,89,9.0,rf_cross_station_bs2_full_seed789.json,0.9888093927719684,0.3071925225122535,0.4687567943644823,17546.0,0.9791041041041041,0.9767819248533267,0.9779416359432607,16022.0,0.9776119402985075,1.0,0.9886792452830189,131.0,1.0,0.7178175618073316,0.8357320099255583,1173.0,0.8827160493827161,0.9987674609695973,0.9371626831148805,2434.0,0.9578600636074511,0.956664775950085,0.9572620466541801,8815.0,0.9983825313384553,0.9987864077669902,0.9985844287158746,2472.0,0.7816911526994504,1.0,0.8774709932359552,43523.0,0.9989775051124744,0.996938775510204,0.9979570990806946,1960.0,,,,,,,,
rf,cross_station,1011,top20,2.0,False,0.8639450149703468,0.805494142873301,0.9273631840796019,0.9992547168577817,0.6905244856563315,0.9402641257963053,0.9039972245084306,3.568129062652588,0.5405006408691406,173424.40121674936,93736,93736,20,9.0,rf_cross_station_bs2_top20_seed1011.json,0.9894385769872152,0.3094755143436685,0.4714815468832774,17255.0,0.8556671934974035,0.950467113925638,0.9005792365958711,15949.0,0.9850746268656716,1.0,0.9924812030075187,132.0,1.0,0.6955782312925171,0.8204613841524574,1176.0,0.9975669099756691,0.9991876523151909,0.9983766233766234,2462.0,0.8874285714285715,0.7039891205802358,0.7851365015166836,8824.0,0.8696581196581197,0.9971416904859126,0.9290469849724178,2449.0,0.7853202077022934,1.0,0.8797527797133942,43557.0,0.9979306777030522,0.9984472049689441,0.9981888745148771,1932.0,,,,,,,,
rf,cross_station,123,top20,2.0,False,0.8654328922214855,0.8035988587944826,0.9259750532400365,0.9992383453709783,0.694186446508428,0.9425687837937748,0.9070081628142377,3.727630853652954,0.554297924041748,168847.82702695264,93592,93592,20,9.0,rf_cross_station_bs2_top20_seed123.json,0.9892433234421365,0.3058135534915721,0.46719803801348864,17442.0,0.8545994065281899,0.9586735334756941,0.9036497646745405,15922.0,0.9929577464788732,1.0,0.9964664310954063,141.0,1.0,0.7009267059814659,0.8241703813769192,1187.0,0.9987765089722676,0.9983693436608235,0.9985728848114169,2453.0,0.9052631578947369,0.703023516237402,0.7914276709738418,8930.0,0.8740185581727338,0.9987765089722676,0.9322421012561858,2452.0,0.7809696092619393,1.0,0.8770162109454354,43172.0,0.9973628691983122,0.9989434759640782,0.9981525468461335,1893.0,,,,,,,,
rf,cross_station,2026,top20,2.0,False,0.8695486066068735,0.80562846643274,0.9260878288413719,0.9988327868852459,0.6883020589745052,0.9476478818581742,0.9147127833338361,3.902299642562866,0.4198307991027832,223382.84899636437,93783,93783,20,9.0,rf_cross_station_bs2_top20_seed2026.json,0.9839755131436803,0.3116979410254948,0.4734266037163772,17533.0,0.8570226609827238,0.9570310053241465,0.9042701151125973,15965.0,0.9926470588235294,1.0,0.996309963099631,135.0,1.0,0.7246127366609294,0.8403193612774451,1162.0,0.9987730061349693,0.9959216965742251,0.9973453134572187,2452.0,0.902625975869411,0.7097098214285714,0.7946266791627616,8960.0,0.8967411204686928,0.9995918367346939,0.9453773402817989,2450.0,0.7814468824679557,1.0,0.8773170731707317,43164.0,0.9959308240081384,0.9979612640163099,0.9969450101832994,1962.0,,,,,,,,
rf,cross_station,3141,top20,2.0,False,0.8686799187777526,0.8080454726017683,0.9265139225586158,0.999895088846633,0.692347347920724,0.9417975798483939,0.899243752761848,3.7061879634857178,0.5471181869506836,171284.74657788547,93713,93713,20,9.0,rf_cross_station_bs2_top20_seed3141.json,0.9985127347090538,0.307652652079276,0.4703770197486535,17458.0,0.859083850931677,0.9771035700769521,0.9143008912235141,15854.0,0.9857142857142858,1.0,0.9928057553956835,138.0,1.0,0.71081307627829,0.8309652131308183,1193.0,0.9983706720977596,0.9991846718304117,0.9987775061124694,2453.0,0.9459257040143799,0.7090725353694138,0.810550635348479,8906.0,0.8616530684639944,0.9967172753385309,0.9242770167427702,2437.0,0.7819080787483985,1.0,0.8776076477498278,43331.0,0.997431946584489,0.9994853319608852,0.9984575835475579,1943.0,,,,,,,,
rf,cross_station,42,top20,2.0,False,0.8663757142618544,0.8045248857635784,0.9268162100664975,0.9990818347564895,0.6927131603336423,0.9484420992261096,0.9160235880910056,3.799025058746338,0.5466697216033936,171041.1173418454,93503,93503,20,9.0,rf_cross_station_bs2_top20_seed42.json,0.9869767441860465,0.3072868396663577,0.4686602765139803,17264.0,0.8588402501421262,0.9447779862414009,0.8997617629541393,15990.0,1.0,1.0,1.0,131.0,0.9987819732034104,0.7167832167832168,0.8346055979643766,1144.0,0.9987814784727863,0.9951436665317686,0.9969592540036489,2471.0,0.8789003436426117,0.7159332661516068,0.7890904603233371,8931.0,0.8813314037626628,0.9922606924643584,0.9335121670818164,2455.0,0.7831701124410592,1.0,0.8784020178186405,43184.0,0.9933161953727506,0.999482669425763,0.9963898916967509,1933.0,,,,,,,,
rf,cross_station,4242,top20,2.0,False,0.8655240814695623,0.8075749176893882,0.9267610409426126,0.9990731312498368,0.6915291276094082,0.9419358411980608,0.8818554364971675,4.530699014663696,0.6159083843231201,152605.48872588508,93991,93991,20,9.0,rf_cross_station_bs2_top20_seed4242.json,0.9869365225390985,0.30847087239059173,0.47003154574132494,17389.0,0.8558394160583942,0.9722344368364847,0.9103314413434109,15919.0,0.9724137931034482,1.0,0.986013986013986,141.0,0.9938042131350682,0.6890034364261168,0.8138001014713343,1164.0,0.9991866612444082,0.9959464937170652,0.997563946406821,2467.0,0.9341576046476985,0.7024756357118853,0.8019181585677749,8927.0,0.8755380200860832,0.9991813344248874,0.9332823551902122,2443.0,0.7838756066870394,1.0,0.8788455918659371,43607.0,0.9989637305699481,0.9968976215098242,0.9979296066252588,1934.0,,,,,,,,
rf,cross_station,456,top20,2.0,False,0.8683471004578748,0.8063332981125158,0.9267922327974198,0.9993058011447732,0.6911248056211484,0.9482076486302975,0.9167943509385713,3.7059314250946045,0.6036889553070068,155228.94559557355,93710,93710,20,9.0,rf_cross_station_bs2_top20_seed456.json,0.9902141802067946,0.3088751943788516,0.47087229465735986,17363.0,0.855804297817427,0.9599723078859589,0.9049003322259136,15889.0,0.9788732394366197,1.0,0.9893238434163701,139.0,1.0,0.7270408163265306,0.8419497784342689,1176.0,0.9979338842975206,0.9979338842975206,0.9979338842975206,2420.0,0.9088172043010753,0.7075566469472039,0.7956570854775951,8959.0,0.884270870655679,0.9983818770226537,0.9378681360440814,2472.0,0.7831963140301743,1.0,0.8784184981406613,43346.0,0.9989706639217705,0.9974306269270298,0.9982000514271021,1946.0,,,,,,,,
rf,cross_station,5555,top20,2.0,False,0.8690878378402382,0.8066265432677877,0.9257305219444967,0.9990957697751218,0.693579655604972,0.9269572718821519,0.8696455341992899,4.192504167556763,0.49992799758911133,187719.03244581158,93846,93846,20,9.0,rf_cross_station_bs2_top20_seed5555.json,0.9873231673709352,0.30642034439502797,0.46769070101388105,17538.0,0.8591861625457368,0.9733701796256752,0.9127208480565371,15922.0,1.0,1.0,1.0,133.0,1.0,0.7070279424216765,0.8283730158730159,1181.0,0.8807971014492754,0.9979474548440066,0.9357197844495766,2436.0,0.9361286444244064,0.7065562613430127,0.80530058177117,8816.0,0.9991749174917491,0.9971181556195965,0.9981454770245209,2429.0,0.7811853583955392,1.0,0.8771522342842717,43430.0,0.9959266802443992,0.9974502804691484,0.996687898089172,1961.0,,,,,,,,
rf,cross_station,6789,top20,2.0,False,0.8680937717347129,0.8062294931083119,0.9270903415462012,0.9994511238891793,0.6893041978148361,0.9476298848377367,0.9147023338100164,3.6463522911071777,0.5788583755493164,162233.11947569676,93910,93910,20,9.0,rf_cross_station_bs2_top20_seed6789.json,0.9922865013774105,0.3106958021851639,0.4732209327786293,17390.0,0.8545808966861599,0.9582214450758758,0.9034385303815355,16013.0,1.0,1.0,1.0,132.0,0.9988207547169812,0.7184054283290925,0.8357178095707942,1179.0,0.9995941558441559,0.9971659919028341,0.9983785974868261,2470.0,0.9034492711791023,0.7028180083080723,0.7906036877999495,8907.0,0.8772563176895307,0.9995886466474702,0.9344356854451067,2431.0,0.7839027381940186,1.0,0.8788626435851804,43458.0,0.9984447900466563,0.9979274611398964,0.9981860585643949,1930.0,,,,,,,,
rf,cross_station,789,top20,2.0,False,0.8684384542516989,0.806313686036524,0.926051051051051,0.9993074611263557,0.6930924427219879,0.9456982062878642,0.9147979361906364,4.102576732635498,0.5387144088745117,174630.56203851063,94076,94076,20,9.0,rf_cross_station_bs2_top20_seed789.json,0.9902537697682972,0.30690755727801206,0.46858684302123216,17546.0,0.8584863907944236,0.9685432530270878,0.9102000117308933,16022.0,0.9849624060150376,1.0,0.9924242424242424,131.0,1.0,0.7178175618073316,0.8357320099255583,1173.0,0.996719967199672,0.9987674609695973,0.9977426636568849,2434.0,0.9252085816448152,0.7044809982983551,0.7998969536935661,8815.0,0.880527817403709,0.9987864077669902,0.9359363153904473,2472.0,0.7816911526994504,1.0,0.8774709932359552,43523.0,0.9994882292732856,0.9964285714285714,0.99795605518651,1960.0,,,,,,,,
rf,cross_station,1011,top20_stable,2.0,False,0.8647025133533446,0.8063585198103606,0.9273856907096398,0.9992547168577817,0.6902926687916546,0.9226187981234939,0.8885571323523658,3.7305831909179688,0.5765225887298584,162588.59901137705,93736,93736,20,9.0,rf_cross_station_bs2_top20_stable_seed1011.json,0.9894463988150343,0.3097073312083454,0.4717514124293785,17255.0,0.8557643758765778,0.9564236002257195,0.9032983952152543,15949.0,0.9850746268656716,1.0,0.9924812030075187,132.0,1.0,0.6955782312925171,0.8204613841524574,1176.0,0.9971625456019457,0.9991876523151909,0.9981740718198417,2462.0,0.8994340444057466,0.7024025385312783,0.7888005090677697,8824.0,0.8712094184801998,0.9971416904859126,0.9299314546839299,2449.0,0.7853202077022934,1.0,0.8797527797133942,43557.0,0.9974133471288154,0.9979296066252588,0.9976714100905563,1932.0,,,,,,,,
rf,cross_station,123,top20_stable,2.0,False,0.8715579075531283,0.8038953964403562,0.9240006339376059,0.995311884438608,0.6943584451324389,0.9309427423045222,0.8884548062078894,5.291452884674072,0.6001112461090088,155957.75051180966,93592,93592,20,9.0,rf_cross_station_bs2_top20_stable_seed123.json,0.9372362869198312,0.30564155486756106,0.46095979247730223,17442.0,0.854273886775565,0.9591131767365909,0.9036629386354222,15922.0,1.0,1.0,1.0,141.0,1.0,0.7026116259477675,0.8253339930727362,1187.0,0.9983693436608235,0.9983693436608235,0.9983693436608235,2453.0,0.9060693641618497,0.7021276595744681,0.7911671924290221,8930.0,0.9807769323187825,0.9987765089722676,0.9896948878561326,2452.0,0.7808566054116626,1.0,0.8769449522648791,43172.0,0.9973614775725593,0.9984152139461173,0.9978880675818373,1893.0,,,,,,,,
rf,cross_station,2026,top20_stable,2.0,False,0.8679594429480622,0.8049109452612458,0.9263059361285695,0.9993049180327869,0.6884731648890663,0.9479039385744531,0.9146610687500805,3.8610973358154297,0.6403825283050537,146448.40521839686,93783,93783,20,9.0,rf_cross_station_bs2_top20_stable_seed2026.json,0.9903898458748867,0.31152683511093365,0.47396737244012493,17533.0,0.8557865168539326,0.9541497024741622,0.9022952761735525,15965.0,0.9854014598540146,1.0,0.9926470588235294,135.0,1.0,0.7237521514629949,0.8397403894158761,1162.0,0.9995913363302003,0.9975530179445351,0.998571136966728,2452.0,0.8965078467411283,0.7077008928571429,0.7909935757500156,8960.0,0.8828406633020909,0.9995918367346939,0.9375957120980092,2450.0,0.7815034762456546,1.0,0.8773527379161754,43164.0,0.9979633401221996,0.9989806320081549,0.9984717269485481,1962.0,,,,,,,,
rf,cross_station,3141,top20_stable,2.0,False,0.8657932065672947,0.8042089568990421,0.9262090843897754,0.9993049636089437,0.6924619085805934,0.97893334515726,0.9446224867825121,3.7106432914733887,0.4917130470275879,190584.7334466644,93713,93713,20,9.0,rf_cross_station_bs2_top20_stable_seed3141.json,0.9902250092216894,0.3075380914194066,0.4693181818181818,17458.0,0.8547750591949487,0.9563517093477987,0.9027149321266968,15854.0,0.9857142857142858,1.0,0.9928057553956835,138.0,1.0,0.71081307627829,0.8309652131308183,1193.0,0.9991840065279478,0.9983693436608235,0.9987765089722676,2453.0,0.9010043041606887,0.705142600494049,0.7911312673217435,8906.0,0.875,0.9967172753385309,0.9319010166890466,2437.0,0.7819080787483985,1.0,0.8776076477498278,43331.0,0.9948744233726294,0.9989706639217705,0.9969183359013868,1943.0,,,,,,,,
rf,cross_station,42,top20_stable,2.0,False,0.8664355569669859,0.8055304818088075,0.9267613003717607,0.998937551646795,0.6925393883225208,0.9325522680342906,0.8699965767862321,4.38202428817749,0.5453135967254639,171466.4746330793,93503,93503,20,9.0,rf_cross_station_bs2_top20_stable_seed42.json,0.9849693820745964,0.3074606116774791,0.4686355008166689,17264.0,0.8542095598464192,0.9600375234521576,0.904036983598834,15990.0,0.9776119402985075,1.0,0.9886792452830189,131.0,0.9987819732034104,0.7167832167832168,0.8346055979643766,1144.0,0.88912964969303,0.9963577498988264,0.9396946564885497,2471.0,0.9076008123005512,0.7005934385847049,0.7907740916271722,8931.0,1.0,0.9934826883910387,0.9967306906416019,2455.0,0.7831275048510237,1.0,0.8783752173868825,43184.0,0.9938239835306227,0.9989653388515262,0.9963880288957688,1933.0,,,,,,,,
rf,cross_station,4242,top20_stable,2.0,False,0.8634622333854183,0.8054496368482833,0.9268909903255882,0.9993342210386151,0.6915291276094082,0.9439068888785948,0.9058904547819642,3.63112473487854,0.6502180099487305,144553.05537816643,93991,93991,20,9.0,rf_cross_station_bs2_top20_stable_seed4242.json,0.9905817174515236,0.30847087239059173,0.47044378179266794,17389.0,0.8551310104920609,0.9574093850116213,0.9033845059569676,15919.0,0.9724137931034482,1.0,0.986013986013986,141.0,0.9938118811881188,0.6898625429553265,0.8144016227180527,1164.0,1.0,0.9959464937170652,0.9979691307879772,2467.0,0.9027538726333907,0.7050520891676935,0.7917479086735015,8927.0,0.8696116850730317,0.9991813344248874,0.9299047619047619,2443.0,0.7838756066870394,1.0,0.8788455918659371,43607.0,0.9984488107549121,0.9984488107549121,0.9984488107549121,1934.0,,,,,,,,
rf,cross_station,456,top20_stable,2.0,False,0.8676790077705252,0.8055818760209966,0.9267874930152329,0.9993188992363813,0.691239993088752,0.9420057390669919,0.9110306403053967,3.7347636222839355,0.6100950241088867,153599.0235896025,93710,93710,20,9.0,rf_cross_station_bs2_top20_stable_seed456.json,0.9903934971365231,0.30876000691124805,0.4707586933614331,17363.0,0.8553076402974983,0.955377934420039,0.9025775188036983,15889.0,0.9788732394366197,1.0,0.9893238434163701,139.0,1.0,0.7270408163265306,0.8419497784342689,1176.0,0.9979338842975206,0.9979338842975206,0.9979338842975206,2420.0,0.8994326241134751,0.7077798861480076,0.792179399088013,8959.0,0.8836376655925529,0.9983818770226537,0.9375118708452042,2472.0,0.7831963140301743,1.0,0.8784184981406613,43346.0,0.9989711934156379,0.9979445015416238,0.9984575835475579,1946.0,,,,,,,,
rf,cross_station,5555,top20_stable,2.0,False,0.8672830382306178,0.8049239668484278,0.925830146300006,0.9993185511348744,0.6936936936936937,0.9322915489381143,0.8934479899157779,3.9686241149902344,0.5724048614501953,163950.38952366673,93846,93846,20,9.0,rf_cross_station_bs2_top20_stable_seed5555.json,0.9904129793510325,0.3063063063063063,0.46790349272711435,17538.0,0.8569595536959553,0.9647657329481221,0.9076727627263864,15922.0,1.0,1.0,1.0,133.0,1.0,0.7070279424216765,0.8283730158730159,1181.0,0.9979491386382281,0.9987684729064039,0.9983586376692655,2436.0,0.9169621749408984,0.7039473684210527,0.7964579055441479,8816.0,0.8746840014445648,0.9971181556195965,0.9318968834166987,2429.0,0.7812275147503238,1.0,0.8771788087495708,43430.0,0.9974515800203874,0.9979602243753187,0.9977058373693601,1961.0,,,,,,,,
rf,cross_station,6789,top20_stable,2.0,False,0.8670925417366538,0.806222844828627,0.9269315874026249,0.9990982749607946,0.6891316848763658,0.9317435658957791,0.8859822348285183,4.032892942428589,0.5193371772766113,180826.6461732265,93910,93910,20,9.0,rf_cross_station_bs2_top20_stable_seed6789.json,0.9873972602739726,0.3108683151236343,0.4728624535315985,17390.0,0.8541620298241709,0.9586585898957097,0.9033985581874356,16013.0,0.9705882352941176,1.0,0.9850746268656716,132.0,1.0,0.7184054283290925,0.8361303060217177,1179.0,0.8905346820809249,0.9979757085020243,0.9411989308896526,2470.0,0.9042106786282738,0.7015830245874032,0.7901125300290808,8907.0,0.999176276771005,0.9979432332373509,0.9985593743568636,2431.0,0.7838461815951806,1.0,0.8788270980788675,43458.0,0.9974106680476437,0.9979274611398964,0.9976689976689976,1930.0,,,,,,,,
rf,cross_station,789,top20_stable,2.0,False,0.8672433284019998,0.8049452401677502,0.9260743736604385,0.9993205278975565,0.692921463581443,0.945247899751795,0.9126022528945246,4.252880096435547,0.6420233249664307,146530.50183950705,94076,94076,20,9.0,rf_cross_station_bs2_top20_stable_seed789.json,0.9904411764705883,0.3070785364185569,0.46880709997389713,17546.0,0.8564994996108084,0.9614904506303832,0.9059633027522935,16022.0,0.9849624060150376,1.0,0.9924242424242424,131.0,1.0,0.7178175618073316,0.8357320099255583,1173.0,0.9967213114754099,0.9991783073130649,0.9979482970865818,2434.0,0.9095854160541017,0.7018718094157685,0.792341678939617,8815.0,0.8811563169164882,0.9987864077669902,0.9362912400455062,2472.0,0.7816911526994504,1.0,0.8774709932359552,43523.0,1.0,0.9964285714285714,0.998211091234347,1960.0,,,,,,,,
rf,cross_station,1011,top50,2.0,False,0.8710844264173787,0.8128107242862064,0.9273170790907657,0.9990716648579385,0.6900608519269776,0.930244194575383,0.8960427103459002,4.425416946411133,0.5406942367553711,173362.30650893628,93736,93736,50,9.0,rf_cross_station_bs2_top50_seed1011.json,0.9868979516515962,0.3099391480730223,0.47172973449766253,17255.0,0.8715606612496498,0.9751708571070287,0.920459253121856,15949.0,0.9850746268656716,1.0,0.9924812030075187,132.0,1.0,0.6955782312925171,0.8204613841524574,1176.0,0.9971625456019457,0.9991876523151909,0.9981740718198417,2462.0,0.9426575462087032,0.7340208522212148,0.8253583943931189,8824.0,0.8765697883028346,0.9975500204164965,0.9331550802139037,2449.0,0.7853202077022934,1.0,0.8797527797133942,43557.0,0.9984464008285863,0.9979296066252588,0.9981879368366554,1932.0,,,,,,,,
rf,cross_station,123,top50,2.0,False,0.8741218186440953,0.8131955735693206,0.9258966276819726,0.999080761654629,0.694186446508428,0.9134068291487643,0.8906487355757443,4.700115203857422,0.596123218536377,157001.09824574596,93592,93592,50,9.0,rf_cross_station_bs2_top50_seed123.json,0.9870466321243523,0.3058135534915721,0.4669526394117132,17442.0,0.8833068723066455,0.9783946740359252,0.9284224328029084,15922.0,0.9791666666666666,1.0,0.9894736842105263,141.0,1.0,0.7026116259477675,0.8253339930727362,1187.0,0.9991840065279478,0.9983693436608235,0.9987765089722676,2453.0,0.9520949720670391,0.7633818589025756,0.8473586078309508,8930.0,0.8780925062746504,0.9987765089722676,0.9345544743369586,2452.0,0.7809696092619393,1.0,0.8770162109454354,43172.0,0.9989440337909187,0.9994717379820391,0.9992078162133615,1893.0,,,,,,,,
rf,cross_station,2026,top50,2.0,False,0.8933181684770197,0.8319607839730814,0.9263228277056803,0.9993049180327869,0.6883020589745052,0.9208693520426393,0.8941096905469578,5.21670937538147,0.521489143371582,179836.91739710068,93783,93783,50,9.0,rf_cross_station_bs2_top50_seed2026.json,0.9903950706777818,0.3116979410254948,0.4741659797839573,17533.0,0.969864890106469,0.9756968368305668,0.9727721226503466,15965.0,0.9854014598540146,1.0,0.9926470588235294,135.0,1.0,0.7237521514629949,0.8397403894158761,1162.0,0.9991833401388321,0.9979608482871125,0.9985717200571312,2452.0,0.9559691330004539,0.9401785714285714,0.9480081026333559,8960.0,0.8837964633706243,0.9995918367346939,0.9381344570005746,2450.0,0.7815034762456546,1.0,0.8773527379161754,43164.0,0.9984709480122325,0.9984709480122325,0.9984709480122325,1962.0,,,,,,,,
rf,cross_station,3141,top50,2.0,False,0.8795597532531642,0.8185036045515506,0.9261411292773355,0.9991344829847223,0.6922900675907894,0.9408577465782701,0.9018276818904611,5.0424275398254395,0.6167299747467041,151951.42742735776,93713,93713,50,9.0,rf_cross_station_bs2_top50_seed3141.json,0.9878631849944832,0.3077099324092107,0.4692522711390636,17458.0,0.9043727012668574,0.9771035700769521,0.9393323833489979,15854.0,0.9857142857142858,1.0,0.9928057553956835,138.0,1.0,0.71081307627829,0.8309652131308183,1193.0,0.9987770077456176,0.9987770077456176,0.9987770077456176,2453.0,0.9523683863306505,0.8104648551538289,0.875705186533212,8906.0,0.8794351918899348,0.9967172753385309,0.9344104635506828,2437.0,0.7819221885376064,1.0,0.877616535185879,43331.0,0.9958932238193019,0.9984559958826557,0.9971729632485222,1943.0,,,,,,,,
rf,cross_station,42,top50,2.0,False,0.891409241413148,0.8321181919868897,0.9268239259660374,0.999029368171146,0.6923656163113995,0.9203595360821867,0.8808417001385809,4.724810838699341,0.6252734661102295,149539.36968039573,93503,93503,50,9.0,rf_cross_station_bs2_top50_seed42.json,0.9862581244196843,0.3076343836886006,0.46898317806525675,17264.0,0.9673583152678847,0.9767354596622889,0.9720242725999689,15990.0,0.9776119402985075,1.0,0.9886792452830189,131.0,0.9987819732034104,0.7167832167832168,0.8346055979643766,1144.0,0.9991886409736308,0.9967624443545123,0.9979740680713128,2471.0,0.9575688073394495,0.9349456947710223,0.94612203274602,8931.0,0.8878402903811252,0.9963340122199593,0.9389635316698657,2455.0,0.783212724667646,1.0,0.878428819885884,43184.0,0.9948480164863472,0.9989653388515262,0.9969024264326277,1933.0,,,,,,,,
rf,cross_station,4242,top50,2.0,False,0.8746842365501071,0.8171301543934343,0.9267926447526958,0.9991253492075924,0.6914716199896487,0.9376010316958594,0.8981589422828021,4.506403684616089,0.5369489192962646,175046.4459881703,93991,93991,50,9.0,rf_cross_station_bs2_top50_seed4242.json,0.9876656848306333,0.3085283800103514,0.47018097366460715,17389.0,0.8939620471535366,0.976568879954771,0.9334414122309286,15919.0,0.9724137931034482,1.0,0.986013986013986,141.0,0.9938118811881188,0.6898625429553265,0.8144016227180527,1164.0,0.9991866612444082,0.9959464937170652,0.997563946406821,2467.0,0.949628629304524,0.7877226391844965,0.861131520940485,8927.0,0.8739706408879341,0.9991813344248874,0.9323911382734912,2443.0,0.7838756066870394,1.0,0.8788455918659371,43607.0,0.9994815966822188,0.9968976215098242,0.9981879368366554,1934.0,,,,,,,,
rf,cross_station,456,top50,2.0,False,0.8838986585279651,0.823049081950693,0.9266944468067012,0.9991093297706524,0.6911248056211484,0.9244565790094303,0.8938247150279194,4.819013833999634,0.5732555389404297,163469.85529910066,93710,93710,50,9.0,rf_cross_station_bs2_top50_seed456.json,0.9874792855827657,0.3088751943788516,0.4705624287093095,17363.0,0.9188789688405369,0.9780980552583548,0.9475641729162856,15889.0,0.972027972027972,1.0,0.9858156028368794,139.0,0.9988317757009346,0.7270408163265306,0.8415354330708661,1176.0,0.9979330301777594,0.9975206611570248,0.9977268030584832,2420.0,0.9558655675332911,0.8412769282285969,0.8949180717169318,8959.0,0.889009009009009,0.9979773462783171,0.9403468648751667,2472.0,0.7831963140301743,1.0,0.8784184981406613,43346.0,0.9989706639217705,0.9974306269270298,0.9982000514271021,1946.0,,,,,,,,
rf,cross_station,5555,top50,2.0,False,0.8812836675320358,0.8191790858261305,0.9257482848643069,0.9991088745609896,0.6934656175162505,0.9393457836173837,0.8778743952936122,5.0020225048065186,0.6629211902618408,141564.33883631427,93846,93846,50,9.0,rf_cross_station_bs2_top50_seed5555.json,0.9875091844232182,0.3065343824837496,0.46784439996519017,17538.0,0.9179615407513246,0.9684084913955533,0.9425104679238363,15922.0,1.0,1.0,1.0,133.0,1.0,0.7070279424216765,0.8283730158730159,1181.0,0.9979491386382281,0.9987684729064039,0.9983586376692655,2436.0,0.9362726466489294,0.8382486388384754,0.8845532347836496,8816.0,0.8797675263349074,0.9971181556195965,0.9347742184484755,2429.0,0.7812275147503238,1.0,0.8771788087495708,43430.0,0.9979602243753187,0.9979602243753187,0.9979602243753187,1961.0,,,,,,,,
rf,cross_station,6789,top50,2.0,False,0.8808900606967156,0.8206367775052026,0.9269661899594425,0.9991113434396236,0.6888441633122484,0.9128873128205002,0.8913077964903686,4.544505596160889,0.6127302646636963,153264.8302455625,93910,93910,50,9.0,rf_cross_station_bs2_top50_seed6789.json,0.9875889760905274,0.3111558366877516,0.4732170186715641,17390.0,0.9054844501071407,0.9763941797289702,0.9396033653846154,16013.0,0.9777777777777777,1.0,0.9887640449438202,132.0,0.9964705882352941,0.7184054283290925,0.8348940364711681,1179.0,0.9991883116883117,0.9967611336032388,0.9979732468585326,2470.0,0.9506172839506173,0.812619288200292,0.8762181466012953,8907.0,0.887468030690537,0.9991772932949403,0.940015479876161,2431.0,0.7839310195540804,1.0,0.8788804174166279,43458.0,0.9989626556016598,0.9979274611398964,0.9984447900466563,1930.0,,,,,,,,
rf,cross_station,789,top50,2.0,False,0.8752475014598622,0.8135791090928839,0.9260270654839393,0.999202926956749,0.6928074774877465,0.9175898043327143,0.8668992913482148,4.827920913696289,0.5626852512359619,167191.1602327555,94076,94076,50,9.0,rf_cross_station_bs2_top50_seed789.json,0.9888093927719684,0.3071925225122535,0.4687567943644823,17546.0,0.8838181304716182,0.976657096492323,0.9279212500370623,16022.0,0.9776119402985075,1.0,0.9886792452830189,131.0,1.0,0.7178175618073316,0.8357320099255583,1173.0,0.9975379565038982,0.9987674609695973,0.9981523301170191,2434.0,0.9473386982916843,0.7612024957458877,0.8441313372751289,8815.0,0.8849462365591397,0.9987864077669902,0.9384264538198404,2472.0,0.7816911526994504,1.0,0.8774709932359552,43523.0,0.9989775051124744,0.996938775510204,0.9979570990806946,1960.0,,,,,,,,
rf,holdout_attack,1011,full,,False,0.10598578436928258,0.666686718770847,0.8737257335342612,0.7764691980463211,0.0003902472131258802,,0.3634426090182441,12.686025142669678,0.434356689453125,194137.68003934517,215675,84325,89,9.0,rf_holdout_attack_full_seed1011.json,0.9121367415504188,0.9996097527868741,0.9538720593235432,58937.0,0.0,0.0,0.0,0.0,0.0,0.0,0.0,0.0,0.0,0.0,0.0,2399.0,0.0,0.0,0.0,0.0,0.0,0.0,0.0,18042.0,0.0,0.0,0.0,4947.0,0.0,0.0,0.0,0.0,0.0,0.0,0.0,0.0,,,,,,,,
rf,holdout_attack,123,full,,False,0.1059991003148898,0.6667704806086918,0.8741528239202658,0.7772963604852686,0.00047508356380541935,,0.3661168752225867,13.271848201751709,0.5186772346496582,162577.02163650488,215675,84325,89,9.0,rf_holdout_attack_full_seed123.json,0.9124266220590741,0.9995249164361946,0.9539919028340081,58937.0,0.0,0.0,0.0,0.0,0.0,0.0,0.0,0.0,0.0,0.0,0.0,2399.0,0.0,0.0,0.0,0.0,0.0,0.0,0.0,18042.0,0.0,0.0,0.0,4947.0,0.0,0.0,0.0,0.0,0.0,0.0,0.0,0.0,,,,,,,,
rf,holdout_attack,2026,full,,False,0.1192256012174096,0.6666397162360364,0.8734842270943715,0.7759965337954939,0.0003393454027181567,,0.3658911071024877,14.892250776290894,0.5165846347808838,163235.5945619009,215675,84325,89,9.0,rf_holdout_attack_full_seed2026.json,0.9119713949600644,0.9996606545972818,0.9538048097392768,58937.0,0.0,0.0,0.0,0.0,0.0,0.0,0.0,0.0,0.0,0.0,0.0,2399.0,0.0,0.0,0.0,0.0,0.0,0.0,0.0,18042.0,0.0,0.0,0.0,4947.0,0.0,0.0,0.0,0.0,0.0,0.0,0.0,0.0,,,,,,,,
rf,holdout_attack,3141,full,,False,0.10599162494883663,0.6667234580075453,0.8739115985377202,0.7768236962344415,0.00042418175339769583,,0.3665404719629961,12.8511643409729,0.3613321781158447,233372.51733214036,215675,84325,89,9.0,rf_holdout_attack_full_seed3141.json,0.912261141565239,0.9995758182466024,0.9539246245395296,58937.0,0.0,0.0,0.0,0.0,0.0,0.0,0.0,0.0,0.0,0.0,0.0,2399.0,0.0,0.0,0.0,0.0,0.0,0.0,0.0,18042.0,0.0,0.0,0.0,4947.0,0.0,0.0,0.0,0.0,0.0,0.0,0.0,0.0,,,,,,,,
rf,holdout_attack,42,full,,False,0.11924375394679318,0.6667412156643605,0.8739696889125232,0.7768236962344415,0.00037327994298997236,,0.36568763521539,13.529225587844849,0.5291693210601807,159353.53136318724,215675,84325,89,9.0,rf_holdout_attack_full_seed42.json,0.9122652173239807,0.99962672005701,0.9539500315743454,58937.0,0.0,0.0,0.0,0.0,0.0,0.0,0.0,0.0,0.0,0.0,0.0,2399.0,0.0,0.0,0.0,0.0,0.0,0.0,0.0,18042.0,0.0,0.0,0.0,4947.0,0.0,0.0,0.0,0.0,0.0,0.0,0.0,0.0,,,,,,,,
rf,holdout_attack,4242,full,,False,0.10599264884470279,0.6667298986616335,0.8739253744571479,0.7767843075468726,0.0003902472131258802,,0.3657344339552302,12.685936450958252,0.3392455577850342,248566.26141419736,215675,84325,89,9.0,rf_holdout_attack_full_seed4242.json,0.9122497328935755,0.9996097527868741,0.9539338396023251,58937.0,0.0,0.0,0.0,0.0,0.0,0.0,0.0,0.0,0.0,0.0,0.0,2399.0,0.0,0.0,0.0,0.0,0.0,0.0,0.0,18042.0,0.0,0.0,0.0,4947.0,0.0,0.0,0.0,0.0,0.0,0.0,0.0,0.0,,,,,,,,
rf,holdout_attack,456,full,,False,0.11922021467774054,0.6666095978617961,0.8733930312971008,0.7760359224830629,0.00044114902353360367,,0.3661307531926115,14.984815835952759,0.3275747299194336,257422.17667626432,215675,84325,89,9.0,rf_holdout_attack_full_seed456.json,0.9119773364088115,0.9995588509764664,0.9537617174219243,58937.0,0.0,0.0,0.0,0.0,0.0,0.0,0.0,0.0,0.0,0.0,0.0,2399.0,0.0,0.0,0.0,0.0,0.0,0.0,0.0,18042.0,0.0,0.0,0.0,4947.0,0.0,0.0,0.0,0.0,0.0,0.0,0.0,0.0,,,,,,,,
rf,holdout_attack,5555,full,,False,0.11925801489637305,0.6668209545399384,0.8742743186350543,0.7770600283598551,0.00023754178190270967,,0.36565697221246424,14.070029735565186,0.3479924201965332,242318.4963407432,215675,84325,89,9.0,rf_holdout_attack_full_seed5555.json,0.9123608379914219,0.9997624582180973,0.9540641191709844,58937.0,0.0,0.0,0.0,0.0,0.0,0.0,0.0,0.0,0.0,0.0,0.0,2399.0,0.0,0.0,0.0,0.0,0.0,0.0,0.0,18042.0,0.0,0.0,0.0,4947.0,0.0,0.0,0.0,0.0,0.0,0.0,0.0,0.0,,,,,,,,
rf,holdout_attack,6789,full,,False,0.10601133304006687,0.6668474286207149,0.8744045904690165,0.7772963604852686,0.0002545090520386175,,0.3645517658776644,13.153053522109985,0.40600013732910156,207696.9740816777,215675,84325,89,9.0,rf_holdout_attack_full_seed6789.json,0.9124442517343905,0.9997454909479614,0.9541019973606018,58937.0,0.0,0.0,0.0,0.0,0.0,0.0,0.0,0.0,0.0,0.0,0.0,2399.0,0.0,0.0,0.0,0.0,0.0,0.0,0.0,18042.0,0.0,0.0,0.0,4947.0,0.0,0.0,0.0,0.0,0.0,0.0,0.0,0.0,,,,,,,,
rf,holdout_attack,789,full,,False,0.10601504706481467,0.6668707911026486,0.8745681636991762,0.7777690247360958,0.00037327994298997236,,0.3666496045886279,14.66681456565857,0.4339559078216553,194316.97663315464,215675,84325,89,9.0,rf_holdout_attack_full_seed789.json,0.9126043651346871,0.99962672005701,0.954135423583332,58937.0,0.0,0.0,0.0,0.0,0.0,0.0,0.0,0.0,0.0,0.0,0.0,2399.0,0.0,0.0,0.0,0.0,0.0,0.0,0.0,18042.0,0.0,0.0,0.0,4947.0,0.0,0.0,0.0,0.0,0.0,0.0,0.0,0.0,,,,,,,,
rf,holdout_attack,1011,top20,,False,0.1059135928317036,0.6662326093862916,0.8716366219696297,0.7732393256656688,0.00042418175339769583,,0.3682376615218008,7.761291742324829,0.3630955219268799,232239.16272088134,215675,84325,20,9.0,rf_holdout_attack_top20_seed1011.json,0.9109774389583881,0.9995758182466024,0.9532223354853324,58937.0,0.0,0.0,0.0,0.0,0.0,0.0,0.0,0.0,0.0,0.0,0.0,2399.0,0.0,0.0,0.0,0.0,0.0,0.0,0.0,18042.0,0.0,0.0,0.0,4947.0,0.0,0.0,0.0,0.0,0.0,0.0,0.0,0.0,,,,,,,,
rf,holdout_attack,123,top20,,False,0.11912032355915066,0.6660510652457196,0.8708495280399778,0.7722152197888766,0.0005429526443490507,,0.3672464272206531,9.432065486907959,0.3863253593444824,218274.56562282844,215675,84325,20,9.0,rf_holdout_attack_top20_seed123.json,0.9106016571852584,0.999457047355651,0.9529625884732053,58937.0,0.0,0.0,0.0,0.0,0.0,0.0,0.0,0.0,0.0,0.0,0.0,2399.0,0.0,0.0,0.0,0.0,0.0,0.0,0.0,18042.0,0.0,0.0,0.0,4947.0,0.0,0.0,0.0,0.0,0.0,0.0,0.0,0.0,,,,,,,,
rf,holdout_attack,2026,top20,,False,0.11910797894277189,0.6659820413827593,0.8704292351123658,0.7711911139120845,0.0003393454027181567,,0.3653614732267579,11.5308837890625,0.37520408630371094,224744.35401469131,215675,84325,20,9.0,rf_holdout_attack_top20_seed2026.json,0.9102524487841053,0.9996606545972818,0.9528638315421751,58937.0,0.0,0.0,0.0,0.0,0.0,0.0,0.0,0.0,0.0,0.0,0.0,2399.0,0.0,0.0,0.0,0.0,0.0,0.0,0.0,18042.0,0.0,0.0,0.0,4947.0,0.0,0.0,0.0,0.0,0.0,0.0,0.0,0.0,,,,,,,,
rf,holdout_attack,3141,top20,,False,0.10570433824670565,0.6649163267028144,0.8654477262072199,0.7634709311485741,0.00037327994298997236,,0.3656409420991938,10.885379552841187,0.3347442150115967,251908.75963929264,215675,84325,20,9.0,rf_holdout_attack_top20_seed3141.json,0.9075015403573629,0.99962672005701,0.9513390442203509,58937.0,0.0,0.0,0.0,0.0,0.0,0.0,0.0,0.0,0.0,0.0,0.0,2399.0,0.0,0.0,0.0,0.0,0.0,0.0,0.0,18042.0,0.0,0.0,0.0,4947.0,0.0,0.0,0.0,0.0,0.0,0.0,0.0,0.0,,,,,,,,
rf,holdout_attack,42,top20,,False,0.11920825980669915,0.6665427532264384,0.8731158006738784,0.7757208129825114,0.000509018104077235,,0.367066296860944,9.912338256835938,0.28663063049316406,294193.9591554263,215675,84325,20,9.0,rf_holdout_attack_top20_seed42.json,0.9118589495518645,0.9994909818959228,0.9536660784535932,58937.0,0.0,0.0,0.0,0.0,0.0,0.0,0.0,0.0,0.0,0.0,0.0,2399.0,0.0,0.0,0.0,0.0,0.0,0.0,0.0,18042.0,0.0,0.0,0.0,4947.0,0.0,0.0,0.0,0.0,0.0,0.0,0.0,0.0,,,,,,,,
rf,holdout_attack,4242,top20,,False,0.1058984245104119,0.6661371954738371,0.8711683696135051,0.7724121632267212,0.00037327994298997236,,0.36708515882096987,10.147279024124146,0.4224097728729248,199628.43053199866,215675,84325,20,9.0,rf_holdout_attack_top20_seed4242.json,0.9106858547292598,0.99962672005701,0.9530858205937071,58937.0,0.0,0.0,0.0,0.0,0.0,0.0,0.0,0.0,0.0,0.0,0.0,2399.0,0.0,0.0,0.0,0.0,0.0,0.0,0.0,18042.0,0.0,0.0,0.0,4947.0,0.0,0.0,0.0,0.0,0.0,0.0,0.0,0.0,,,,,,,,
rf,holdout_attack,456,top20,,False,0.1191419208673841,0.6661718247410392,0.8714602751886373,0.7733574917283756,0.0006447562651644977,,0.3669602783442598,9.442896127700806,0.3559141159057617,236925.1351141336,215675,84325,20,9.0,rf_holdout_attack_top20_seed456.json,0.9110018096608046,0.9993552437348355,0.9531353669390727,58937.0,0.0,0.0,0.0,0.0,0.0,0.0,0.0,0.0,0.0,0.0,0.0,2399.0,0.0,0.0,0.0,0.0,0.0,0.0,0.0,18042.0,0.0,0.0,0.0,4947.0,0.0,0.0,0.0,0.0,0.0,0.0,0.0,0.0,,,,,,,,
rf,holdout_attack,5555,top20,,False,0.11894187755365708,0.6650532997217801,0.8660507052312088,0.7642587048999527,0.00028844359231043317,,0.3381079488060636,8.715531349182129,0.3498420715332031,241037.33330425585,215675,84325,20,9.0,rf_holdout_attack_top20_seed5555.json,0.9077883059856714,0.9997115564076896,0.9515350204292566,58937.0,0.0,0.0,0.0,0.0,0.0,0.0,0.0,0.0,0.0,0.0,0.0,2399.0,0.0,0.0,0.0,0.0,0.0,0.0,0.0,18042.0,0.0,0.0,0.0,4947.0,0.0,0.0,0.0,0.0,0.0,0.0,0.0,0.0,,,,,,,,
rf,holdout_attack,6789,top20,,False,0.11917746150671964,0.6663705471754792,0.8722285105532992,0.7739877107294785,0.00032237813258224885,,0.3671574849828736,9.29953670501709,0.3381044864654541,249405.1495191145,215675,84325,20,9.0,rf_holdout_attack_top20_seed6789.json,0.911253402623113,0.9996776218674177,0.9534196920537571,58937.0,0.0,0.0,0.0,0.0,0.0,0.0,0.0,0.0,0.0,0.0,0.0,2399.0,0.0,0.0,0.0,0.0,0.0,0.0,0.0,18042.0,0.0,0.0,0.0,4947.0,0.0,0.0,0.0,0.0,0.0,0.0,0.0,0.0,,,,,,,,
rf,holdout_attack,789,top20,,False,0.10589131904001842,0.6660924996425033,0.8709849393575902,0.7722152197888766,0.00042418175339769583,,0.367714913820469,10.179866313934326,0.3433656692504883,245583.66648613368,215675,84325,20,9.0,rf_holdout_attack_top20_seed789.json,0.9106113300873329,0.9995758182466024,0.9530218713601657,58937.0,0.0,0.0,0.0,0.0,0.0,0.0,0.0,0.0,0.0,0.0,0.0,2399.0,0.0,0.0,0.0,0.0,0.0,0.0,0.0,18042.0,0.0,0.0,0.0,4947.0,0.0,0.0,0.0,0.0,0.0,0.0,0.0,0.0,,,,,,,,
rf,holdout_attack,1011,top20_stable,,False,0.10594522269969599,0.6664315720399389,0.8725683738881619,0.7747360957932882,0.00044114902353360367,,0.36758389542070286,9.32395076751709,0.31319189071655273,269243.8805074824,215675,84325,20,9.0,rf_holdout_attack_top20_stable_seed1011.json,0.9115116818814792,0.9995588509764664,0.9535070042972639,58937.0,0.0,0.0,0.0,0.0,0.0,0.0,0.0,0.0,0.0,0.0,0.0,2399.0,0.0,0.0,0.0,0.0,0.0,0.0,0.0,18042.0,0.0,0.0,0.0,4947.0,0.0,0.0,0.0,0.0,0.0,0.0,0.0,0.0,,,,,,,,
rf,holdout_attack,123,top20_stable,,False,0.11921588627679554,0.6665853959794128,0.8733212180311156,0.7760753111706318,0.0005259853742131429,,0.36695646862077985,9.718647241592407,0.6448173522949219,130773.46585026769,215675,84325,20,9.0,rf_holdout_attack_top20_stable_seed123.json,0.9119846418231642,0.9994740146257869,0.9537270902143643,58937.0,0.0,0.0,0.0,0.0,0.0,0.0,0.0,0.0,0.0,0.0,0.0,2399.0,0.0,0.0,0.0,0.0,0.0,0.0,0.0,18042.0,0.0,0.0,0.0,4947.0,0.0,0.0,0.0,0.0,0.0,0.0,0.0,0.0,,,,,,,,
rf,holdout_attack,2026,top20_stable,,False,0.11913023082771226,0.6661064608875543,0.8710007109847139,0.772057665038601,0.00032237813258224885,,0.36763894293443394,8.957277536392212,0.34471821784973145,244620.0857210242,215675,84325,20,9.0,rf_holdout_attack_top20_stable_seed2026.json,0.9105633258635345,0.9996776218674177,0.9530418466216981,58937.0,0.0,0.0,0.0,0.0,0.0,0.0,0.0,0.0,0.0,0.0,0.0,2399.0,0.0,0.0,0.0,0.0,0.0,0.0,0.0,18042.0,0.0,0.0,0.0,4947.0,0.0,0.0,0.0,0.0,0.0,0.0,0.0,0.0,,,,,,,,
rf,holdout_attack,3141,top20_stable,,False,0.10594668673804958,0.6664407813403362,0.8726353374287552,0.7749330392311328,0.0004920508339413272,,0.3673248736376929,9.168806791305542,0.36797595024108887,229158.99787676972,215675,84325,20,9.0,rf_holdout_attack_top20_stable_seed3141.json,0.9115781003373464,0.9995079491660587,0.9535201806424461,58937.0,0.0,0.0,0.0,0.0,0.0,0.0,0.0,0.0,0.0,0.0,0.0,2399.0,0.0,0.0,0.0,0.0,0.0,0.0,0.0,18042.0,0.0,0.0,0.0,4947.0,0.0,0.0,0.0,0.0,0.0,0.0,0.0,0.0,,,,,,,,
rf,holdout_attack,42,top20_stable,,False,0.11922812272322512,0.6666538150193863,0.8735815602836879,0.7762722546084765,0.000407214483261788,,0.3676993513903457,9.549171447753906,0.35489988327026367,237602.21959775838,215675,84325,20,9.0,rf_holdout_attack_top20_stable_seed42.json,0.9120647748208011,0.9995927855167382,0.953824981785801,58937.0,0.0,0.0,0.0,0.0,0.0,0.0,0.0,0.0,0.0,0.0,0.0,2399.0,0.0,0.0,0.0,0.0,0.0,0.0,0.0,18042.0,0.0,0.0,0.0,4947.0,0.0,0.0,0.0,0.0,0.0,0.0,0.0,0.0,,,,,,,,
rf,holdout_attack,4242,top20_stable,,False,0.1192011039349941,0.6665027417839784,0.872882107690943,0.7751693713565464,0.000407214483261788,,0.36817670791241985,8.647082805633545,0.3586702346801758,235104.5385051038,215675,84325,20,9.0,rf_holdout_attack_top20_stable_seed4242.json,0.9116695810959285,0.9995927855167382,0.9536088314799528,58937.0,0.0,0.0,0.0,0.0,0.0,0.0,0.0,0.0,0.0,0.0,0.0,2399.0,0.0,0.0,0.0,0.0,0.0,0.0,0.0,18042.0,0.0,0.0,0.0,4947.0,0.0,0.0,0.0,0.0,0.0,0.0,0.0,0.0,,,,,,,,
rf,holdout_attack,456,top20_stable,,False,0.11916948549047535,0.6663259499652199,0.8721270742745585,0.7742240428548921,0.0005429526443490507,,0.3676200382499957,8.15740156173706,0.3974497318267822,212165.19536299695,215675,84325,20,9.0,rf_holdout_attack_top20_stable_seed456.json,0.9113201417144979,0.999457047355651,0.9533558839238028,58937.0,0.0,0.0,0.0,0.0,0.0,0.0,0.0,0.0,0.0,0.0,0.0,2399.0,0.0,0.0,0.0,0.0,0.0,0.0,0.0,18042.0,0.0,0.0,0.0,4947.0,0.0,0.0,0.0,0.0,0.0,0.0,0.0,0.0,,,,,,,,
rf,holdout_attack,5555,top20_stable,,False,0.11921710345274131,0.666592201714245,0.8732481816569096,0.7755632582322357,0.000305410862446341,,0.3550472857152478,8.53281545639038,0.3811507225036621,221237.93822584135,215675,84325,20,9.0,rf_holdout_attack_top20_stable_seed5555.json,0.9118188711948868,0.9996945891375537,0.9537368276219305,58937.0,0.0,0.0,0.0,0.0,0.0,0.0,0.0,0.0,0.0,0.0,0.0,2399.0,0.0,0.0,0.0,0.0,0.0,0.0,0.0,18042.0,0.0,0.0,0.0,4947.0,0.0,0.0,0.0,0.0,0.0,0.0,0.0,0.0,,,,,,,,
rf,holdout_attack,6789,top20_stable,,False,0.11918247135736941,0.6663985593253987,0.8723423143503928,0.7741058767921852,0.00028844359231043317,,0.36725561306338,10.120005130767822,0.44725990295410156,188536.90984379064,215675,84325,20,9.0,rf_holdout_attack_top20_stable_seed6789.json,0.911298430129147,0.9997115564076896,0.9534597708589553,58937.0,0.0,0.0,0.0,0.0,0.0,0.0,0.0,0.0,0.0,0.0,0.0,2399.0,0.0,0.0,0.0,0.0,0.0,0.0,0.0,18042.0,0.0,0.0,0.0,4947.0,0.0,0.0,0.0,0.0,0.0,0.0,0.0,0.0,,,,,,,,
rf,holdout_attack,789,top20_stable,,False,0.1192156704034967,0.6665841889423906,0.8732513025163507,0.7757208129825114,0.0003902472131258802,,0.36817717847786297,7.959473371505737,0.3702123165130615,227774.70180958963,215675,84325,20,9.0,rf_holdout_attack_top20_stable_seed789.json,0.9118684992570579,0.9996097527868741,0.9537253632279736,58937.0,0.0,0.0,0.0,0.0,0.0,0.0,0.0,0.0,0.0,0.0,0.0,2399.0,0.0,0.0,0.0,0.0,0.0,0.0,0.0,18042.0,0.0,0.0,0.0,4947.0,0.0,0.0,0.0,0.0,0.0,0.0,0.0,0.0,,,,,,,,
rf,holdout_attack,1011,top50,,False,0.10599024039218333,0.6667147486741414,0.8738393351800554,0.7765873641090278,0.0003563126728540645,,0.3656773598372088,11.072648525238037,0.3432435989379883,245671.00525954596,215675,84325,50,9.0,rf_holdout_attack_top50_seed1011.json,0.9121818294420017,0.9996436873271459,0.9539121635296499,58937.0,0.0,0.0,0.0,0.0,0.0,0.0,0.0,0.0,0.0,0.0,0.0,2399.0,0.0,0.0,0.0,0.0,0.0,0.0,0.0,18042.0,0.0,0.0,0.0,4947.0,0.0,0.0,0.0,0.0,0.0,0.0,0.0,0.0,,,,,,,,
rf,holdout_attack,123,top50,,False,0.10598185419668929,0.6666619966452711,0.8736594877248959,0.7765479754214589,0.0004920508339413272,,0.366379233965362,10.597351789474487,0.37828922271728516,222911.45223299257,215675,84325,50,9.0,rf_holdout_attack_top50_seed123.json,0.9121568263111441,0.9995079491660587,0.9538366877702036,58937.0,0.0,0.0,0.0,0.0,0.0,0.0,0.0,0.0,0.0,0.0,0.0,2399.0,0.0,0.0,0.0,0.0,0.0,0.0,0.0,18042.0,0.0,0.0,0.0,4947.0,0.0,0.0,0.0,0.0,0.0,0.0,0.0,0.0,,,,,,,,
rf,holdout_attack,2026,top50,,False,0.11924683651907804,0.6667584516027183,0.8740333695242738,0.7768630849220104,0.0003393454027181567,,0.36762820893719544,13.351438045501709,0.4807453155517578,175404.72527167338,215675,84325,50,9.0,rf_holdout_attack_top50_seed2026.json,0.912282060016723,0.9996606545972818,0.9539746921526243,58937.0,0.0,0.0,0.0,0.0,0.0,0.0,0.0,0.0,0.0,0.0,0.0,2399.0,0.0,0.0,0.0,0.0,0.0,0.0,0.0,18042.0,0.0,0.0,0.0,4947.0,0.0,0.0,0.0,0.0,0.0,0.0,0.0,0.0,,,,,,,,
rf,holdout_attack,3141,top50,,False,0.10598484337403585,0.6666807995899194,0.8737063711911357,0.7764691980463211,0.000407214483261788,,0.36639986140938524,11.343116521835327,0.40443921089172363,208498.57711391753,215675,84325,50,9.0,rf_holdout_attack_top50_seed3141.json,0.9121353811853595,0.9995927855167382,0.9538635903663226,58937.0,0.0,0.0,0.0,0.0,0.0,0.0,0.0,0.0,0.0,0.0,0.0,2399.0,0.0,0.0,0.0,0.0,0.0,0.0,0.0,18042.0,0.0,0.0,0.0,4947.0,0.0,0.0,0.0,0.0,0.0,0.0,0.0,0.0,,,,,,,,
rf,holdout_attack,42,top50,,False,0.11924568476958451,0.6667520116942783,0.8740195861213276,0.7769024736095793,0.00037327994298997236,,0.3677294751111784,13.176280498504639,0.3835322856903076,219864.15002383984,215675,84325,50,9.0,rf_holdout_attack_top50_seed42.json,0.9122934700134718,0.99962672005701,0.9539654781566761,58937.0,0.0,0.0,0.0,0.0,0.0,0.0,0.0,0.0,0.0,0.0,0.0,2399.0,0.0,0.0,0.0,0.0,0.0,0.0,0.0,18042.0,0.0,0.0,0.0,4947.0,0.0,0.0,0.0,0.0,0.0,0.0,0.0,0.0,,,,,,,,
rf,holdout_attack,4242,top50,,False,0.11929001846632326,0.6669998997544921,0.8751715284847948,0.7787537419253191,0.0003902472131258802,,0.36733269001819674,11.4227876663208,0.39464807510375977,213671.38298553592,215675,84325,50,9.0,rf_holdout_attack_top50_seed4242.json,0.9129565635121104,0.9996097527868741,0.954320147730586,58937.0,0.0,0.0,0.0,0.0,0.0,0.0,0.0,0.0,0.0,0.0,0.0,2399.0,0.0,0.0,0.0,0.0,0.0,0.0,0.0,18042.0,0.0,0.0,0.0,4947.0,0.0,0.0,0.0,0.0,0.0,0.0,0.0,0.0,,,,,,,,
rf,holdout_attack,456,top50,,False,0.11922195777475553,0.6666193442391477,0.8734541908603342,0.7761934772333385,0.00047508356380541935,,0.3667656691935646,11.704216003417969,0.41143345832824707,204954.16280103402,215675,84325,50,9.0,rf_holdout_attack_top50_seed456.json,0.912031087922466,0.9995249164361946,0.9537756621980442,58937.0,0.0,0.0,0.0,0.0,0.0,0.0,0.0,0.0,0.0,0.0,0.0,2399.0,0.0,0.0,0.0,0.0,0.0,0.0,0.0,18042.0,0.0,0.0,0.0,4947.0,0.0,0.0,0.0,0.0,0.0,0.0,0.0,0.0,,,,,,,,
rf,holdout_attack,5555,top50,,False,0.11923668447466408,0.6667016873177137,0.8737308800709377,0.7762328659209076,0.0002545090520386175,,0.36776836187287604,11.417337656021118,0.4020273685455322,209749.40165161825,215675,84325,50,9.0,rf_holdout_attack_top50_seed5555.json,0.9120629072953268,0.9997454909479614,0.9538934757973127,58937.0,0.0,0.0,0.0,0.0,0.0,0.0,0.0,0.0,0.0,0.0,0.0,2399.0,0.0,0.0,0.0,0.0,0.0,0.0,0.0,18042.0,0.0,0.0,0.0,4947.0,0.0,0.0,0.0,0.0,0.0,0.0,0.0,0.0,,,,,,,,
rf,holdout_attack,6789,top50,,False,0.11926546078733018,0.6668625876001545,0.8744905192273613,0.7774933039231133,0.00028844359231043317,,0.3666442951340901,11.206096649169922,0.48677611351013184,173231.58975886117,215675,84325,50,9.0,rf_holdout_attack_top50_seed6789.json,0.9125121962551689,0.9997115564076896,0.9541236862986414,58937.0,0.0,0.0,0.0,0.0,0.0,0.0,0.0,0.0,0.0,0.0,0.0,2399.0,0.0,0.0,0.0,0.0,0.0,0.0,0.0,18042.0,0.0,0.0,0.0,4947.0,0.0,0.0,0.0,0.0,0.0,0.0,0.0,0.0,,,,,,,,
rf,holdout_attack,789,top50,,False,0.1060237147890809,0.6669253140434812,0.8748117970064653,0.7781235229242162,0.0003563126728540645,,0.36753458478817796,11.414210796356201,0.39562511444091797,213143.69821836211,215675,84325,50,9.0,rf_holdout_attack_top50_seed789.json,0.9127329625555779,0.9996436873271459,0.9542134331017281,58937.0,0.0,0.0,0.0,0.0,0.0,0.0,0.0,0.0,0.0,0.0,0.0,2399.0,0.0,0.0,0.0,0.0,0.0,0.0,0.0,18042.0,0.0,0.0,0.0,4947.0,0.0,0.0,0.0,0.0,0.0,0.0,0.0,0.0,,,,,,,,
rf,random,1011,full,,False,0.9979171882065252,0.9991665463031485,0.9998215584807764,0.9998627316403569,0.0003393425238600212,0.9999950842281162,0.9998989562835945,15.630798578262329,0.42032623291015625,142746.26540576844,240000,60000,89,9.0,rf_random_full_seed1011.json,0.9997878839300866,0.99966065747614,0.9997242666553545,23575.0,0.9969844916714532,0.9991365664124334,0.9980593689355279,6949.0,1.0,1.0,1.0,57.0,1.0,1.0,1.0,480.0,0.9939455095862765,0.9959555106167847,0.9949494949494949,989.0,0.998330550918197,0.9944567627494457,0.9963898916967509,3608.0,0.9979757085020243,0.9969666329625885,0.9974709155285787,989.0,0.9997341486109265,0.9997784473590925,0.9997562974942952,22568.0,0.9949044585987261,0.9949044585987261,0.9949044585987261,785.0,,,,,,,,
rf,random,123,full,,False,0.9975998188166803,0.9990499682688287,0.9998078348477778,0.9998627316403569,0.00038176033934252384,0.9999959413863243,0.9999638388622508,15.643760204315186,0.49852561950683594,120354.89782722644,240000,60000,89,9.0,rf_random_full_seed123.json,0.9997878749310594,0.9996182396606574,0.9997030500996903,23575.0,0.9964075298175025,0.9978414160310836,0.99712395743457,6949.0,0.9827586206896551,1.0,0.991304347826087,57.0,1.0,1.0,1.0,480.0,0.997979797979798,0.9989888776541962,0.9984840828701365,989.0,0.995279089141905,0.9933481152993349,0.9943126647246497,3608.0,1.0,0.9979777553083923,0.9989878542510121,989.0,0.9997341486109265,0.9997784473590925,0.9997562974942952,22568.0,0.9987261146496815,0.9987261146496815,0.9987261146496815,785.0,,,,,,,,
rf,random,2026,full,,False,0.9979641674099047,0.9992000071481703,0.9997803585646432,0.9997254632807138,0.0002545068928950159,0.9999983370817167,0.9999867795669061,16.78433871269226,0.5124704837799072,117079.91367122022,240000,60000,89,9.0,rf_random_full_seed2026.json,0.9995758938038085,0.999745493107105,0.9996606862620351,23575.0,0.9972689377605289,0.9984170384227946,0.9978426578455343,6949.0,0.9827586206896551,1.0,0.991304347826087,57.0,1.0,1.0,1.0,480.0,0.997979797979798,0.9989888776541962,0.9984840828701365,989.0,0.9966685174902832,0.9950110864745011,0.9958391123439667,3608.0,1.0,0.9989888776541962,0.9994941831057157,989.0,0.9998227107525929,0.9995568947181851,0.9996897850653668,22568.0,1.0,0.9987261146496815,0.9993626513702996,785.0,,,,,,,,
rf,random,3141,full,,False,0.9985311356375662,0.999083194989221,0.9997254406677283,0.9996431022649279,0.00029692470837751854,0.9999962548669716,0.9999785946781602,15.302685737609863,0.5345640182495117,112241.00005173666,240000,60000,89,9.0,rf_random_full_seed3141.json,0.9994487087061618,0.9997030752916225,0.999575875816439,23575.0,0.997125197642662,0.9982731328248668,0.9976988350352366,6949.0,1.0,1.0,1.0,57.0,1.0,1.0,1.0,480.0,0.9979736575481256,0.9959555106167847,0.9969635627530364,989.0,0.9969444444444444,0.9947339246119734,0.9958379578246392,3608.0,1.0,0.9979777553083923,0.9989878542510121,989.0,0.9997340779151709,0.9995125841900036,0.9996233187830981,22568.0,0.9961928934010152,1.0,0.9980928162746344,785.0,,,,,,,,
rf,random,42,full,,False,0.9980171400964449,0.9990834283687094,0.9998489985860777,0.9998078242964996,0.0001696712619300106,0.999994498427208,0.9999714887770875,16.14796733856201,0.35974574089050293,166784.46241358673,240000,60000,89,9.0,rf_random_full_seed42.json,0.9997031130715074,0.99983032873807,0.9997667168578882,23575.0,0.997410071942446,0.997553604835228,0.997481833225412,6949.0,1.0,1.0,1.0,57.0,1.0,1.0,1.0,480.0,0.9939516129032258,0.9969666329625885,0.9954568399798082,989.0,0.9950110864745011,0.9950110864745011,0.9950110864745011,3608.0,1.0,0.9969666329625885,0.9984810126582279,989.0,0.9998670448502038,0.9996898263027295,0.9997784277231233,22568.0,0.9961783439490446,0.9961783439490446,0.9961783439490446,785.0,,,,,,,,
rf,random,4242,full,,False,0.9977535026340827,0.9992666138603784,0.9998764601721322,0.9998901853122856,0.00021208907741251324,0.999998977335884,0.9999859274789445,15.595803499221802,0.4605567455291748,130277.10609484318,240000,60000,89,9.0,rf_random_full_seed4242.json,0.9998303215406804,0.9997879109225875,0.9998091157818829,23575.0,0.997411933860532,0.9982731328248668,0.9978423475258918,6949.0,0.9827586206896551,1.0,0.991304347826087,57.0,1.0,1.0,1.0,480.0,0.9989868287740629,0.9969666329625885,0.9979757085020243,989.0,0.9966685174902832,0.9950110864745011,0.9958391123439667,3608.0,0.9989878542510121,0.9979777553083923,0.9984825493171472,989.0,0.9997784571757721,0.999822757887274,0.999800607040787,22568.0,0.9974587039390089,1.0,0.9987277353689568,785.0,,,,,,,,
rf,random,456,full,,False,0.9979353199471901,0.99911640575702,0.9997940946341062,0.999780370624571,0.00029692470837751854,0.9999985836030548,0.9999839820197738,16.669769048690796,0.5265355110168457,113952.42817360592,240000,60000,89,9.0,rf_random_full_seed456.json,0.999660671869698,0.9997030752916225,0.9996818731310047,23575.0,0.9962670495333812,0.9985609440207224,0.9974126778783958,6949.0,0.9827586206896551,1.0,0.991304347826087,57.0,1.0,1.0,1.0,480.0,1.0,0.9979777553083923,0.9989878542510121,989.0,0.9972160356347439,0.9927937915742794,0.995,3608.0,1.0,1.0,1.0,989.0,0.9996898125581601,0.9996455157745481,0.9996676636756398,22568.0,0.9987277353689568,1.0,0.9993634627625716,785.0,,,,,,,,
rf,random,5555,full,,False,0.9991568420529914,0.9992334009607516,0.9997392080159221,0.9998078242964996,0.0005090137857900318,0.9999987633249956,0.9999795503781582,15.532501697540283,0.3690471649169922,162580.84522474377,240000,60000,89,9.0,rf_random_full_seed5555.json,0.999703012303776,0.99949098621421,0.9995969880156963,23575.0,0.9978417266187051,0.9979853216290113,0.9979135189581985,6949.0,1.0,1.0,1.0,57.0,1.0,1.0,1.0,480.0,1.0,1.0,1.0,989.0,0.9961218836565097,0.9966740576496674,0.9963978941535051,3608.0,1.0,0.9989888776541962,0.9994941831057157,989.0,0.9996012405848471,0.9996898263027295,0.9996455314812354,22568.0,0.9987277353689568,1.0,0.9993634627625716,785.0,,,,,,,,
rf,random,6789,full,,False,0.998577101522563,0.9990999535203919,0.9997391578918466,0.9996156485929993,0.00021208907741251324,0.9999979841951205,0.9999845148021603,15.740276098251343,0.5316433906555176,112857.60540730105,240000,60000,89,9.0,rf_random_full_seed6789.json,0.9994063772048847,0.9997879109225875,0.999597107657075,23575.0,0.9975543087325565,0.9978414160310836,0.9976978417266187,6949.0,1.0,1.0,1.0,57.0,1.0,1.0,1.0,480.0,0.9979777553083923,0.9979777553083923,0.9979777553083923,989.0,0.996116504854369,0.9952882483370288,0.9957022043532511,3608.0,0.9969758064516129,1.0,0.9984856133266027,989.0,0.9998670094866566,0.9994239631336406,0.9996454372202278,22568.0,0.9987244897959183,0.9974522292993631,0.9980879541108987,785.0,,,,,,,,
rf,random,789,full,,False,0.9985462759797247,0.999099570749441,0.9997940833276134,0.9997254632807138,0.00021208907741251324,0.9999949988018523,0.9999742290240723,15.197006225585938,0.5075788497924805,118208.23508412637,240000,60000,89,9.0,rf_random_full_seed789.json,0.9995759117896522,0.9997879109225875,0.9996819001166366,23575.0,0.9959827833572453,0.9989926608145057,0.9974854515410589,6949.0,1.0,1.0,1.0,57.0,1.0,1.0,1.0,480.0,1.0,0.9959555106167847,0.9979736575481256,989.0,0.9980485085029273,0.9922394678492239,0.995135510771369,3608.0,0.998989898989899,1.0,0.9994946942900454,989.0,0.9997784080836731,0.9996012052463665,0.9996897988123726,22568.0,0.9961880559085133,0.9987261146496815,0.9974554707379135,785.0,,,,,,,,
rf,random,1011,top20,,False,0.9977901252917825,0.999149858481186,0.9998215584807764,0.9998627316403569,0.0003393425238600212,0.9999993178067483,0.9999829051610699,10.516924619674683,0.3278021812438965,183037.220107324,240000,60000,20,9.0,rf_random_top20_seed1011.json,0.9997878839300866,0.99966065747614,0.9997242666553545,23575.0,0.9968418030433535,0.9992804720103612,0.9980596478620194,6949.0,1.0,1.0,1.0,57.0,1.0,1.0,1.0,480.0,0.9929435483870968,0.9959555106167847,0.99444724886421,989.0,0.998608017817372,0.9941796008869179,0.9963888888888889,3608.0,0.9979757085020243,0.9969666329625885,0.9974709155285787,989.0,0.9997341486109265,0.9997784473590925,0.9997562974942952,22568.0,0.9948979591836735,0.9936305732484076,0.994263862332696,785.0,,,,,,,,
rf,random,123,top20,,False,0.9985923805701683,0.9991334094355652,0.9997941115915174,0.9998627316403569,0.0004241781548250265,0.9999984009720914,0.9999763014828689,11.956890106201172,0.34740710258483887,172708.04066346816,240000,60000,20,9.0,rf_random_top20_seed123.json,0.9997878659312686,0.999575821845175,0.9996818326439707,23575.0,0.9972673666043435,0.9978414160310836,0.9975543087325565,6949.0,1.0,1.0,1.0,57.0,1.0,1.0,1.0,480.0,0.9959677419354839,0.9989888776541962,0.9974760222110045,989.0,0.9952869420571112,0.9950110864745011,0.9951489951489951,3608.0,1.0,0.9979777553083923,0.9989878542510121,989.0,0.9997341486109265,0.9997784473590925,0.9997562974942952,22568.0,0.9987261146496815,0.9987261146496815,0.9987261146496815,785.0,,,,,,,,
rf,random,2026,top20,,False,0.9980376673102312,0.9992166722293893,0.9997529033852236,0.9996980096087852,0.00029692470837751854,0.9999984202285633,0.9999900697935546,12.248521089553833,0.4724290370941162,127003.20109249961,240000,60000,20,9.0,rf_random_top20_seed2026.json,0.9995334831841893,0.9997030752916225,0.9996182720447894,23575.0,0.9975560667050029,0.9985609440207224,0.9980582524271845,6949.0,0.9827586206896551,1.0,0.991304347826087,57.0,1.0,1.0,1.0,480.0,0.997979797979798,0.9989888776541962,0.9984840828701365,989.0,0.997223764575236,0.9955654101995566,0.9963938973647711,3608.0,1.0,0.9989888776541962,0.9994941831057157,989.0,0.9997340779151709,0.9995125841900036,0.9996233187830981,22568.0,1.0,0.9987261146496815,0.9993626513702996,785.0,,,,,,,,
rf,random,3141,top20,,False,0.9983003249282506,0.9990499403234085,0.9996979930263844,0.9996431022649279,0.00038176033934252384,0.999998553006632,0.9999665162022526,13.446925401687622,0.43331360816955566,138467.84146350186,240000,60000,20,9.0,rf_random_top20_seed3141.json,0.999448661944951,0.9996182396606574,0.9995334436102982,23575.0,0.997411933860532,0.9982731328248668,0.9978423475258918,6949.0,1.0,1.0,1.0,57.0,1.0,1.0,1.0,480.0,0.9979716024340771,0.9949443882709808,0.9964556962025316,989.0,0.9969461410327596,0.9952882483370288,0.996116504854369,3608.0,1.0,0.9979777553083923,0.9989878542510121,989.0,0.9996454686461334,0.9995125841900036,0.9995790220016396,22568.0,0.9936628643852978,0.9987261146496815,0.9961880559085133,785.0,,,,,,,,
rf,random,42,top20,,False,0.9980114466660083,0.9991333950346348,0.999794088981015,0.9997529169526425,0.0002545068928950159,0.9999968425530407,0.9999697199504973,14.312222480773926,0.37172770500183105,161408.46967460887,240000,60000,20,9.0,rf_random_top20_seed42.json,0.9996182882347951,0.999745493107105,0.999681886624393,23575.0,0.9979853216290113,0.9979853216290113,0.9979853216290113,6949.0,1.0,1.0,1.0,57.0,1.0,1.0,1.0,480.0,0.9939516129032258,0.9969666329625885,0.9954568399798082,989.0,0.9955678670360111,0.996119733924612,0.9958437240232751,3608.0,1.0,0.9969666329625885,0.9984810126582279,989.0,0.9998227343230667,0.9996898263027295,0.999756275895686,22568.0,0.9961685823754789,0.9936305732484076,0.9948979591836735,785.0,,,,,,,,
rf,random,4242,top20,,False,0.9978306510274483,0.9993333109934726,0.9998490110221954,0.9998901853122856,0.00029692470837751854,0.999998315768206,0.9999906847749279,12.578297138214111,0.3901553153991699,153784.90983421227,240000,60000,20,9.0,rf_random_top20_seed4242.json,0.9998303071440693,0.9997030752916225,0.9997666871699153,23575.0,0.9978432782171099,0.9987048496186501,0.9982738780207134,6949.0,0.9827586206896551,1.0,0.991304347826087,57.0,1.0,1.0,1.0,480.0,0.9989868287740629,0.9969666329625885,0.9979757085020243,989.0,0.9975013881177124,0.9958425720620843,0.9966712898751734,3608.0,0.9979777553083923,0.9979777553083923,0.9979777553083923,989.0,0.999734160389898,0.999822757887274,0.9997784571757721,22568.0,0.9974587039390089,1.0,0.9987277353689568,785.0,,,,,,,,
rf,random,456,top20,,False,0.9986806511634652,0.9990831926780585,0.9997391936967235,0.9997529169526425,0.0004241781548250265,0.9999954015519936,0.9999840507556428,17.177324771881104,0.3996241092681885,150141.09161200255,240000,60000,20,9.0,rf_random_top20_seed456.json,0.999618223466531,0.999575821845175,0.9995970222061974,23575.0,0.9965522195086913,0.9982731328248668,0.997411933860532,6949.0,1.0,1.0,1.0,57.0,1.0,0.9979166666666667,0.9989572471324296,480.0,1.0,0.9979777553083923,0.9989878542510121,989.0,0.9966648137854364,0.9939024390243902,0.9952817096863724,3608.0,0.998989898989899,1.0,0.9994946942900454,989.0,0.9996898125581601,0.9996455157745481,0.9996676636756398,22568.0,0.9974587039390089,1.0,0.9987277353689568,785.0,,,,,,,,
rf,random,5555,top20,,False,0.9992490052983717,0.9993333739342971,0.9997392080159221,0.9998078242964996,0.0005090137857900318,0.9999988701437099,0.9999917322682264,13.282997608184814,0.4843106269836426,123887.43227397007,240000,60000,20,9.0,rf_random_top20_seed5555.json,0.999703012303776,0.99949098621421,0.9995969880156963,23575.0,0.9984170384227946,0.9984170384227946,0.9984170384227946,6949.0,1.0,1.0,1.0,57.0,1.0,1.0,1.0,480.0,1.0,1.0,1.0,989.0,0.9969529085872576,0.9975055432372506,0.9972291493488501,3608.0,0.9989888776541962,0.9989888776541962,0.9989888776541962,989.0,0.9996012405848471,0.9996898263027295,0.9996455314812354,22568.0,0.9987277353689568,1.0,0.9993634627625716,785.0,,,,,,,,
rf,random,6789,top20,,False,0.9983966041959254,0.9991333302043439,0.9997528830313015,0.9996156485929993,0.0001696712619300106,0.9999981319211749,0.999986027403755,12.332027912139893,0.3807544708251953,157581.86599874764,240000,60000,20,9.0,rf_random_top20_seed6789.json,0.9994064023743905,0.99983032873807,0.999618320610687,23575.0,0.9978417266187051,0.9979853216290113,0.9979135189581985,6949.0,1.0,1.0,1.0,57.0,1.0,1.0,1.0,480.0,0.996969696969697,0.9979777553083923,0.9974734714502274,989.0,0.9963958968672026,0.996119733924612,0.9962577962577963,3608.0,0.9989878542510121,0.9979777553083923,0.9984825493171472,989.0,0.9998670094866566,0.9994239631336406,0.9996454372202278,22568.0,0.9961783439490446,0.9961783439490446,0.9961783439490446,785.0,,,,,,,,
rf,random,789,top20,,False,0.998489427854629,0.9991163967120686,0.9997666405853203,0.9997529169526425,0.0003393425238600212,0.9999971138713407,0.9999813895975365,15.386490821838379,0.468644380569458,128028.84764582677,240000,60000,20,9.0,rf_random_top20_seed789.json,0.9996182558534102,0.99966065747614,0.9996394562151386,23575.0,0.9965546942291128,0.9989926608145057,0.9977721882860223,6949.0,1.0,1.0,1.0,57.0,1.0,1.0,1.0,480.0,1.0,0.9949443882709808,0.9974657881398885,989.0,0.9980506822612085,0.9933481152993349,0.9956938463675511,3608.0,1.0,1.0,1.0,989.0,0.9996455157745481,0.9996455157745481,0.9996455157745481,22568.0,0.9936628643852978,0.9987261146496815,0.9961880559085133,785.0,,,,,,,,
rf,random,1011,top20_stable,,False,0.9981662397373496,0.999216635254913,0.9998215584807764,0.9998627316403569,0.0003393425238600212,0.9999991969354445,0.999980825238447,11.172258615493774,0.39036035537719727,153704.13304912386,240000,60000,20,9.0,rf_random_top20_stable_seed1011.json,0.9997878839300866,0.99966065747614,0.9997242666553545,23575.0,0.9971276748527933,0.9991365664124334,0.9981311098332375,6949.0,1.0,1.0,1.0,57.0,1.0,1.0,1.0,480.0,0.9989847715736041,0.9949443882709808,0.9969604863221885,989.0,0.9983310152990265,0.9947339246119734,0.9965292239344717,3608.0,0.9979757085020243,0.9969666329625885,0.9974709155285787,989.0,0.9997341486109265,0.9997784473590925,0.9997562974942952,22568.0,0.9911504424778761,0.9987261146496815,0.9949238578680203,785.0,,,,,,,,
rf,random,123,top20_stable,,False,0.9985698811068686,0.9991001111489578,0.9997666662091494,0.9998627316403569,0.0005090137857900318,0.9999981828685071,0.9999820879747003,12.482569456100464,0.38849854469299316,154440.73296957742,240000,60000,20,9.0,rf_random_top20_stable_seed123.json,0.9997878479293958,0.99949098621421,0.9996393950321363,23575.0,0.9972673666043435,0.9978414160310836,0.9975543087325565,6949.0,1.0,1.0,1.0,57.0,1.0,1.0,1.0,480.0,0.9959677419354839,0.9989888776541962,0.9974760222110045,989.0,0.9950110864745011,0.9950110864745011,0.9950110864745011,3608.0,1.0,0.9979777553083923,0.9989878542510121,989.0,0.9996898537882144,0.9997784473590925,0.9997341486109265,22568.0,0.9987261146496815,0.9987261146496815,0.9987261146496815,785.0,,,,,,,,
rf,random,2026,top20_stable,,False,0.9980142242559887,0.9991999883569651,0.9997529033852236,0.9996980096087852,0.00029692470837751854,0.999998316123772,0.9999900617618095,11.709693908691406,0.4210939407348633,142486.02080403306,240000,60000,20,9.0,rf_random_top20_stable_seed2026.json,0.9995334831841893,0.9997030752916225,0.9996182720447894,23575.0,0.9974126778783958,0.9985609440207224,0.9979864806558321,6949.0,0.9827586206896551,1.0,0.991304347826087,57.0,1.0,1.0,1.0,480.0,0.997979797979798,0.9989888776541962,0.9984840828701365,989.0,0.9972229936128854,0.9952882483370288,0.9962546816479401,3608.0,1.0,0.9989888776541962,0.9994941831057157,989.0,0.9997340779151709,0.9995125841900036,0.9996233187830981,22568.0,1.0,0.9987261146496815,0.9993626513702996,785.0,,,,,,,,
rf,random,3141,top20_stable,,False,0.9983641234408309,0.9990833200026823,0.999725448205804,0.9996705559368566,0.0003393425238600212,0.9999989599349741,0.9999838038512876,8.109421730041504,0.38004088401794434,157877.75085052953,240000,60000,20,9.0,rf_random_top20_stable_seed3141.json,0.9994910725645701,0.99966065747614,0.9995758578275438,23575.0,0.997411933860532,0.9982731328248668,0.9978423475258918,6949.0,1.0,1.0,1.0,57.0,1.0,1.0,1.0,480.0,1.0,0.9949443882709808,0.9974657881398885,989.0,0.9969461410327596,0.9952882483370288,0.996116504854369,3608.0,0.9989878542510121,0.9979777553083923,0.9984825493171472,989.0,0.9996897713171423,0.9995125841900036,0.999601169901622,22568.0,0.9924146649810367,1.0,0.9961928934010152,785.0,,,,,,,,
rf,random,42,top20_stable,,False,0.9981011725965744,0.9991167954375241,0.999821548682892,0.9998078242964996,0.0002545068928950159,0.999997537188755,0.9999724960235878,13.264802694320679,0.40895533561706543,146715.28838098436,240000,60000,20,9.0,rf_random_top20_stable_seed42.json,0.9997030878859857,0.999745493107105,0.9997242900468707,23575.0,0.9978411053540587,0.9976975104331558,0.9977693027272073,6949.0,1.0,1.0,1.0,57.0,1.0,1.0,1.0,480.0,0.9939516129032258,0.9969666329625885,0.9954568399798082,989.0,0.9952908587257617,0.9958425720620843,0.9955666389581601,3608.0,1.0,0.9969666329625885,0.9984810126582279,989.0,0.9997784277231233,0.9996898263027295,0.9997341250498516,22568.0,0.9961783439490446,0.9961783439490446,0.9961783439490446,785.0,,,,,,,,
rf,random,4242,top20_stable,,False,0.997896250895804,0.9993166460967022,0.9998490110221954,0.9998901853122856,0.00029692470837751854,0.999998532813485,0.9999891898902713,10.986961364746094,0.30325889587402344,197850.75002358566,240000,60000,20,9.0,rf_random_top20_stable_seed4242.json,0.9998303071440693,0.9997030752916225,0.9997666871699153,23575.0,0.9976994967649173,0.9985609440207224,0.9981300345224395,6949.0,0.9827586206896551,1.0,0.991304347826087,57.0,1.0,1.0,1.0,480.0,0.9989878542510121,0.9979777553083923,0.9984825493171472,989.0,0.997223764575236,0.9955654101995566,0.9963938973647711,3608.0,0.9989878542510121,0.9979777553083923,0.9984825493171472,989.0,0.999734160389898,0.999822757887274,0.9997784571757721,22568.0,0.9974587039390089,1.0,0.9987277353689568,785.0,,,,,,,,
rf,random,456,top20_stable,,False,0.9987743348623438,0.9991498226848274,0.9997392151749317,0.9998352779684283,0.0005514316012725345,0.9999982291974673,0.9999875442304729,9.528971672058105,0.35077714920043945,171048.77024277052,240000,60000,20,9.0,rf_random_top20_stable_seed456.json,0.9997454175152749,0.9994485683987274,0.9995969709182699,23575.0,0.9965541995692749,0.9988487552165779,0.9977001581141296,6949.0,1.0,1.0,1.0,57.0,0.997920997920998,1.0,0.9989594172736732,480.0,1.0,0.9979777553083923,0.9989878542510121,989.0,0.9977740678909294,0.9939024390243902,0.9958344904193279,3608.0,0.998989898989899,1.0,0.9994946942900454,989.0,0.999601258251739,0.9997341368309111,0.9996676931256785,22568.0,0.9974587039390089,1.0,0.9987277353689568,785.0,,,,,,,,
rf,random,5555,top20_stable,,False,0.9991508384673726,0.9992500960308401,0.999711764140714,0.9998078242964996,0.0005938494167550371,0.9999992791705695,0.9999908799054109,10.669254779815674,0.28612637519836426,209697.55045616993,240000,60000,20,9.0,rf_random_top20_stable_seed5555.json,0.9997029871011541,0.999406150583245,0.9995545468044036,23575.0,0.9981292272269391,0.9981292272269391,0.9981292272269391,6949.0,1.0,1.0,1.0,57.0,1.0,1.0,1.0,480.0,1.0,1.0,1.0,989.0,0.9961240310077519,0.9972283813747228,0.9966759002770084,3608.0,0.9989888776541962,0.9989888776541962,0.9989888776541962,989.0,0.9996012405848471,0.9996898263027295,0.9996455314812354,22568.0,0.9987277353689568,1.0,0.9993634627625716,785.0,,,,,,,,
rf,random,6789,top20_stable,,False,0.9985060213839074,0.9991333959460158,0.9997391507296916,0.9995881949210706,0.0001696712619300106,0.9999977642232228,0.9999826481104949,12.979894638061523,0.430774450302124,139284.02661281082,240000,60000,20,9.0,rf_random_top20_stable_seed6789.json,0.9993640295090308,0.99983032873807,0.999597124742902,23575.0,0.9979850316637882,0.9978414160310836,0.9979132186802907,6949.0,1.0,1.0,1.0,57.0,1.0,1.0,1.0,480.0,0.9979777553083923,0.9979777553083923,0.9979777553083923,989.0,0.9958448753462604,0.9963968957871396,0.9961208090883902,3608.0,0.9989878542510121,0.9979777553083923,0.9984825493171472,989.0,0.9999113317964178,0.999379652605459,0.9996454215051858,22568.0,0.9961832061068703,0.9974522292993631,0.9968173138128581,785.0,,,,,,,,
rf,random,789,top20_stable,,False,0.9986287333871174,0.9991831470805211,0.9997940946341062,0.999780370624571,0.00029692470837751854,0.9999981457653571,0.9999876471625903,9.832581520080566,0.29459643363952637,203668.45334392984,240000,60000,20,9.0,rf_random_top20_stable_seed789.json,0.999660671869698,0.9997030752916225,0.9996818731310047,23575.0,0.9971264367816092,0.9987048496186501,0.9979150190524121,6949.0,1.0,1.0,1.0,57.0,1.0,1.0,1.0,480.0,1.0,0.9959555106167847,0.9979736575481256,989.0,0.9974979149291076,0.9944567627494457,0.9959750173490631,3608.0,0.9979818365287588,1.0,0.998989898989899,989.0,0.9996898125581601,0.9996455157745481,0.9996676636756398,22568.0,0.9961880559085133,0.9987261146496815,0.9974554707379135,785.0,,,,,,,,
rf,random,1011,top50,,False,0.9979406407771287,0.9991832336066799,0.9998215584807764,0.9998627316403569,0.0003393425238600212,0.9999988041435177,0.9999741341658436,16.49609398841858,0.4009861946105957,149631.08657211252,240000,60000,50,9.0,rf_random_top50_seed1011.json,0.9997878839300866,0.99966065747614,0.9997242666553545,23575.0,0.9971276748527933,0.9991365664124334,0.9981311098332375,6949.0,1.0,1.0,1.0,57.0,1.0,1.0,1.0,480.0,0.9939455095862765,0.9959555106167847,0.9949494949494949,989.0,0.9983310152990265,0.9947339246119734,0.9965292239344717,3608.0,0.9979757085020243,0.9969666329625885,0.9974709155285787,989.0,0.9997341486109265,0.9997784473590925,0.9997562974942952,22568.0,0.9949044585987261,0.9949044585987261,0.9949044585987261,785.0,,,,,,,,
rf,random,123,top50,,False,0.9976232837607009,0.9990666599597309,0.9998078348477778,0.9998627316403569,0.00038176033934252384,0.9999961657812858,0.9999646223459239,12.997597932815552,0.4794032573699951,125155.59516462158,240000,60000,50,9.0,rf_random_top50_seed123.json,0.9997878749310594,0.9996182396606574,0.9997030500996903,23575.0,0.996550732969244,0.9978414160310836,0.99719565686345,6949.0,0.9827586206896551,1.0,0.991304347826087,57.0,1.0,1.0,1.0,480.0,0.997979797979798,0.9989888776541962,0.9984840828701365,989.0,0.9952803997779012,0.9936252771618626,0.9944521497919556,3608.0,1.0,0.9979777553083923,0.9989878542510121,989.0,0.9997341486109265,0.9997784473590925,0.9997562974942952,22568.0,0.9987261146496815,0.9987261146496815,0.9987261146496815,785.0,,,,,,,,
rf,random,2026,top50,,False,0.9979955963940037,0.9991999701906022,0.9997666341784837,0.9997254632807138,0.00029692470837751854,0.9999931793484738,0.9999806188447268,14.462219715118408,0.5047798156738281,118863.70678254298,240000,60000,50,9.0,rf_random_top50_seed2026.json,0.999575875816439,0.9997030752916225,0.9996394715076453,23575.0,0.9972693302673182,0.9985609440207224,0.9979147192061552,6949.0,0.9827586206896551,1.0,0.991304347826087,57.0,1.0,1.0,1.0,480.0,0.997979797979798,0.9989888776541962,0.9984840828701365,989.0,0.9972222222222222,0.9950110864745011,0.9961154273029966,3608.0,1.0,0.9989888776541962,0.9994941831057157,989.0,0.9997340897004078,0.9995568947181851,0.9996454843569973,22568.0,1.0,0.9987261146496815,0.9993626513702996,785.0,,,,,,,,
rf,random,3141,top50,,False,0.9984250391605881,0.999116588069919,0.999725448205804,0.9996705559368566,0.0003393425238600212,0.9999972411251724,0.9999814717935043,15.90694260597229,0.5274291038513184,113759.36512012035,240000,60000,50,9.0,rf_random_top50_seed3141.json,0.9994910725645701,0.99966065747614,0.9995758578275438,23575.0,0.9974126778783958,0.9985609440207224,0.9979864806558321,6949.0,1.0,1.0,1.0,57.0,1.0,1.0,1.0,480.0,0.9979716024340771,0.9949443882709808,0.9964556962025316,989.0,0.9975,0.9952882483370288,0.996392896781354,3608.0,1.0,0.9979777553083923,0.9989878542510121,989.0,0.9996897713171423,0.9995125841900036,0.999601169901622,22568.0,0.9936708860759493,1.0,0.9968253968253968,785.0,,,,,,,,
rf,random,42,top50,,False,0.9980067759652252,0.9990667817827079,0.9998489944402499,0.999780370624571,0.00012725344644750795,0.9999974878811947,0.9999772835453956,17.36145329475403,0.34816789627075195,172330.650363413,240000,60000,50,9.0,rf_random_top50_seed42.json,0.9996607294317218,0.9998727465535525,0.9997667267522002,23575.0,0.997552900532604,0.9972657936393726,0.9974093264248705,6949.0,1.0,1.0,1.0,57.0,1.0,1.0,1.0,480.0,0.9939516129032258,0.9969666329625885,0.9954568399798082,989.0,0.9947368421052631,0.9952882483370288,0.9950124688279302,3608.0,1.0,0.9969666329625885,0.9984810126582279,989.0,0.9998670389575854,0.9996455157745481,0.9997562650949459,22568.0,0.9961783439490446,0.9961783439490446,0.9961783439490446,785.0,,,,,,,,
rf,random,4242,top50,,False,0.9976452695384356,0.9992499721680209,0.9998627354087739,0.9998901853122856,0.0002545068928950159,0.9999991756592613,0.9999888051324213,14.23433518409729,0.46206164360046387,129852.80390830469,240000,60000,50,9.0,rf_random_top50_seed4242.json,0.9998303143426802,0.999745493107105,0.9997879019258505,23575.0,0.9975553638193845,0.9982731328248668,0.9979141192548371,6949.0,0.9827586206896551,1.0,0.991304347826087,57.0,1.0,1.0,1.0,480.0,0.9989868287740629,0.9969666329625885,0.9979757085020243,989.0,0.9966694421315571,0.9952882483370288,0.9959783663846901,3608.0,0.9989868287740629,0.9969666329625885,0.9979757085020243,989.0,0.999734160389898,0.999822757887274,0.9997784571757721,22568.0,0.9961928934010152,1.0,0.9980928162746344,785.0,,,,,,,,
rf,random,456,top50,,False,0.9987724777208814,0.9990997245030273,0.999780370624571,0.999780370624571,0.0003393425238600212,0.999998320255518,0.9999858238808632,15.201834201812744,0.5183827877044678,115744.58377697188,240000,60000,50,9.0,rf_random_top50_seed456.json,0.99966065747614,0.99966065747614,0.99966065747614,23575.0,0.9964095935659917,0.9984170384227946,0.9974123059229443,6949.0,1.0,1.0,1.0,57.0,1.0,1.0,1.0,480.0,1.0,0.9979777553083923,0.9989878542510121,989.0,0.9969393433500279,0.9930709534368071,0.9950013885031935,3608.0,0.998989898989899,1.0,0.9994946942900454,989.0,0.9996898125581601,0.9996455157745481,0.9996676636756398,22568.0,0.9974587039390089,1.0,0.9987277353689568,785.0,,,,,,,,
rf,random,5555,top50,,False,0.9991320256538779,0.9992500394753616,0.9997392080159221,0.9998078242964996,0.0005090137857900318,0.9999986872613884,0.9999873729869392,18.99739956855774,0.2965230941772461,202345.11637779928,240000,60000,50,9.0,rf_random_top50_seed5555.json,0.999703012303776,0.99949098621421,0.9995969880156963,23575.0,0.9979856115107913,0.9981292272269391,0.9980574142024606,6949.0,1.0,1.0,1.0,57.0,1.0,1.0,1.0,480.0,1.0,1.0,1.0,989.0,0.9963978941535051,0.9966740576496674,0.9965359567687405,3608.0,0.9989888776541962,0.9989888776541962,0.9989888776541962,989.0,0.9996012405848471,0.9996898263027295,0.9996455314812354,22568.0,0.9987277353689568,1.0,0.9993634627625716,785.0,,,,,,,,
rf,random,6789,top50,,False,0.9986928480590347,0.9991666519770049,0.9997528898163147,0.9996431022649279,0.00021208907741251324,0.9999971780766893,0.9999845191708882,14.083178281784058,0.45377254486083984,132224.83528262033,240000,60000,50,9.0,rf_random_top50_seed6789.json,0.9994487554594411,0.9997879109225875,0.9996183044234276,23575.0,0.9978417266187051,0.9979853216290113,0.9979135189581985,6949.0,1.0,1.0,1.0,57.0,1.0,1.0,1.0,480.0,0.9979777553083923,0.9979777553083923,0.9979777553083923,989.0,0.9961186581646798,0.9958425720620843,0.995980595980596,3608.0,0.9979818365287588,1.0,0.998989898989899,989.0,0.9998670153818875,0.999468273661822,0.9996676047598998,22568.0,0.9987244897959183,0.9974522292993631,0.9980879541108987,785.0,,,,,,,,
rf,random,789,top50,,False,0.9986146978495045,0.9990996144650055,0.9997940946341062,0.999780370624571,0.00029692470837751854,0.9999954143740806,0.9999758732654888,16.96860432624817,0.6004383563995361,99926.99393786822,240000,60000,50,9.0,rf_random_top50_seed789.json,0.999660671869698,0.9997030752916225,0.9996818731310047,23575.0,0.9961251435132032,0.9988487552165779,0.9974850901774808,6949.0,1.0,1.0,1.0,57.0,1.0,1.0,1.0,480.0,0.9989868287740629,0.9969666329625885,0.9979757085020243,989.0,0.9977709668431318,0.9925166297117517,0.9951368625816313,3608.0,0.998989898989899,1.0,0.9994946942900454,989.0,0.9996898125581601,0.9996455157745481,0.9996676636756398,22568.0,0.9974554707379135,0.9987261146496815,0.9980903882877148,785.0,,,,,,,,
rf,temporal,1011,full,,False,0.9233888180887573,0.8605964684730584,0.9033112848668561,0.8237016969009134,5.6559486439863127e-05,0.995947290741252,0.9936070326965846,12.756666898727417,0.7253000736236572,124072.78486875474,210010,89990,89,9.0,rf_temporal_full_seed1011.json,0.7859302067126028,0.9999434405135601,0.8801135020099314,35361.0,0.8091022056539298,0.9996161965073882,0.8943256931925487,10422.0,1.0,1.0,1.0,84.0,1.0,1.0,1.0,718.0,0.9986504723346828,0.9986504723346828,0.9986504723346828,1482.0,1.0,0.5461936437546193,0.7065009560229446,5412.0,0.9979784366576819,0.9986513823331086,0.9983147960903269,1483.0,1.0,0.7157036511875221,0.834297520661157,33852.0,1.0,0.9965986394557823,0.9982964224872232,1176.0,,,,,,,,
rf,temporal,123,full,,False,0.930519707835245,0.8642834596592338,0.9019205837127265,0.8213618890719385,0.0,0.9959034102148182,0.9934178994878321,13.234695196151733,0.7539863586425781,119353.61822992821,210009,89991,89,9.0,rf_temporal_full_seed123.json,0.7837101063829788,1.0,0.8787415663324263,35361.0,0.8342275967005686,0.9995202456342352,0.909424243746999,10422.0,0.9883720930232558,1.0,0.9941520467836257,85.0,1.0,1.0,1.0,719.0,1.0,0.9986504723346828,0.9993247805536799,1482.0,1.0,0.6175166297117517,0.7635366689513365,5412.0,0.997979797979798,0.9993256911665542,0.9986522911051213,1483.0,1.0,0.7118844347286638,0.8316968368738028,33851.0,1.0,0.9982993197278912,0.9991489361702127,1176.0,,,,,,,,
rf,temporal,2026,full,,False,0.9328488144566153,0.8645956199571843,0.9004679245283019,0.8189705667008347,2.8279743219931563e-05,0.9958973115496789,0.9934428209902233,13.586090087890625,0.7470657825469971,120461.94873654067,210007,89993,89,9.0,rf_temporal_full_seed2026.json,0.7814364640883978,0.99997172025678,0.8772996241207776,35361.0,0.8440916821900056,1.0,0.9154552242083535,10422.0,0.9883720930232558,1.0,0.9941520467836257,85.0,1.0,1.0,1.0,719.0,0.9986495611073599,0.9979757085020243,0.9983125210934863,1482.0,1.0,0.6444937176644494,0.7838202247191012,5412.0,1.0,0.9986522911051213,0.9993256911665542,1484.0,1.0,0.7079049982275789,0.8289746782897468,33852.0,0.9982993197278912,0.9982993197278912,0.9982993197278912,1176.0,,,,,,,,
rf,temporal,3141,full,,False,0.927986292883571,0.8591479925206186,0.8983707049524117,0.8155226066263958,5.6559486439863127e-05,0.9966351477898855,0.994480106663538,12.580758571624756,0.7345831394195557,122506.21498215714,210009,89991,89,9.0,rf_temporal_full_seed3141.json,0.7781983845764465,0.9999434405135601,0.8752444367434837,35361.0,0.8274164085457867,0.9996161965073882,0.9054012949202624,10422.0,1.0,1.0,1.0,85.0,1.0,1.0,1.0,718.0,0.9993247805536799,0.9986504723346828,0.9989875126560918,1482.0,1.0,0.5987802624283867,0.7490463530227719,5411.0,0.9993265993265993,1.0,0.9996631862579993,1484.0,1.0,0.7024695734373154,0.825235980011105,33852.0,0.9991482112436116,0.9974489795918368,0.9982978723404256,1176.0,,,,,,,,
rf,temporal,42,full,,False,0.9183815310127703,0.8551996933819569,0.8992474537340197,0.8169387904524821,0.0,0.9952419877281885,0.9924930710242642,11.806694030761719,0.6459710597991943,139314.29068660614,210007,89993,89,9.0,rf_temporal_full_seed42.json,0.7795291212909484,1.0,0.8761071813485624,35361.0,0.8048196493396154,0.9998080982536941,0.8917797081603834,10422.0,0.9659090909090909,1.0,0.9826589595375722,85.0,1.0,1.0,1.0,719.0,0.9979770734996628,0.9979770734996628,0.9979770734996628,1483.0,1.0,0.5330746489283075,0.6954320838857418,5412.0,0.9986486486486487,0.9966284558327714,0.9976375295308809,1483.0,1.0,0.7047737209027531,0.826823774042627,33852.0,0.9991460290350128,0.9948979591836735,0.9970174691095015,1176.0,,,,,,,,
rf,temporal,4242,full,,False,0.9245808334609615,0.8591258760651702,0.9008791518297222,0.8196511266084601,2.8279743219931563e-05,0.9960674006820012,0.9933898520946973,11.923274993896484,0.6860921382904053,131168.9713049996,210006,89994,89,9.0,rf_temporal_full_seed4242.json,0.7820759516068387,0.99997172025678,0.877702484672475,35361.0,0.8145224323901828,0.999904049126847,0.8977429359062715,10422.0,1.0,1.0,1.0,85.0,1.0,1.0,1.0,719.0,0.9986513823331086,0.9986513823331086,0.9986513823331086,1483.0,1.0,0.5617147080561715,0.7193563653573118,5412.0,0.9993256911665542,0.9993256911665542,0.9993256911665542,1483.0,1.0,0.7089979912560558,0.8297236098387292,33852.0,0.9991496598639455,0.9983007646559049,0.9987250318742031,1177.0,,,,,,,,
rf,temporal,456,full,,False,0.9335711306543831,0.8674952551737336,0.9032413495417541,0.8235703302335798,2.8279743219931563e-05,0.9955338200711188,0.9927998175455355,14.149127721786499,0.6066386699676514,148340.36215462262,210011,89989,89,9.0,rf_temporal_full_seed456.json,0.7858127027867905,0.99997172025678,0.8800507721599323,35361.0,0.8436563840984536,0.9998080982536941,0.9151187810126027,10422.0,0.9882352941176471,1.0,0.9940828402366864,84.0,1.0,1.0,1.0,718.0,0.9966375252185609,0.9993256911665542,0.997979797979798,1483.0,1.0,0.6433191646645722,0.7829509671614935,5411.0,1.0,0.9966284558327714,0.9983113812901047,1483.0,1.0,0.715370299252607,0.8340709869633355,33851.0,1.0,0.9991496598639455,0.9995746490854955,1176.0,,,,,,,,
rf,temporal,5555,full,,False,0.933157200609327,0.8639211536071509,0.9000473136897631,0.8183049606443347,8.483922965979469e-05,0.9960762439388446,0.9935521514460911,13.358295440673828,0.6871140003204346,130969.53337878843,210009,89991,89,9.0,rf_temporal_full_seed5555.json,0.7808055825457115,0.9999151607703402,0.8768801537603075,35361.0,0.8425776196636481,0.999904049126847,0.9145239139973673,10422.0,1.0,1.0,1.0,84.0,1.0,1.0,1.0,719.0,1.0,0.9986504723346828,0.9993247805536799,1482.0,1.0,0.640731842542968,0.7810317639107908,5411.0,1.0,0.9993256911665542,0.9996627318718381,1483.0,1.0,0.706871085903344,0.828265346740278,33852.0,0.99830220713073,0.9991503823279524,0.9987261146496815,1177.0,,,,,,,,
rf,temporal,6789,full,,False,0.9214774732140611,0.8546183661197944,0.8980040544220431,0.8149036261463272,2.8279743219931563e-05,0.995891843387863,0.9933494161447558,12.599788665771484,0.6390407085418701,140823.57946387964,210008,89992,89,9.0,rf_temporal_full_seed6789.json,0.7776213933849402,0.99997172025678,0.8748902057328072,35361.0,0.8078622935566411,0.9997121473805411,0.8936060723015566,10422.0,1.0,1.0,1.0,84.0,1.0,1.0,1.0,719.0,0.9993252361673415,0.9986513823331086,0.9989881956155143,1483.0,1.0,0.5423133776792314,0.7032466754522583,5412.0,0.9986531986531987,1.0,0.9993261455525606,1483.0,1.0,0.7014268411568344,0.8245160170153659,33851.0,1.0,0.9974511469838573,0.9987239472564866,1177.0,,,,,,,,
rf,temporal,789,full,,False,0.9244993171016801,0.8581296571798089,0.8996112554635728,0.8175394922296865,0.0,0.9956223999530676,0.9929805030915131,12.495749473571777,0.6804571151733398,132252.27276383966,210008,89992,89,9.0,rf_temporal_full_seed789.json,0.780096626883452,1.0,0.8764654851902343,35361.0,0.8162945554249902,0.9998080982536941,0.8987794885064907,10422.0,1.0,1.0,1.0,85.0,1.0,1.0,1.0,718.0,0.9986504723346828,0.9979770734996628,0.9983136593591906,1483.0,1.0,0.5667036215816703,0.7234343672602901,5412.0,1.0,0.9979770734996628,0.9989875126560918,1483.0,1.0,0.7057398599745945,0.8274882665696819,33851.0,0.9974489795918368,0.9966015293118097,0.9970250743731407,1177.0,,,,,,,,
rf,temporal,1011,top20,,False,0.9053098001600248,0.8176901267885922,0.8649990650904784,0.7621409873876512,5.6559486439863127e-05,0.99725700205735,0.994001863318291,9.669682502746582,0.44843053817749023,200677.67990497933,210010,89990,20,9.0,rf_temporal_top20_seed1011.json,0.731267966827291,0.9999434405135601,0.8447571493418067,35361.0,0.7989263803680982,0.9996161965073882,0.8880743329639417,10422.0,1.0,1.0,1.0,84.0,1.0,1.0,1.0,718.0,0.9973045822102425,0.9986504723346828,0.9979770734996628,1482.0,1.0,0.515890613451589,0.6806435884934179,5412.0,1.0,0.9561699258260283,0.9775939331265081,1483.0,1.0,0.6185158927094411,0.7643000547545172,33852.0,1.0,0.9889455782312925,0.9944420692603677,1176.0,,,,,,,,
rf,temporal,123,top20,,False,0.9054024590608409,0.8112369344890258,0.8597071623130629,0.7539630239794984,5.6559486439863127e-05,0.9980102119715113,0.9950240971536578,7.272141456604004,0.6663029193878174,135060.19166579895,210009,89991,20,9.0,rf_temporal_top20_seed123.json,0.7245696721311475,0.9999434405135601,0.8402704340490251,35361.0,0.7961024073366451,0.9995202456342352,0.8862891904539073,10422.0,1.0,1.0,1.0,85.0,0.9986111111111111,1.0,0.9993050729673384,719.0,1.0,0.9979757085020243,0.9989868287740629,1482.0,1.0,0.5073909830007391,0.6732042167197843,5412.0,0.9993252361673415,0.9986513823331086,0.9989881956155143,1483.0,1.0,0.6031136450917255,0.7524278106399838,33851.0,0.99830220713073,1.0,0.9991503823279524,1176.0,,,,,,,,
rf,temporal,2026,top20,,False,0.9093544270419675,0.8282948047570492,0.8740185066875502,0.7762849611949041,0.00011311897287972625,0.9978934073045173,0.9940089975864996,10.428150653839111,0.48888373374938965,184078.53194422703,210007,89993,20,9.0,rf_temporal_top20_seed2026.json,0.7431219655730469,0.9998868810271203,0.852592235350856,35361.0,0.8034240765018894,0.9996161965073882,0.8908461242464406,10422.0,1.0,1.0,1.0,85.0,1.0,1.0,1.0,719.0,1.0,0.9979757085020243,0.9989868287740629,1482.0,1.0,0.5295639320029564,0.6924377869050495,5412.0,1.0,0.9460916442048517,0.9722991689750693,1484.0,1.0,0.641645988420182,0.7817105428895327,33852.0,0.9965899403239556,0.9940476190476191,0.9953171562366965,1176.0,,,,,,,,
rf,temporal,3141,top20,,False,0.9040392664628195,0.8125669811517388,0.8608603181884527,0.7557386051619989,5.6559486439863127e-05,0.9979533643831867,0.9960086721542003,9.272029161453247,0.5004055500030518,179836.13490987697,210009,89991,20,9.0,rf_temporal_top20_seed3141.json,0.7260127712871897,0.9999434405135601,0.841240007613247,35361.0,0.7959355183742074,0.9996161965073882,0.8862234698651695,10422.0,1.0,1.0,1.0,85.0,1.0,1.0,1.0,718.0,0.9993247805536799,0.9986504723346828,0.9989875126560918,1482.0,1.0,0.5069303271114397,0.6727986264410105,5411.0,0.9993050729673384,0.9690026954177897,0.9839206294902497,1484.0,1.0,0.6073791799598252,0.7557385183687721,33852.0,0.9991467576791809,0.9957482993197279,0.9974446337308348,1176.0,,,,,,,,
rf,temporal,42,top20,,False,0.9030503531131279,0.8083910732089351,0.8563833127498797,0.7488651339874066,5.6559486439863127e-05,0.9967540163322267,0.9927658166532455,7.9973304271698,0.6073727607727051,148167.658828674,210007,89993,20,9.0,rf_temporal_top20_seed42.json,0.7204507019295422,0.9999434405135601,0.8374940786357177,35361.0,0.7984062523944525,0.9998080982536941,0.8878285689941635,10422.0,1.0,1.0,1.0,85.0,1.0,1.0,1.0,719.0,0.9959704499664204,1.0,0.9979811574697174,1483.0,1.0,0.5144124168514412,0.6793557833089312,5412.0,1.0,0.9602157788267026,0.9797041623667011,1483.0,1.0,0.5964492496750561,0.7472198064504191,33852.0,1.0,0.9957482993197279,0.9978696207925011,1176.0,,,,,,,,
rf,temporal,4242,top20,,False,0.9080666434605238,0.8192091764916349,0.8668464170901172,0.765013819486391,5.6559486439863127e-05,0.9981556795422856,0.9956849964291966,7.923440217971802,0.5296483039855957,169912.75025860834,210006,89994,20,9.0,rf_temporal_top20_seed4242.json,0.7336348735398469,0.9999434405135601,0.8463342827736423,35361.0,0.7979326186830016,0.999904049126847,0.8875734605229537,10422.0,1.0,1.0,1.0,85.0,1.0,1.0,1.0,719.0,0.9986513823331086,0.9986513823331086,0.9986513823331086,1483.0,1.0,0.5134885439763488,0.6785496276400927,5412.0,0.9993220338983051,0.9939312204989885,0.9966193373901284,1483.0,1.0,0.6209382015833629,0.7661466686105847,33852.0,0.9991496598639455,0.9983007646559049,0.9987250318742031,1177.0,,,,,,,,
rf,temporal,456,top20,,False,0.906483838352429,0.8287282641605391,0.8763536513878462,0.7799480120084938,5.6559486439863127e-05,0.9976334332131217,0.9945821752939747,8.982372522354126,0.5650103092193604,159269.66027280496,210011,89989,20,9.0,rf_temporal_top20_seed456.json,0.7462853524693964,0.9999434405135601,0.8546911446562164,35361.0,0.7946312819339587,0.9998080982536941,0.8854896961971532,10422.0,1.0,1.0,1.0,84.0,1.0,1.0,1.0,718.0,0.9979770734996628,0.9979770734996628,0.9979770734996628,1483.0,1.0,0.5034189613749769,0.669698832206515,5411.0,1.0,0.9548213081591369,0.9768885822697482,1483.0,1.0,0.6475436471596112,0.7860716142798229,33851.0,0.998262380538662,0.9770408163265306,0.9875376020627418,1176.0,,,,,,,,
rf,temporal,5555,top20,,False,0.9060675462608417,0.8133643264212324,0.8617115474764311,0.7570931722496796,0.0001413987160996578,0.998288779976908,0.9959332676161163,7.042924880981445,0.6010909080505371,149712.79517745416,210009,89991,20,9.0,rf_temporal_top20_seed5555.json,0.7271007280055937,0.9998586012839004,0.8419398240203841,35361.0,0.7957391569945022,0.999904049126847,0.8862148141848797,10422.0,1.0,1.0,1.0,84.0,1.0,1.0,1.0,719.0,1.0,1.0,1.0,1482.0,1.0,0.5078543707262982,0.6736119622502758,5411.0,1.0,0.9939312204989885,0.9969563747040919,1483.0,1.0,0.6081176887628501,0.7563099305632095,33852.0,1.0,0.9991503823279524,0.9995750106247344,1177.0,,,,,,,,
rf,temporal,6789,top20,,False,0.9058570599644179,0.8131285108804978,0.8611006879299562,0.7561091687869524,5.6559486439863127e-05,0.9983585959489734,0.9956778741147746,7.783066034317017,0.6225974559783936,144542.83283021164,210008,89992,20,9.0,rf_temporal_top20_seed6789.json,0.7263110325986484,0.9999434405135601,0.8414401979915282,35361.0,0.797962778586199,0.9997121473805411,0.8875165041100558,10422.0,1.0,1.0,1.0,84.0,1.0,1.0,1.0,719.0,0.9986495611073599,0.9973027646662171,0.9979757085020243,1483.0,1.0,0.5129342202512934,0.6780654616511969,5412.0,0.998641304347826,0.9912339851652057,0.9949238578680203,1483.0,1.0,0.6068653806386812,0.7553406625730779,33851.0,0.9974511469838573,0.9974511469838573,0.9974511469838573,1177.0,,,,,,,,
rf,temporal,789,top20,,False,0.8476499976654659,0.806522010526672,0.8543597701631506,0.7457487507093042,0.0,0.9975211931139756,0.9947849355548725,7.859397649765015,0.6183433532714844,145537.26424627533,210008,89992,20,9.0,rf_temporal_top20_seed789.json,0.7179752695376743,1.0,0.8358388881009786,35361.0,0.8000614250614251,0.9998080982536941,0.8888509767124456,10422.0,1.0,1.0,1.0,85.0,1.0,1.0,1.0,718.0,0.9986522911051213,0.9993256911665542,0.9989888776541962,1483.0,1.0,0.5195861049519586,0.683852140077821,5412.0,1.0,0.29602157788267025,0.45681581685744016,1483.0,1.0,0.6204543440371038,0.7657782477121085,33851.0,0.9991496598639455,0.9983007646559049,0.9987250318742031,1177.0,,,,,,,,
rf,temporal,1011,top20_stable,,False,0.911339823103805,0.830193604132799,0.8771414183974432,0.7811968002343078,5.6559486439863127e-05,0.9974542350610351,0.9948925545318197,7.881478548049927,0.5988354682922363,150275.00000398137,210010,89990,20,9.0,rf_temporal_top20_stable_seed1011.json,0.7473579641528576,0.9999434405135601,0.8553941431906427,35361.0,0.7983141762452107,0.9996161965073882,0.8876959781867757,10422.0,1.0,1.0,1.0,84.0,1.0,1.0,1.0,718.0,0.9979770734996628,0.9986504723346828,0.9983136593591906,1482.0,1.0,0.5140428677014043,0.6790334391017818,5412.0,0.9979770734996628,0.9979770734996628,0.9979770734996628,1483.0,1.0,0.6471404939146874,0.7857744938036909,33852.0,1.0,0.9957482993197279,0.9978696207925011,1176.0,,,,,,,,
rf,temporal,123,top20_stable,,False,0.9097819590510622,0.8285472798154248,0.8750257402907623,0.7778326926597108,2.8279743219931563e-05,0.997804572279307,0.9951850864485606,9.145636796951294,0.47057318687438965,191236.99035580907,210009,89991,20,9.0,rf_temporal_top20_stable_seed123.json,0.7444680716676843,0.99997172025678,0.853508411981945,35361.0,0.8002611968963663,0.9995202456342352,0.8888604462647723,10422.0,1.0,1.0,1.0,85.0,1.0,1.0,1.0,719.0,1.0,0.9979757085020243,0.9989868287740629,1482.0,1.0,0.5197708795269771,0.6840121580547113,5412.0,0.9993036211699164,0.9676331759946055,0.9832134292565947,1483.0,1.0,0.6432010871170719,0.7828635121530275,33851.0,0.9982935153583617,0.9948979591836735,0.9965928449744463,1176.0,,,,,,,,
rf,temporal,2026,top20_stable,,False,0.9065976603101598,0.8207641971372773,0.8676034736471222,0.7662359056962952,0.0001413987160996578,0.9983709191353795,0.995911554638682,7.025526762008667,0.5855228900909424,153696.8093357075,210007,89993,20,9.0,rf_temporal_top20_stable_seed2026.json,0.734639599393272,0.9998586012839004,0.846972019931008,35361.0,0.8003378897250807,1.0,0.8890974236478416,10422.0,1.0,1.0,1.0,85.0,1.0,1.0,1.0,719.0,0.9986495611073599,0.9979757085020243,0.9983125210934863,1482.0,1.0,0.5203252032520326,0.6844919786096256,5412.0,1.0,0.9481132075471698,0.9733656174334141,1484.0,1.0,0.6250443105281815,0.7692643289523914,33852.0,0.9974511469838573,0.9982993197278912,0.9978750531236719,1176.0,,,,,,,,
rf,temporal,3141,top20_stable,,False,0.9037345146297563,0.8116463612781528,0.8600521648408972,0.7544938678381842,5.6559486439863127e-05,0.9986621922429357,0.9966841771260412,6.96171236038208,0.48631930351257324,185045.0914656596,210009,89991,20,9.0,rf_temporal_top20_stable_seed3141.json,0.7250005125997007,0.9999434405135601,0.8405600722673894,35361.0,0.7956923546933475,0.9996161965073882,0.8860727195407186,10422.0,1.0,1.0,1.0,85.0,1.0,1.0,1.0,718.0,1.0,0.9979757085020243,0.9989868287740629,1482.0,1.0,0.5067455183884679,0.6726358395682571,5411.0,0.9986082115518441,0.9669811320754716,0.9825402259500171,1484.0,1.0,0.6052522746071133,0.7540899136931598,33852.0,0.9983007646559049,0.9991496598639455,0.9987250318742031,1176.0,,,,,,,,
rf,temporal,42,top20_stable,,False,0.9101828448345282,0.8380405419405718,0.8850521933449659,0.793820471518524,2.8279743219931563e-05,0.9980410479430256,0.9950976027159473,8.971567392349243,0.60693359375,148274.8704746581,210007,89993,20,9.0,rf_temporal_top20_stable_seed42.json,0.75840768702814,0.99997172025678,0.8625968164908215,35361.0,0.7952984277209586,0.9998080982536941,0.8859037578643087,10422.0,1.0,1.0,1.0,85.0,1.0,1.0,1.0,719.0,0.9959677419354839,0.9993256911665542,0.9976438909458095,1483.0,1.0,0.5057280118255728,0.6717388636642533,5412.0,0.9992912827781715,0.9507754551584626,0.9744298548721493,1483.0,1.0,0.6692957580054354,0.8018899644304447,33852.0,1.0,0.9948979591836735,0.9974424552429667,1176.0,,,,,,,,
rf,temporal,4242,top20_stable,,False,0.9048002996294809,0.8162167141541459,0.8639482658238377,0.7605110464371351,5.6559486439863127e-05,0.9981399321005574,0.99563821917242,8.210299730300903,0.5824146270751953,154518.78406958503,210006,89994,20,9.0,rf_temporal_top20_stable_seed4242.json,0.7299093780319138,0.9999434405135601,0.843849935563935,35361.0,0.7975662023572632,0.999904049126847,0.8873467302452316,10422.0,1.0,1.0,1.0,85.0,1.0,1.0,1.0,719.0,0.9986504723346828,0.9979770734996628,0.9983136593591906,1483.0,1.0,0.5123798965262379,0.6775809407452658,5412.0,0.9985885673959068,0.9541469993256911,0.9758620689655172,1483.0,1.0,0.6154436960888574,0.7619500420582964,33852.0,0.9991489361702127,0.9974511469838573,0.9982993197278912,1177.0,,,,,,,,
rf,temporal,456,top20_stable,,False,0.9072550184604855,0.8156053889180997,0.8628936577649189,0.7588782309438383,5.6559486439863127e-05,0.9978239271127047,0.9950231849169293,6.7242631912231445,0.5624065399169922,160007.02981384576,210011,89989,20,9.0,rf_temporal_top20_stable_seed456.json,0.7285858523418022,0.9999434405135601,0.8429647642206647,35361.0,0.8006761948670662,0.9998080982536941,0.8892302440689538,10422.0,1.0,1.0,1.0,84.0,0.9986091794158554,1.0,0.9993041057759221,718.0,0.9973045822102425,0.9979770734996628,0.9976407145264578,1483.0,1.0,0.5204213638883756,0.6845751792877112,5411.0,1.0,0.9898853674983142,0.994916977295832,1483.0,1.0,0.6113261055803374,0.7587863232193601,33851.0,0.996607294317218,0.9991496598639455,0.9978768577494692,1176.0,,,,,,,,
rf,temporal,5555,top20_stable,,False,0.9065969416692491,0.8137197494363592,0.8617025709404559,0.7570931722496796,0.00016967845931958937,0.9980334927784446,0.9957315647708577,7.262203693389893,0.5384342670440674,167134.60770994134,210009,89991,20,9.0,rf_temporal_top20_stable_seed5555.json,0.727095115681234,0.9998303215406804,0.8419260352915963,35361.0,0.79738312036116,0.999904049126847,0.8872334085394407,10422.0,1.0,1.0,1.0,84.0,0.9986111111111111,1.0,0.9993050729673384,719.0,1.0,1.0,1.0,1482.0,1.0,0.5119201626316762,0.6771788289940105,5411.0,1.0,0.9973027646662171,0.9986495611073599,1483.0,1.0,0.6081767694670921,0.7563556208670096,33852.0,1.0,0.9974511469838573,0.9987239472564866,1177.0,,,,,,,,
rf,temporal,6789,top20_stable,,False,0.909387043737079,0.8282955149432492,0.8744514720121964,0.7769398326957222,5.6559486439863127e-05,0.9978191778027714,0.9947789894852497,9.140748739242554,0.5898950099945068,152555.96076467575,210008,89992,20,9.0,rf_temporal_top20_stable_seed6789.json,0.7436954464191818,0.9999434405135601,0.8529901334040962,35361.0,0.8018316145913499,0.9997121473805411,0.8899043389135634,10422.0,1.0,1.0,1.0,84.0,1.0,1.0,1.0,719.0,0.9986513823331086,0.9986513823331086,0.9986513823331086,1483.0,1.0,0.5245750184774575,0.6881590110289661,5412.0,0.9979050279329609,0.9635873229939312,0.9804459691252144,1483.0,1.0,0.6420785205754631,0.7820314467671716,33851.0,0.9991386735572783,0.9855564995751912,0.9923011120615911,1177.0,,,,,,,,
rf,temporal,789,top20_stable,,False,0.9037277252569056,0.8122370399415269,0.8595376024215855,0.7536746535849609,0.0,0.9983724976106202,0.9964030742462412,7.2307562828063965,0.5744297504425049,156663.19498716036,210008,89992,20,9.0,rf_temporal_top20_stable_seed789.json,0.7243434798639846,1.0,0.8401382767673647,35361.0,0.8003072196620584,0.9998080982536941,0.8890026448255268,10422.0,1.0,1.0,1.0,85.0,1.0,1.0,1.0,718.0,0.9993256911665542,0.9993256911665542,0.9993256911665542,1483.0,1.0,0.5203252032520326,0.6844919786096256,5412.0,0.9992826398852224,0.9393122049898853,0.9683698296836983,1483.0,1.0,0.6050338247023722,0.753920341603475,33851.0,0.9983007646559049,0.9983007646559049,0.9983007646559049,1177.0,,,,,,,,
rf,temporal,1011,top50,,False,0.9173217056492293,0.8428013300519237,0.8874066983697035,0.7976166504969888,2.8279743219931563e-05,0.995639445412004,0.9927779219496617,11.104494094848633,0.6063857078552246,148403.89348603386,210010,89990,50,9.0,rf_temporal_top50_seed1011.json,0.7618062736987246,0.99997172025678,0.8647908336084719,35361.0,0.8058477722772277,0.9996161965073882,0.8923340471092077,10422.0,1.0,1.0,1.0,84.0,1.0,1.0,1.0,718.0,0.9986504723346828,0.9986504723346828,0.9986504723346828,1482.0,1.0,0.53640059127864,0.6982561635598317,5412.0,0.9973100201748487,1.0,0.9986531986531987,1483.0,1.0,0.673520028358738,0.804914213090447,33852.0,1.0,0.9965986394557823,0.9982964224872232,1176.0,,,,,,,,
rf,temporal,123,top50,,False,0.919436409468096,0.8541832866210889,0.8985352379608255,0.8157788760754164,2.8279743219931563e-05,0.9968160756301698,0.9944884620753816,10.96033263206482,0.6285057067871094,143182.47078460053,210009,89991,50,9.0,rf_temporal_top50_seed123.json,0.7784431137724551,0.99997172025678,0.8754100389923872,35361.0,0.8033469576617568,0.9995202456342352,0.8907606139638291,10422.0,0.9883720930232558,1.0,0.9941520467836257,85.0,1.0,1.0,1.0,719.0,1.0,0.9986504723346828,0.9993247805536799,1482.0,1.0,0.529009608277901,0.6919637462235649,5412.0,0.997979797979798,0.9993256911665542,0.9986522911051213,1483.0,1.0,0.7028743611710141,0.8255152314204427,33851.0,1.0,0.9982993197278912,0.9991489361702127,1176.0,,,,,,,,
rf,temporal,2026,top50,,False,0.9199517287331869,0.8518400073173502,0.8958255439121252,0.8113376775516181,5.6559486439863127e-05,0.9968448587768169,0.994588146796954,11.586104393005371,0.5000214576721191,179978.27617032273,210007,89993,50,9.0,rf_temporal_top50_seed2026.json,0.7742959751237244,0.9999434405135601,0.8727708047934639,35361.0,0.8059701492537313,1.0,0.8925619834710744,10422.0,1.0,1.0,1.0,85.0,1.0,1.0,1.0,719.0,0.9986495611073599,0.9979757085020243,0.9983125210934863,1482.0,1.0,0.536770140428677,0.6985691956234219,5412.0,1.0,0.9979784366576819,0.9989881956155143,1484.0,1.0,0.695616211745244,0.8204878048780487,33852.0,0.9974511469838573,0.9982993197278912,0.9978750531236719,1176.0,,,,,,,,
rf,temporal,3141,top50,,False,0.9162483380654314,0.836631575299038,0.8811681463050001,0.7876075416437854,5.6559486439863127e-05,0.996253734624918,0.9937622293462512,10.603274822235107,0.5195128917694092,173221.88039164845,210009,89991,50,9.0,rf_temporal_top50_seed3141.json,0.7529278991525062,0.9999434405135601,0.8590308905166235,35361.0,0.807722127461622,0.9996161965073882,0.8934819897084048,10422.0,1.0,1.0,1.0,85.0,1.0,1.0,1.0,718.0,1.0,0.9986504723346828,0.9993247805536799,1482.0,1.0,0.5420439844760673,0.7030201342281879,5411.0,0.9993261455525606,0.9993261455525606,0.9993261455525606,1484.0,1.0,0.6574500768049155,0.7933271547729379,33852.0,0.9991489361702127,0.9982993197278912,0.9987239472564866,1176.0,,,,,,,,
rf,temporal,42,top50,,False,0.9137757120782793,0.8405405797767036,0.8859479190032423,0.7952482061795285,0.0,0.9968876717522895,0.9944931979935139,12.068568229675293,0.5119414329528809,175787.68626114106,210007,89993,50,9.0,rf_temporal_top50_seed42.json,0.7596837605001396,1.0,0.863432143380378,35361.0,0.8028972106642009,0.9998080982536941,0.8905982905982905,10422.0,0.9659090909090909,1.0,0.9826589595375722,85.0,1.0,1.0,1.0,719.0,0.9979784366576819,0.9986513823331086,0.9983147960903269,1483.0,1.0,0.5273466371027347,0.6905395596419066,5412.0,0.9986495611073599,0.9973027646662171,0.9979757085020243,1483.0,1.0,0.6696797825830084,0.8021655284667917,33852.0,1.0,0.9965986394557823,0.9982964224872232,1176.0,,,,,,,,
rf,temporal,4242,top50,,False,0.9180031580994904,0.8438592794072719,0.8882309249819399,0.7989493529551737,2.8279743219931563e-05,0.9971846055904634,0.9949200601020737,12.008670091629028,0.546353816986084,164717.4362145844,210006,89994,50,9.0,rf_temporal_top50_seed4242.json,0.7629898152943208,0.99997172025678,0.8655529037390612,35361.0,0.8066413809118352,0.999904049126847,0.8929351784413693,10422.0,1.0,1.0,1.0,85.0,1.0,1.0,1.0,719.0,0.9986522911051213,0.9993256911665542,0.9989888776541962,1483.0,1.0,0.5386178861788617,0.7001321003963011,5412.0,1.0,0.9986513823331086,0.9993252361673415,1483.0,1.0,0.6755583126550868,0.8063680118474639,33852.0,0.99830220713073,0.9991503823279524,0.9987261146496815,1177.0,,,,,,,,
rf,temporal,456,top50,,False,0.9205571545569088,0.8559664849605029,0.9000503372596396,0.8182800029289009,2.8279743219931563e-05,0.9972240124292837,0.9951043173435605,10.646758794784546,0.5839521884918213,154103.36971664653,210011,89989,50,9.0,rf_temporal_top50_seed456.json,0.7807980215072758,0.99997172025678,0.8768971332209107,35361.0,0.8043226553454265,0.9998080982536941,0.8914745262437439,10422.0,1.0,1.0,1.0,84.0,1.0,1.0,1.0,718.0,0.9973045822102425,0.9979770734996628,0.9976407145264578,1483.0,1.0,0.5316946959896507,0.6942567567567568,5411.0,1.0,0.9973027646662171,0.9986495611073599,1483.0,1.0,0.706803344066645,0.8282188414074805,33851.0,0.996607294317218,0.9991496598639455,0.9978768577494692,1176.0,,,,,,,,
rf,temporal,5555,top50,,False,0.9219876538636298,0.854731104928996,0.8978636702910976,0.8147171883580451,0.00011311897287972625,0.9958098973859744,0.9931450641710984,12.677931308746338,0.5473055839538574,164425.51042487996,210009,89991,50,9.0,rf_temporal_top50_seed5555.json,0.7774357395721102,0.9998868810271203,0.8747402276100941,35361.0,0.8088954436078553,0.999904049126847,0.8943145247800901,10422.0,1.0,1.0,1.0,84.0,1.0,1.0,1.0,719.0,1.0,0.9993252361673415,0.9996625042186973,1482.0,1.0,0.5457401589355018,0.7061214729794357,5411.0,1.0,0.9993256911665542,0.9996627318718381,1483.0,1.0,0.7010220961833865,0.8242363197471476,33852.0,0.998303647158609,1.0,0.9991511035653651,1177.0,,,,,,,,
rf,temporal,6789,top50,,False,0.9204664426258464,0.85392538511107,0.8979373644661859,0.8147937983928539,2.8279743219931563e-05,0.9972157923409581,0.99503058303219,10.24501657485962,0.5314819812774658,169322.76760106892,210008,89992,50,9.0,rf_temporal_top50_seed6789.json,0.7775188002990457,0.99997172025678,0.8748252699810735,35361.0,0.8051155243026041,0.9997121473805411,0.8919231263108334,10422.0,1.0,1.0,1.0,84.0,1.0,1.0,1.0,719.0,0.9993247805536799,0.9979770734996628,0.9986504723346828,1483.0,1.0,0.5341832963784183,0.6963748042876069,5412.0,0.9986531986531987,1.0,0.9993261455525606,1483.0,1.0,0.7012200525833802,0.824373133291658,33851.0,0.9991496598639455,0.9983007646559049,0.9987250318742031,1177.0,,,,,,,,
rf,temporal,789,top50,,False,0.9179287961945969,0.8412791464963276,0.8851953882256912,0.7940363529863996,0.0,0.9967135443618012,0.9943037513224245,10.433573246002197,0.5593934059143066,160874.25959716417,210008,89992,50,9.0,rf_temporal_top50_seed789.json,0.7586081136163731,1.0,0.8627369653792666,35361.0,0.8096977232108167,0.9998080982536941,0.8947662187110901,10422.0,1.0,1.0,1.0,85.0,1.0,1.0,1.0,718.0,0.9986513823331086,0.9986513823331086,0.9986513823331086,1483.0,1.0,0.5474870657797487,0.7075820895522388,5412.0,1.0,0.9979770734996628,0.9989875126560918,1483.0,1.0,0.6677203036837908,0.8007581393701066,33851.0,0.9974533106960951,0.9983007646559049,0.9978768577494692,1177.0,,,,,,,,
stability_lgbm,cross_station,123,full,1.0,False,0.9325832163456178,0.8334582110548244,0.8860491128542917,0.7957977675640184,0.0021213163628024307,0.9977853614701362,0.9960633757710321,2298.902349948883,6.198883056640625e-06,15098203844.923077,93592,93592,89,9.0,stability_lgbm_cross_station_bs1_full_seed123.json,0.5281444393870429,0.9978786836371976,0.6907157172053892,17442.0,0.9916085721662794,0.9648285391282502,0.9780352708983255,15922.0,0.986013986013986,1.0,0.9929577464788732,141.0,0.9949706621961442,1.0,0.9974789915966387,1187.0,0.99836867862969,0.9979616795760293,0.998165137614679,2453.0,0.9387863922363229,0.9857782754759239,0.9617086360408587,8930.0,0.9987765089722676,0.9987765089722676,0.9987765089722676,2452.0,1.0,0.6399054943018623,0.7804175259188113,43172.0,0.9926393270241851,0.9973586899101955,0.9949934123847167,1893.0,,,,,,,,
stability_lgbm,cross_station,42,full,1.0,False,0.9324810185125213,0.834318626634629,0.8874516952242071,0.798239746061727,0.003127896200185357,0.9971516589542007,0.9938504784509811,2540.389832496643,6.4373016357421875e-06,14525185441.185184,93503,93503,89,9.0,stability_lgbm_cross_station_bs1_full_seed42.json,0.5280436917034855,0.9968721037998146,0.6903883183568678,17264.0,0.9913391933815926,0.9592245153220763,0.9750174814061408,15990.0,0.9924242424242424,1.0,0.9961977186311787,131.0,0.9991266375545852,1.0,0.999563128003495,1144.0,0.9983818770226537,0.9987859166329421,0.9985838559579203,2471.0,0.9308196028728348,0.9867875937744933,0.957986847111256,8931.0,0.9951278928136419,0.9983706720977596,0.9967466449776332,2455.0,0.9999640494679322,0.6441042978881067,0.7835211267605634,43184.0,0.9917653113741637,0.9968960165545784,0.9943240454076367,1933.0,,,,,,,,
stability_lgbm,cross_station,456,full,1.0,False,0.928075182080526,0.8310106838991428,0.8859259043258927,0.7958793403801067,0.0036859989633127917,0.997039788595317,0.9863000260506358,890.573873758316,2.86102294921875e-06,32754018986.666668,93710,93710,89,9.0,stability_lgbm_cross_station_bs1_full_seed456.json,0.5260773043822036,0.9963140010366872,0.6885722246546989,17363.0,0.9910930643788067,0.9524199131474606,0.9713717183387894,15889.0,0.952054794520548,1.0,0.9754385964912281,139.0,1.0,1.0,1.0,1176.0,0.9975175837815474,0.9962809917355372,0.9968989042795121,2420.0,0.919287648406582,0.9852662127469584,0.9511340983783201,8959.0,0.9903730445246691,0.9987864077669902,0.9945619335347432,2472.0,1.0,0.6404743228902321,0.7808404117680149,43346.0,0.9898063200815495,0.9979445015416238,0.9938587512794268,1946.0,,,,,,,,
stability_lgbm,cross_station,123,full,2.0,False,0.7983906030524577,0.7950958979053399,0.9214205406462336,0.9901247537754432,0.694186446508428,0.9078257232265747,0.8547296698658865,1929.6847786903381,3.337860107421875e-06,28039521426.285713,93592,93592,89,9.0,stability_lgbm_cross_station_bs2_full_seed123.json,0.8764377259283602,0.3058135534915721,0.45341720503230193,17442.0,0.8675211219035577,0.9479964828539128,0.9059752108280064,15922.0,0.986013986013986,1.0,0.9929577464788732,141.0,1.0,0.12468407750631845,0.22172284644194756,1187.0,0.9967439967439967,0.9983693436608235,0.9975560081466395,2453.0,0.8890392422192152,0.7357222844344905,0.8051470588235294,8930.0,0.8758941344778255,0.9987765089722676,0.9333079268292683,2452.0,0.7809696092619393,1.0,0.8770162109454354,43172.0,0.9984152139461173,0.9984152139461173,0.9984152139461173,1893.0,,,,,,,,
stability_lgbm,cross_station,42,full,2.0,False,0.7947277599216951,0.7885188088988743,0.9227828466038865,0.990975747320925,0.6925393883225208,0.9263381504040132,0.8801722676189337,759.7710719108582,4.0531158447265625e-06,23069412171.294117,93503,93503,89,9.0,stability_lgbm_cross_station_bs2_full_seed42.json,0.885256837891928,0.3074606116774791,0.45640584694754943,17264.0,0.8497072599531615,0.9076297686053784,0.8777139401270033,15990.0,0.9849624060150376,1.0,0.9924242424242424,131.0,1.0,0.12762237762237763,0.22635658914728682,1144.0,0.888328530259366,0.9979765277215702,0.9399656946826758,2471.0,0.8962889798222097,0.7112305452916806,0.7931077537770008,8931.0,0.9971475142624286,0.9967413441955193,0.9969443878590344,2455.0,0.7725776441963647,1.0,0.8716996366572467,43184.0,0.9974160206718347,0.9984480082772892,0.9979317476732161,1933.0,,,,,,,,
stability_lgbm,holdout_attack,123,full,,False,0.1101012311185169,0.6925742819553902,0.9783236994219653,0.959981093429967,0.0010859052886981013,,0.26431401571794505,1528.0004017353058,2.6226043701171875e-06,32153153163.636364,215675,84325,89,9.0,stability_lgbm_holdout_attack_full_seed123.json,0.9830352819382524,0.9989140947113019,0.9909110800666521,58937.0,0.0,0.0,0.0,0.0,0.0,0.0,0.0,0.0,0.0,0.0,0.0,2399.0,0.0,0.0,0.0,0.0,0.0,0.0,0.0,18042.0,0.0,0.0,0.0,4947.0,0.0,0.0,0.0,0.0,0.0,0.0,0.0,0.0,,,,,,,,
stability_lgbm,holdout_attack,42,full,,False,0.11001516034114502,0.6920328674205108,0.97634304598396,0.9542303450449031,0.000203607241630894,,0.2715621879025367,17.55839705467224,2.86102294921875e-06,29473723733.333332,215675,84325,89,9.0,stability_lgbm_holdout_attack_full_seed42.json,0.9806613743405396,0.9997963927583691,0.9901364430703051,58937.0,0.0,0.0,0.0,0.0,0.0,0.0,0.0,0.0,0.0,0.0,0.0,2399.0,0.0,0.0,0.0,0.0,0.0,0.0,0.0,18042.0,0.0,0.0,0.0,4947.0,0.0,0.0,0.0,0.0,0.0,0.0,0.0,0.0,,,,,,,,
stability_lgbm,random,123,full,,False,0.9970302028848038,0.9993999380191134,0.9998764601721322,0.9998901853122856,0.00021208907741251324,0.9979393500070004,0.9959383998685521,1947.5992002487183,2.86102294921875e-06,20971520000.0,240000,60000,89,9.0,stability_lgbm_random_full_seed123.json,0.9998303215406804,0.9997879109225875,0.9998091157818829,23575.0,0.997986770204199,0.9987048496186501,0.9983456807883191,6949.0,0.9824561403508771,0.9824561403508771,0.9824561403508771,57.0,1.0,0.9979166666666667,0.9989572471324296,480.0,0.998989898989899,1.0,0.9994946942900454,989.0,0.9972253052164262,0.996119733924612,0.9966722129783694,3608.0,1.0,0.9979777553083923,0.9989878542510121,989.0,0.9997784669915818,0.9998670684154555,0.9998227657406177,22568.0,0.9987261146496815,0.9987261146496815,0.9987261146496815,785.0,,,,,,,,
stability_lgbm,random,42,full,,False,0.9975875621636222,0.9993167262431066,0.9997391650536085,0.9996431022649279,0.0002545068928950159,0.9998235542264974,0.9978107023109334,1988.1240527629852,3.5762786865234375e-06,16777216000.0,240000,60000,89,9.0,stability_lgbm_random_full_seed42.json,0.9994487320837927,0.999745493107105,0.9995970905697987,23575.0,0.9988490864623795,0.9991365664124334,0.9989928057553957,6949.0,0.9827586206896551,1.0,0.991304347826087,57.0,1.0,0.9979166666666667,0.9989572471324296,480.0,0.9959595959595959,0.9969666329625885,0.9964628600303184,989.0,0.9983356449375866,0.9975055432372506,0.9979204214612505,3608.0,0.9979777553083923,0.9979777553083923,0.9979777553083923,989.0,0.999778378617969,0.999468273661822,0.9996233020895655,22568.0,0.9974522292993631,0.9974522292993631,0.9974522292993631,785.0,,,,,,,,
stability_lgbm,random,456,full,,False,0.9991208117873042,0.9993665483663043,0.9997666533979384,0.9998078242964996,0.0004241781548250265,0.9999995996703466,0.999995923282197,296.124960899353,1.1920928955078125e-06,50331648000.0,240000,60000,89,9.0,stability_lgbm_random_full_seed456.json,0.9997030375021212,0.999575821845175,0.9996394256262329,23575.0,0.9978448275862069,0.999424377608289,0.9986339779998562,6949.0,1.0,1.0,1.0,57.0,0.997920997920998,1.0,0.9989594172736732,480.0,1.0,0.9979777553083923,0.9989878542510121,989.0,0.9988879621907145,0.9958425720620843,0.9973629424011103,3608.0,0.998989898989899,1.0,0.9994946942900454,989.0,0.9996012405848471,0.9996898263027295,0.9996455314812354,22568.0,0.9987277353689568,1.0,0.9993634627625716,785.0,,,,,,,,
stability_lgbm,temporal,123,full,,False,0.950674526589868,0.9295493840410642,0.9456517543521056,0.8969064616511074,0.0,0.9673460006228461,0.9607462688510601,1874.6946229934692,3.0994415283203125e-06,29034585481.846153,210009,89991,89,9.0,stability_lgbm_temporal_full_seed123.json,0.8626106896299368,1.0,0.9262383110249627,35361.0,0.9444191758391703,0.9961619650738822,0.9696007471398552,10422.0,0.953125,0.7176470588235294,0.8187919463087249,85.0,1.0,1.0,1.0,719.0,1.0,0.9986504723346828,0.9993247805536799,1482.0,0.9929693961952026,0.8872875092387288,0.9371584699453552,5412.0,0.997968855788761,0.9939312204989885,0.995945945945946,1483.0,1.0,0.8346282236861541,0.9098608785263429,33851.0,0.9991496598639455,0.9991496598639455,0.9991496598639455,1176.0,,,,,,,,
stability_lgbm,temporal,42,full,,False,0.9815092868721708,0.9884578207081995,0.99835907778338,0.9967235319958998,0.0,0.9995031894024893,0.995501993411046,2296.9894309043884,5.4836273193359375e-06,16411217385.73913,210007,89993,89,9.0,stability_lgbm_temporal_full_seed42.json,0.9949634214969049,1.0,0.99747535295694,35361.0,0.9260575897618201,0.9998080982536941,0.9615207160653317,10422.0,0.9770114942528736,1.0,0.9883720930232558,85.0,0.9972260748959778,1.0,0.9986111111111111,719.0,0.997979797979798,0.9993256911665542,0.9986522911051213,1483.0,1.0,0.8477457501847746,0.9176,5412.0,0.9985855728429985,0.952124072825354,0.9748015188125647,1483.0,1.0,0.9965142384497223,0.9982540762879887,33852.0,1.0,0.9965986394557823,0.9982964224872232,1176.0,,,,,,,,
stability_lgbm,temporal,456,full,,False,0.9805600496321891,0.9704592433353963,0.9808877985989982,0.9625100680969466,2.8279743219931563e-05,0.9988337013614608,0.9940777236672772,164.02731895446777,9.5367431640625e-07,94360305664.0,210011,89989,89,9.0,stability_lgbm_temporal_full_seed456.json,0.9452523524379812,0.99997172025678,0.9718424054198903,35361.0,0.953541858325667,0.9945308002302821,0.9736051099004321,10422.0,0.9882352941176471,1.0,0.9940828402366864,84.0,1.0,1.0,1.0,718.0,0.9946236559139785,0.9979770734996628,0.9962975429148435,1483.0,0.9889135254988913,0.9066715948992793,0.9460084843810258,5411.0,0.9794293297942933,0.99527983816588,0.9872909698996656,1483.0,1.0,0.9395291128770199,0.9688218719061762,33851.0,0.9991289198606271,0.9753401360544217,0.9870912220309811,1176.0,,,,,,,,
tabnet,cross_station,1011,full,1.0,False,0.9655614760874405,0.9225916086761656,0.950017140898183,0.9058458963664178,0.005157925239061141,0.9953007957016765,0.9874806017380882,112.21558952331543,2.86102294921875e-06,32763106645.333332,93736,93736,89,9.0,tabnet_cross_station_bs1_full_seed1011.json,0.704477366930685,0.9948420747609389,0.8248522416029984,17255.0,0.9905997367926302,0.9910966204777729,0.9908481163417538,15949.0,1.0,1.0,1.0,132.0,0.9907329401853412,1.0,0.9953449005501481,1176.0,0.9911182882519176,0.9971567831031681,0.9941283660660053,2462.0,0.9825969036049271,0.9853807796917498,0.9839868726305664,8824.0,0.9987598181066556,0.9865251122907309,0.9926047658175843,2449.0,0.9995881157669284,0.83575544688569,0.9103594873397937,43557.0,0.9984455958549223,0.9974120082815735,0.9979285344381149,1932.0,,,,,,,,
tabnet,cross_station,123,full,1.0,False,0.9678399723057066,0.9405698896024056,0.9636781858770365,0.9325279054497702,0.012326568054122234,0.9986016755560733,0.9894019018964754,87.57405924797058,1.430511474609375e-06,65425549994.666664,93592,93592,89,9.0,tabnet_cross_station_bs1_full_seed123.json,0.7702660406885758,0.9876734319458778,0.8655261637400458,17442.0,0.9837652201061505,0.9895113679186032,0.9866299276701005,15922.0,1.0,1.0,1.0,141.0,0.9137798306389531,1.0,0.9549477071600966,1187.0,0.9983666802776644,0.9967386873216469,0.9975520195838433,2453.0,0.9769110065007846,0.9760358342665174,0.9764732242885951,8930.0,0.997946611909651,0.9910277324632952,0.994475138121547,2452.0,0.9997111420393372,0.8818215510052811,0.9370730926858085,43172.0,1.0,0.9957739038563127,0.9978824775013234,1893.0,,,,,,,,
tabnet,cross_station,42,full,1.0,False,0.9486568891643993,0.8866166537979406,0.9242213120522457,0.8613045816445651,0.01123725671918443,0.9832021741190873,0.9504452747072742,123.16619729995728,8.821487426757812e-06,10599459646.27027,93503,93503,89,9.0,tabnet_cross_station_bs1_full_seed42.json,0.6174938503834467,0.9887627432808156,0.7602208960541552,17264.0,0.9911426597148062,0.9867417135709818,0.9889372904196309,15990.0,1.0,1.0,1.0,131.0,0.959731543624161,1.0,0.9794520547945206,1144.0,0.9697208022021234,0.9979765277215702,0.9836457917830076,2471.0,0.9768344047882953,0.9867875937744933,0.9817857739653539,8931.0,0.9898415278342138,0.9922606924643584,0.9910496338486574,2455.0,0.9994486307664032,0.7555576139310856,0.8605565079783727,43184.0,0.9892030848329049,0.9953440248318676,0.9922640536358948,1933.0,,,,,,,,
tabnet,cross_station,456,full,1.0,False,0.9603622865590579,0.9246140877616906,0.9537556034630257,0.9126619251575045,0.005125842308356851,0.9988366720718204,0.9948094826191327,123.90647220611572,7.152557373046875e-07,131016075946.66667,93710,93710,89,9.0,tabnet_cross_station_bs1_full_seed456.json,0.721493609556428,0.9948741576916431,0.8364120566517371,17363.0,0.9926832345149489,0.9904965699540562,0.9915886967205368,15889.0,1.0,1.0,1.0,139.0,0.9623567921440261,1.0,0.9808173477898249,1176.0,0.996695580338703,0.9971074380165289,0.9969014666391242,2420.0,0.9822340661781035,0.9873869851545931,0.9848037851377679,8959.0,0.8912179255511384,0.9975728155339806,0.9414010307310555,2472.0,0.9997254029711399,0.839916024546671,0.9128794052380176,43346.0,0.9994850669412977,0.9974306269270298,0.9984567901234568,1946.0,,,,,,,,
tabnet,cross_station,789,full,1.0,False,0.9620179126311511,0.9167464195468519,0.9456225761201419,0.8984711877695022,0.007865040465063262,0.9984908308657331,0.9901578761548636,115.74522018432617,1.1920928955078125e-06,78916668620.8,94076,94076,89,9.0,tabnet_cross_station_bs1_full_seed789.json,0.6913972515688299,0.9921349595349367,0.8149049714446213,17546.0,0.9886405959031658,0.9940706528523281,0.9913481887215237,16022.0,0.9776119402985075,1.0,0.9886792452830189,131.0,0.9807692307692307,1.0,0.9902912621359223,1173.0,0.9914250714577378,0.9975349219391948,0.9944706123284865,2434.0,0.983407205364246,0.9816222348269994,0.9825139093902577,8815.0,0.9955465587044534,0.9947411003236246,0.9951436665317686,2472.0,0.9999161636485581,0.8221170415642304,0.9023415335342404,43523.0,0.9994887525562373,0.9974489795918368,0.998467824310521,1960.0,,,,,,,,
tabnet,cross_station,1011,full,2.0,False,0.8382829552702544,0.7364287680088387,0.9264639790105311,0.9972803702880454,0.6896551724137931,0.9541229606422093,0.8577850481954221,121.92981290817261,7.152557373046875e-07,131052426581.33333,93736,93736,89,9.0,tabnet_cross_station_bs2_full_seed1011.json,0.9626101024627,0.3103448275862069,0.46936628977123324,17255.0,0.6191407098483861,0.8935983447238072,0.7314719770067748,15949.0,1.0,1.0,1.0,132.0,0.9944211994421199,0.6062925170068028,0.7533016376122557,1176.0,0.9879372738238842,0.9979691307879772,0.9929278642149929,2462.0,0.8335621812475481,0.9631686310063463,0.8936908517350157,8824.0,0.8742836676217765,0.9967333605553287,0.9315016218278954,2449.0,0.7462896622313203,0.8034988635580963,0.773838346986833,43557.0,0.9979317476732161,0.9989648033126294,0.9984480082772892,1932.0,,,,,,,,
tabnet,cross_station,123,full,2.0,False,0.8657918462557627,0.8215211146412109,0.9264216700541386,0.9966119500984898,0.6763559224859534,0.9272618825783555,0.8831595870364081,116.56543469429016,9.5367431640625e-07,98138324992.0,93592,93592,89,9.0,tabnet_cross_station_bs2_full_seed123.json,0.9562934101304421,0.32364407751404656,0.4836153351895481,17442.0,0.9647263948497854,0.9035297073232006,0.9331257702536161,15922.0,1.0,1.0,1.0,141.0,0.989983305509182,0.4995787700084246,0.6640537513997761,1187.0,0.9979591836734694,0.9967386873216469,0.9973485621048338,2453.0,0.856629392971246,0.9608062709966405,0.9057320806502692,8930.0,0.8746858168761221,0.9934747145187602,0.930303608936414,2452.0,0.7853655870887828,0.9986796998054295,0.879269909248496,43172.0,1.0,0.9973586899101955,0.9986775985189104,1893.0,,,,,,,,
tabnet,cross_station,42,full,2.0,False,0.887444124487032,0.8258912471382648,0.9249238269347958,0.9954222904287832,0.6934082483781279,0.9486679933097888,0.8722743966230402,118.77799224853516,1.1920928955078125e-06,78436001382.4,93503,93503,89,9.0,tabnet_cross_station_bs2_full_seed42.json,0.9381425026586316,0.3065917516218721,0.4621496551121977,17264.0,0.9792914821568117,0.9404627892432771,0.9594844637274293,15990.0,1.0,1.0,1.0,131.0,0.9891172914147521,0.715034965034965,0.8300355149670218,1144.0,0.9987794955248169,0.9935248887090247,0.9961452627307771,2471.0,0.9044257112750264,0.9610345985891837,0.9318712339178112,8931.0,0.8871439006574142,0.9894093686354379,0.9354900828037743,2455.0,0.7821336877947522,0.994673953316043,0.875691874866212,43184.0,0.9938208032955715,0.9984480082772892,0.9961290322580645,1933.0,,,,,,,,
tabnet,cross_station,456,full,2.0,False,0.8641245745465873,0.8142012546474396,0.9241491815951742,0.994289232058889,0.6925646489661925,0.8944397291441903,0.8359532071027691,85.6295554637909,1.1920928955078125e-06,78609645568.0,93710,93710,89,9.0,tabnet_cross_station_bs2_full_seed456.json,0.9244890890197437,0.30743535103380754,0.461425422483468,17363.0,0.9536278233060164,0.9008118824343886,0.9264677325393229,15889.0,1.0,1.0,1.0,139.0,0.9924357034795764,0.5578231292517006,0.7142079477408819,1176.0,0.9979304635761589,0.9962809917355372,0.9971050454921423,2420.0,0.8457501543527475,0.9174014957026454,0.8801199336081812,8959.0,0.8837727441515039,0.9627831715210357,0.9215876089060987,2472.0,0.7829558180701565,1.0,0.8782672123840013,43346.0,1.0,0.9958890030832477,0.9979402677651905,1946.0,,,,,,,,
tabnet,cross_station,789,full,2.0,False,0.8730520729509782,0.8261564393319607,0.9247519110577652,0.9966549065725859,0.6928644705345948,0.8853535031333988,0.8329250298484954,118.17769241333008,9.5367431640625e-07,98645835776.0,94076,94076,89,9.0,tabnet_cross_station_bs2_full_seed789.json,0.9546501328609389,0.30713552946540523,0.4647492561769652,17546.0,0.9860704289526785,0.9455124204219199,0.9653656205193564,16022.0,1.0,1.0,1.0,131.0,0.9966887417218543,0.5132139812446718,0.6775464265616207,1173.0,0.9975369458128078,0.9983566146261298,0.997946611909651,2434.0,0.9075346084751136,0.9742484401588202,0.9397089397089398,8815.0,0.8814709032488397,0.9987864077669902,0.9364688033377584,2472.0,0.7816911526994504,1.0,0.8774709932359552,43523.0,0.9994884910485934,0.996938775510204,0.9982120051085568,1960.0,,,,,,,,
tabnet,holdout_attack,1011,full,,False,0.13442909041136514,0.6576926310230939,0.8297661559728142,0.7093114857412951,0.0001527054312231705,,0.311674103727648,268.69501209259033,3.337860107421875e-06,25263191771.42857,215675,84325,89,9.0,tabnet_holdout_attack_full_seed1011.json,0.8887012125233757,0.9998472945687769,0.941003632879556,58937.0,0.0,0.0,0.0,0.0,0.0,0.0,0.0,0.0,0.0,0.0,0.0,2399.0,0.0,0.0,0.0,0.0,0.0,0.0,0.0,18042.0,0.0,0.0,0.0,4947.0,0.0,0.0,0.0,0.0,0.0,0.0,0.0,0.0,,,,,,,,
tabnet,holdout_attack,123,full,,False,0.15291620943578263,0.6880766644540846,0.9525321021497619,0.9101544036552702,0.00037327994298997236,,0.2663873046636633,154.9269256591797,2.86102294921875e-06,29473723733.333332,215675,84325,89,9.0,tabnet_holdout_attack_full_seed123.json,0.9627263219818288,0.99962672005701,0.9808295805482257,58937.0,0.0,0.0,0.0,0.0,0.0,0.0,0.0,0.0,0.06566932193510783,0.14089203834931222,0.08958388550225285,2399.0,0.0,0.0,0.0,0.0,0.0,0.0,0.0,18042.0,0.0,0.0,0.0,4947.0,0.0,0.0,0.0,0.0,0.0,0.0,0.0,0.0,,,,,,,,
tabnet,holdout_attack,42,full,,False,0.15891604710303384,0.6664240783714087,0.872897113511599,0.7766267527965968,0.0012046761796494561,,0.22887297973064905,175.76789140701294,7.152557373046875e-07,117894894933.33333,215675,84325,89,9.0,tabnet_holdout_attack_full_seed42.json,0.9121279266157398,0.9987953238203505,0.9534962826182031,58937.0,0.0,0.0,0.0,0.0,0.0,0.0,0.0,0.0,0.0,0.0,0.0,2399.0,0.0,0.0,0.0,0.0,0.0,0.0,0.0,18042.0,0.0,0.0,0.0,4947.0,0.0,0.0,0.0,0.0,0.0,0.0,0.0,0.0,,,,,,,,
tabnet,holdout_attack,456,full,,False,0.22717812280916624,0.7041442912121981,0.981946718856093,0.9683708838821491,0.0017136942837266912,,0.22388410990624164,214.08103036880493,9.5367431640625e-07,88421171200.0,215675,84325,89,9.0,tabnet_holdout_attack_full_seed456.json,0.9865356561981253,0.9982863057162733,0.992376197544191,58937.0,0.0,0.0,0.0,0.0,0.0,0.0,0.0,0.0,0.25304506699147383,0.692788661942476,0.3706925393108063,2399.0,0.0,0.0,0.0,0.0,0.0,0.0,0.0,18042.0,0.0,0.0,0.0,4947.0,0.0,0.0,0.0,0.0,0.0,0.0,0.0,0.0,,,,,,,,
tabnet,holdout_attack,789,full,,False,0.23169080185112323,0.7058319795658017,0.9852375734634924,0.9739640775169371,0.0013573816108726267,,0.3280262768070456,281.50036787986755,1.430511474609375e-06,58947447466.666664,215675,84325,89,9.0,tabnet_holdout_attack_full_seed789.json,0.988894116065728,0.9986426183891274,0.9937444599214892,58937.0,0.0,0.0,0.0,0.0,0.0,0.0,0.0,0.0,0.26903023983315955,0.7528136723634847,0.39640035118525024,2399.0,0.0,0.0,0.0,0.0,0.0,0.0,0.0,18042.0,0.0,0.0,0.0,4947.0,0.0,0.0,0.0,0.0,0.0,0.0,0.0,0.0,,,,,,,,
tabnet,random,1011,full,,False,0.9949100788790839,0.9968951096352687,0.9993273758047468,0.9993136582017845,0.0010180275715800636,0.999958016357971,0.9992663839251595,188.68033599853516,1.1920928955078125e-06,50331648000.0,240000,60000,89,9.0,tabnet_random_full_seed1011.json,0.9989395995928062,0.9989819724284199,0.9989607855612819,23575.0,0.9838114172110196,0.9969779824435171,0.9903509398899293,6949.0,1.0,1.0,1.0,57.0,0.995850622406639,1.0,0.997920997920998,480.0,0.9929435483870968,0.9959555106167847,0.99444724886421,989.0,0.9923491073958629,0.970620842572062,0.9813647190696371,3608.0,0.9959473150962512,0.993933265925177,0.9949392712550608,989.0,0.9996896475282643,0.9991137894363701,0.9994016355295525,22568.0,1.0,0.9936305732484076,0.9968051118210862,785.0,,,,,,,,
tabnet,random,123,full,,False,0.9966495011533149,0.9978493853526545,0.9995606206233695,0.9992862045298558,0.0002545068928950159,0.999982809311907,0.9995912255326856,306.59133863449097,9.5367431640625e-07,62914560000.0,240000,60000,89,9.0,tabnet_random_full_seed123.json,0.9988980716253444,0.999745493107105,0.9993216027135892,23575.0,0.9918220946915351,0.9948193984746007,0.9933184855233853,6949.0,1.0,1.0,1.0,57.0,0.9979123173277662,0.9958333333333333,0.9968717413972888,480.0,0.997979797979798,0.9989888776541962,0.9984840828701365,989.0,0.9894179894179894,0.9847560975609756,0.9870815391026532,3608.0,0.9949545913218971,0.9969666329625885,0.9959595959595959,989.0,1.0,0.9988922367954626,0.9994458114428854,22568.0,1.0,0.9987261146496815,0.9993626513702996,785.0,,,,,,,,
tabnet,random,42,full,,False,0.9955490854988162,0.996884786687966,0.9992040838730926,0.9995058339052848,0.001696712619300106,0.9999198622473815,0.9992926237454937,243.61094570159912,9.5367431640625e-07,62914560000.0,240000,60000,89,9.0,tabnet_random_full_seed42.json,0.9992357661444402,0.9983032873806998,0.9987693091156,23575.0,0.9923542989036354,0.9899266081450568,0.991138966933218,6949.0,1.0,1.0,1.0,57.0,0.995850622406639,1.0,0.997920997920998,480.0,0.993963782696177,0.9989888776541962,0.9964699949571356,989.0,0.9804299889746417,0.9858647450110865,0.9831398562741847,3608.0,0.9989858012170385,0.9959555106167847,0.9974683544303797,989.0,0.9984063039532516,0.9993353420772776,0.9988706069933787,22568.0,1.0,0.9923566878980892,0.9961636828644501,785.0,,,,,,,,
tabnet,random,456,full,,False,0.9967145795404869,0.997881904600158,0.9995744271927296,0.9994783802333562,0.0005090137857900318,0.9999789486383559,0.9994823976177588,270.80093812942505,3.337860107421875e-06,17975588571.42857,240000,60000,89,9.0,tabnet_random_full_seed456.json,0.9991943007378509,0.99949098621421,0.9993426214559874,23575.0,0.9911136591658306,0.9951072096704562,0.993106419646704,6949.0,1.0,1.0,1.0,57.0,0.995850622406639,1.0,0.997920997920998,480.0,1.0,0.9979777553083923,0.9989878542510121,989.0,0.9902289223897264,0.9830931263858093,0.9866481223922114,3608.0,0.9979674796747967,0.9929221435793731,0.9954384186517993,989.0,0.9997340779151709,0.9995125841900036,0.9996233187830981,22568.0,0.9987277353689568,1.0,0.9993634627625716,785.0,,,,,,,,
tabnet,random,789,full,,False,0.9974490344565365,0.997881541933291,0.9993409671307356,0.9991214824982841,0.0006786850477200424,0.9999929405126119,0.9999101874625009,306.3819053173065,9.5367431640625e-07,62914560000.0,240000,60000,89,9.0,tabnet_random_full_seed789.json,0.9986435505065491,0.9993213149522799,0.9989823177712759,23575.0,0.9938182863714778,0.9948193984746007,0.9943185904350953,6949.0,1.0,1.0,1.0,57.0,1.0,1.0,1.0,480.0,0.998989898989899,1.0,0.9994946942900454,989.0,0.9902425425146362,0.9844789356984479,0.9873523280055594,3608.0,0.998989898989899,1.0,0.9994946942900454,989.0,0.9993353126246289,0.999291031549096,0.9993131715963222,22568.0,1.0,0.9961783439490446,0.998085513720485,785.0,,,,,,,,
tabnet,temporal,1011,full,,False,0.9287530585134205,0.7683652632701632,0.7905643250902168,0.6536638049387687,0.0,0.9912072760559,0.9893321145689389,194.66613936424255,1.1920928955078125e-06,75489083392.0,210010,89990,89,9.0,tabnet_temporal_full_seed1011.json,0.6514434148228662,1.0,0.788938220923228,35361.0,0.9752298742728467,0.9973133755517175,0.9861480075901329,10422.0,1.0,1.0,1.0,84.0,0.9972222222222222,1.0,0.9986091794158554,718.0,1.0,0.9966261808367072,0.9983102399459277,1482.0,1.0,0.9506651884700665,0.9747087240693378,5412.0,1.0,0.9986513823331086,0.9993252361673415,1483.0,1.0,0.44213045019496633,0.6131629078842254,33852.0,0.9991503823279524,1.0,0.9995750106247344,1176.0,,,,,,,,
tabnet,temporal,123,full,,False,0.9540598641112299,0.8531256967032083,0.870487532564198,0.770675453047776,0.0,0.9984454651542242,0.9947544805777695,258.623503446579,9.5367431640625e-07,94362402816.0,210009,89991,89,9.0,tabnet_temporal_full_seed123.json,0.7383950385265927,1.0,0.8495135135135136,35361.0,0.9815320832940733,0.9995202456342352,0.9904444972664607,10422.0,1.0,1.0,1.0,85.0,0.9958448753462604,1.0,0.9979181124219292,719.0,0.9986486486486487,0.9973009446693657,0.9979743416610398,1482.0,1.0,0.963229859571323,0.9812705882352941,5412.0,0.994634473507713,1.0,0.9973100201748487,1483.0,1.0,0.6299370771912204,0.7729587675577707,33851.0,1.0,0.9982993197278912,0.9991489361702127,1176.0,,,,,,,,
tabnet,temporal,42,full,,False,0.9681216453581207,0.9028646138834736,0.9172884647779859,0.8472140869819885,0.0,0.9992316389769287,0.9986686880744726,274.72088384628296,1.9073486328125e-06,47182249984.0,210007,89993,89,9.0,tabnet_temporal_full_seed42.json,0.80902809554315,1.0,0.8944339753885846,35361.0,0.9772109162524618,0.9998080982536941,0.9883803651885227,10422.0,1.0,1.0,1.0,85.0,0.9986111111111111,1.0,0.9993050729673384,719.0,0.9993243243243243,0.9973027646662171,0.9983125210934863,1483.0,1.0,0.95509977827051,0.9770343067762971,5412.0,1.0,0.9973027646662171,0.9986495611073599,1483.0,1.0,0.7536630036630036,0.8595300261096606,33852.0,0.9974489795918368,0.9974489795918368,0.9974489795918368,1176.0,,,,,,,,
tabnet,temporal,456,full,,False,0.952398900679959,0.868889148757869,0.8904685500741313,0.8025920773229845,5.6559486439863127e-05,0.9966411066992293,0.9931249017470751,204.58930492401123,9.5367431640625e-07,94360305664.0,210011,89989,89,9.0,tabnet_temporal_full_seed456.json,0.766291745226795,0.9999434405135601,0.8676629367883785,35361.0,0.9377312516920856,0.9970255229322587,0.9664697949123379,10422.0,1.0,1.0,1.0,84.0,0.9986091794158554,1.0,0.9993041057759221,718.0,0.9966352624495289,0.9986513823331086,0.9976423038059953,1483.0,0.9995766299745978,0.872666789872482,0.9318204242723236,5411.0,0.9986495611073599,0.9973027646662171,0.9979757085020243,1483.0,1.0,0.6822841274999262,0.8111401829771542,33851.0,1.0,0.9991496598639455,0.9995746490854955,1176.0,,,,,,,,
tabnet,temporal,789,full,,False,0.9775449530161473,0.9366431781883786,0.947791010002792,0.9010268894949753,0.000452475891518905,0.9994218280817011,0.9982123523240036,215.2887101173401,7.152557373046875e-07,125817935189.33333,210008,89992,89,9.0,tabnet_temporal_full_seed789.json,0.8673193953670986,0.9995475241084811,0.9287506733409536,35361.0,0.9795841565528272,0.9990404912684705,0.9892166642914826,10422.0,1.0,1.0,1.0,85.0,0.9972222222222222,1.0,0.9986091794158554,718.0,0.9979784366576819,0.9986513823331086,0.9983147960903269,1483.0,0.9978878648233487,0.9602734663710274,0.9787193973634651,5412.0,0.9879598662207358,0.9959541469993257,0.9919408999328408,1483.0,1.0,0.8402705976189773,0.9132033068464563,33851.0,1.0,0.9983007646559049,0.9991496598639455,1177.0,,,,,,,,
xgboost,cross_station,1011,full,1.0,False,0.9343514114450847,0.8355251758458027,0.8853891352307726,0.79498176017573,0.003535207186322805,0.9985932122387988,0.9964233999844452,14.279316425323486,0.49399304389953613,189751.65978058425,93736,93736,89,9.0,xgboost_cross_station_bs1_full_seed1011.json,0.5230273164202713,0.9964647928136772,0.685990145424804,17255.0,0.9933951479740887,0.9807511442723682,0.987032654992901,15949.0,0.9924812030075187,1.0,0.9962264150943396,132.0,0.9907329401853412,1.0,0.9953449005501481,1176.0,0.9931146213041717,0.9959382615759546,0.9945244372338268,2462.0,0.9649258685549901,0.988327289211242,0.9764863957003695,8824.0,0.9934879934879934,0.9967333605553287,0.9951080309824705,2449.0,0.9999641512815917,0.6404022315586473,0.780775905502995,43557.0,0.996386164171399,0.9989648033126294,0.9976738175239079,1932.0,,,,,,,,
xgboost,cross_station,123,full,1.0,False,0.9333417488993491,0.8353936022055872,0.8863447066559509,0.7965462902166776,0.003611971104231166,0.9982237193935993,0.9957144911617645,13.473905086517334,0.4725315570831299,198065.07861132093,93592,93592,89,9.0,xgboost_cross_station_bs1_full_seed123.json,0.5286870284740813,0.9963880288957688,0.6908216401001709,17442.0,0.9929541378426852,0.9736214043461877,0.9831927443394431,15922.0,0.986013986013986,1.0,0.9929577464788732,141.0,0.9826158940397351,1.0,0.9912317327766179,1187.0,0.9979608482871125,0.9975540154912352,0.9977573904179409,2453.0,0.9521856449001619,0.9879059350503919,0.9697169552074746,8930.0,0.9979616795760293,0.99836867862969,0.998165137614679,2452.0,0.9997110557301261,0.6411331418511999,0.7812416206833289,43172.0,0.9931578947368421,0.9968304278922345,0.994990772475613,1893.0,,,,,,,,
xgboost,cross_station,2026,full,1.0,False,0.9347894668082449,0.8370856700973606,0.8869443472173608,0.7975868852459016,0.003992471339759311,0.9978146690895175,0.9947386100683124,13.320591688156128,0.4926724433898926,190355.68410263557,93783,93783,89,9.0,xgboost_cross_station_bs1_full_seed2026.json,0.530838678298933,0.9960075286602407,0.6925639500297442,17533.0,0.9925141153333756,0.9799561540870655,0.9861951588502269,15965.0,1.0,1.0,1.0,135.0,0.9847457627118644,1.0,0.9923142613151152,1162.0,0.991889699918897,0.9975530179445351,0.9947132980886539,2452.0,0.9628782930546483,0.9871651785714286,0.9748704948749035,8960.0,0.9955175224123879,0.9971428571428571,0.9963295269168027,2450.0,0.9997836746466686,0.6424335094059864,0.782228490832158,43164.0,0.9928789420142421,0.9949031600407747,0.9938900203665988,1962.0,,,,,,,,
xgboost,cross_station,3141,full,1.0,False,0.9340847488146576,0.8342116187399564,0.8850319355734518,0.7940856337289358,0.0017184098980410128,0.9969068690721608,0.9929865121522654,14.087315320968628,0.5095446109771729,183915.20189033705,93713,93713,89,9.0,xgboost_cross_station_bs1_full_seed3141.json,0.526048898279505,0.9982815901019589,0.6890171582193405,17458.0,0.9921219496573368,0.9770404945124259,0.9845234690310484,15854.0,0.9928057553956835,1.0,0.9963898916967509,138.0,0.9958263772954925,1.0,0.9979088247595148,1193.0,0.9951199674664498,0.9975540154912352,0.9963355048859935,2453.0,0.959266135197117,0.9863013698630136,0.9725959142999502,8906.0,0.997539975399754,0.9983586376692655,0.9979491386382281,2437.0,0.9999638087655169,0.6376497196002862,0.7787266424283419,43331.0,0.9922958397534669,0.9943386515697376,0.9933161953727506,1943.0,,,,,,,,
xgboost,cross_station,42,full,1.0,False,0.9346319582141294,0.83876873716911,0.8880614958650588,0.7993415443539396,0.0037650602409638554,0.9965180975583124,0.9922023964397739,12.372060537338257,0.48688411712646484,192043.6438794598,93503,93503,89,9.0,xgboost_cross_station_bs1_full_seed42.json,0.5292488537403452,0.9962349397590361,0.6912642430819317,17264.0,0.9934748178650618,0.9807379612257661,0.9870653029110936,15990.0,0.9776119402985075,1.0,0.9886792452830189,131.0,0.9956483899042646,1.0,0.9978194505015264,1144.0,0.9919517102615694,0.9975718332658843,0.9947538337368845,2471.0,0.9652421029620724,0.9888030455716045,0.9768805309734513,8931.0,0.9943181818181818,0.9979633401221996,0.9961374263061598,2455.0,0.9998207564079584,0.645841052241571,0.7847606184667764,43184.0,0.9912596401028277,0.9974133471288154,0.9943269726663229,1933.0,,,,,,,,
xgboost,cross_station,4242,full,1.0,False,0.9346929741433923,0.8362432727551399,0.8863897243654011,0.7963760737317563,0.002300304790384726,0.9972289383579468,0.9934304656923797,12.754132509231567,0.45275187492370605,207599.36116407817,93991,93991,89,9.0,xgboost_cross_station_bs1_full_seed4242.json,0.5265729808480286,0.9976996952096153,0.6893277177368087,17389.0,0.9919108280254777,0.9782649663923614,0.985040640121446,15919.0,0.9929577464788732,1.0,0.9964664310954063,141.0,0.9923273657289002,1.0,0.9961489088575096,1164.0,0.9967624443545123,0.9983785974868261,0.9975698663426489,2467.0,0.9621775251421075,0.9859975355662597,0.9739419087136929,8927.0,0.998359983599836,0.9967253376995497,0.9975419909873003,2443.0,0.9999286300538843,0.642580319673447,0.782381683652101,43607.0,0.9902464065708418,0.9974146845915202,0.9938176197836167,1934.0,,,,,,,,
xgboost,cross_station,456,full,1.0,False,0.9333213564762219,0.8327096374805862,0.8850178792965044,0.7942289808374919,0.002649311754881069,0.9974919950361646,0.9941255434790762,16.244401931762695,0.4610130786895752,203269.72125469777,93710,93710,89,9.0,xgboost_cross_station_bs1_full_seed456.json,0.5243285796469556,0.997350688245119,0.6873189124826354,17363.0,0.992451125879089,0.9680911322298446,0.980119791002931,15889.0,1.0,1.0,1.0,139.0,0.9966101694915255,1.0,0.99830220713073,1176.0,0.9971086327963652,0.9975206611570248,0.9973146044205743,2420.0,0.9435733333333334,0.9873869851545931,0.9649830915239446,8959.0,0.9975728155339806,0.9975728155339806,0.9975728155339806,2472.0,0.9998191158382173,0.6375905504544825,0.7786386431509551,43346.0,0.9933503836317136,0.9979445015416238,0.9956421430402461,1946.0,,,,,,,,
xgboost,cross_station,5555,full,1.0,False,0.93502634842481,0.8369046145881566,0.8868247799998542,0.7970068669077948,0.001881628463906945,0.9967564359308224,0.9932295089987367,13.56226634979248,0.47245001792907715,198636.88525478667,93846,93846,89,9.0,xgboost_cross_station_bs1_full_seed5555.json,0.530534929534778,0.9981183715360931,0.692814596402351,17538.0,0.9926676868145882,0.977829418414772,0.9851926849332405,15922.0,0.9851851851851852,1.0,0.9925373134328358,133.0,0.9949452401010952,1.0,0.9974662162162162,1181.0,0.9983552631578947,0.9967159277504105,0.9975349219391948,2436.0,0.9602780536246276,0.9871823956442831,0.9735443816768276,8816.0,0.994669946699467,0.9987649238369699,0.9967132292522597,2429.0,1.0,0.6433801519686853,0.7829961329372863,43430.0,0.994413407821229,0.998470168281489,0.9964376590330789,1961.0,,,,,,,,
xgboost,cross_station,6789,full,1.0,False,0.9345520056066078,0.8383819372743181,0.8877751144040096,0.7986147412441191,0.0023001725129384704,0.9972480465259372,0.9934219628892047,12.523940324783325,0.4887580871582031,192140.04323902438,93910,93910,89,9.0,xgboost_cross_station_bs1_full_seed6789.json,0.5296092796092796,0.9976998274870615,0.6919242273180458,17390.0,0.9929804591159173,0.9805782801473802,0.9867404009300572,16013.0,0.9705882352941176,1.0,0.9850746268656716,132.0,0.9940978077571669,1.0,0.9970401691331924,1179.0,0.9967650626769107,0.9979757085020243,0.9973700182075662,2470.0,0.9646968534151957,0.9878747052879757,0.9761482138895052,8907.0,0.9971205265322912,0.9971205265322912,0.9971205265322912,2431.0,0.9998930519411072,0.6454047586175158,0.784460697254891,43458.0,0.9927797833935018,0.9974093264248705,0.9950891703282502,1930.0,,,,,,,,
xgboost,cross_station,789,full,1.0,False,0.9336349983760572,0.8376079242425533,0.887618660255805,0.7984450542271004,0.0027356662487176566,0.9982149852320512,0.9956515741583113,15.191815853118896,0.4803354740142822,195854.78293698284,94076,94076,89,9.0,xgboost_cross_station_bs1_full_seed789.json,0.5314825501928743,0.9972643337512823,0.693415760169609,17546.0,0.992455940154685,0.9770939957558358,0.9847150584979243,16022.0,0.9703703703703703,1.0,0.9849624060150376,131.0,0.9915469146238377,1.0,0.9957555178268251,1173.0,0.9967064635652532,0.9946589975349219,0.9956816779765577,2434.0,0.9576084562871614,0.9866137266023823,0.9718947309604962,8815.0,0.9979740680713128,0.9963592233009708,0.9971659919028341,2472.0,0.9998932688202647,0.6457505227121292,0.784716114531418,43523.0,0.9908814589665653,0.9979591836734694,0.9944077275038129,1960.0,,,,,,,,
xgboost,cross_station,1011,top20,1.0,False,0.9340061619112442,0.8352900773309067,0.8854278162476245,0.79498176017573,0.003187481889307447,0.9988118288459287,0.9968898473230685,8.355391025543213,0.4028606414794922,232675.99350424923,93736,93736,20,9.0,xgboost_cross_station_bs1_top20_seed1011.json,0.5231143552311436,0.9968125181106926,0.6861474020145607,17255.0,0.993325281291717,0.9797479465797229,0.986489898989899,15949.0,0.9924812030075187,1.0,0.9962264150943396,132.0,0.9932432432432432,1.0,0.9966101694915255,1176.0,0.9967466449776332,0.99553208773355,0.9961389961389961,2462.0,0.9625827814569536,0.988327289211242,0.9752851711026616,8824.0,0.9894222945484134,0.9930583911800736,0.9912370083554106,2449.0,0.9999283051333524,0.6404022315586473,0.7807649783773949,43557.0,0.9963824289405685,0.9979296066252588,0.9971554176364107,1932.0,,,,,,,,
xgboost,cross_station,123,top20,1.0,False,0.9328468781584781,0.8354661216333594,0.8862294698696592,0.7964543663821405,0.0041279669762641896,0.9971104289269876,0.9931477765223194,9.403218507766724,0.43382859230041504,215734.97381470414,93592,93592,20,9.0,xgboost_cross_station_bs1_top20_seed123.json,0.5284453909339824,0.9958720330237358,0.6904913340753697,17442.0,0.9930897690191312,0.974814721768622,0.9838673893062027,15922.0,0.9859154929577465,0.9929078014184397,0.9893992932862191,141.0,0.9826158940397351,1.0,0.9912317327766179,1187.0,0.9991826726604005,0.9967386873216469,0.9979591836734694,2453.0,0.953945945945946,0.9881298992161254,0.9707370737073707,8930.0,0.993103448275862,0.99836867862969,0.9957291031116534,2452.0,0.9998916067492865,0.6410173260446586,0.7812107439766264,43172.0,0.9921218487394958,0.9978869519281564,0.9949960495127732,1893.0,,,,,,,,
xgboost,cross_station,2026,top20,1.0,False,0.9343023613108262,0.8364352066553106,0.8869232956824198,0.7975737704918032,0.00410654194946672,0.997701623725963,0.9945792309260924,8.584574699401855,0.403064489364624,232674.92541413425,93783,93783,20,9.0,xgboost_cross_station_bs1_top20_seed2026.json,0.5307940175097277,0.9958934580505333,0.6924983640365663,17533.0,0.9923591212989494,0.9761979329783902,0.9842121881907168,15965.0,1.0,1.0,1.0,135.0,0.9839119390347163,1.0,0.9918907383696116,1162.0,0.9935012185215272,0.9975530179445351,0.9955229955229955,2452.0,0.9561081081081081,0.9870535714285714,0.971334431630972,8960.0,0.9967373572593801,0.9975510204081632,0.9971440228478172,2450.0,0.9997836746466686,0.6424335094059864,0.782228490832158,43164.0,0.9928789420142421,0.9949031600407747,0.9938900203665988,1962.0,,,,,,,,
xgboost,cross_station,3141,top20,1.0,False,0.9339554557217237,0.8340762114340178,0.884999598079551,0.7940856337289358,0.002004811547714515,0.9983055541033582,0.9959707587706395,7.738573789596558,0.45026373863220215,208129.12957343308,93713,93713,20,9.0,xgboost_cross_station_bs1_top20_seed3141.json,0.525977358490566,0.9979951884522855,0.6888875709230374,17458.0,0.9916773367477593,0.9770404945124259,0.9843045053059668,15854.0,0.9928057553956835,1.0,0.9963898916967509,138.0,0.9974916387959866,1.0,0.9987442444537463,1193.0,0.9979566816510013,0.9955156950672646,0.996734693877551,2453.0,0.9592394273849852,0.9856276667415226,0.9722545273301213,8906.0,0.9922543823889115,0.9987689782519491,0.9955010224948875,2437.0,0.9998552507780271,0.6376497196002862,0.7786937222574508,43331.0,0.9928131416837782,0.9953679876479671,0.9940889231560011,1943.0,,,,,,,,
xgboost,cross_station,42,top20,1.0,False,0.934254108520919,0.8386291694710027,0.8880146292774973,0.7993808942929472,0.004402224281742354,0.9964276833533581,0.991992906380055,9.029026508331299,0.4420664310455322,211513.4591397403,93503,93503,20,9.0,xgboost_cross_station_bs1_top20_seed42.json,0.5291383185050642,0.9955977757182577,0.6910165437111786,17264.0,0.9937262357414449,0.9806754221388367,0.9871576959395656,15990.0,0.9776119402985075,1.0,0.9886792452830189,131.0,0.9939183318853171,1.0,0.9969498910675382,1144.0,0.9907556270096463,0.9975718332658843,0.9941520467836257,2471.0,0.9644065946063981,0.9890269846601725,0.9765616362631288,8931.0,0.9926977687626775,0.9967413441955193,0.9947154471544716,2455.0,0.9997132410925514,0.645841052241571,0.7847274978194199,43184.0,0.9912596401028277,0.9974133471288154,0.9943269726663229,1933.0,,,,,,,,
xgboost,cross_station,4242,top20,1.0,False,0.9346689280173651,0.8363048677590019,0.886670103766529,0.7970157437142633,0.0033354419460578525,0.9958374922165905,0.9895592601266409,9.944082021713257,0.4122583866119385,227990.5104476973,93991,93991,20,9.0,xgboost_cross_station_bs1_top20_seed4242.json,0.5270985401459855,0.9966645580539422,0.6895303268415922,17389.0,0.9920260270477163,0.9768829700358063,0.9843962652318404,15919.0,1.0,1.0,1.0,141.0,0.9948717948717949,1.0,0.9974293059125964,1164.0,0.9967624443545123,0.9983785974868261,0.9975698663426489,2467.0,0.9586236933797909,0.9862215749971995,0.9722268234774446,8927.0,0.9922480620155039,0.9954973393368809,0.9938700449530037,2443.0,0.9999287495546847,0.6436581282821565,0.7831800996135441,43607.0,0.9902464065708418,0.9974146845915202,0.9938176197836167,1934.0,,,,,,,,
xgboost,cross_station,456,top20,1.0,False,0.9324806748551977,0.8327921150802639,0.8850243379138722,0.7942289808374919,0.0025917180210793065,0.9970132905074921,0.9932928321842023,9.71921181678772,0.41811251640319824,224126.27300932718,93710,93710,20,9.0,xgboost_cross_station_bs1_top20_seed456.json,0.5243429817124864,0.9974082819789207,0.6873449623940783,17363.0,0.9922660479505027,0.968972244949336,0.9804808151568222,15889.0,0.9858156028368794,1.0,0.9928571428571429,139.0,0.9966101694915255,1.0,0.99830220713073,1176.0,0.9958745874587459,0.9975206611570248,0.9966969446738233,2420.0,0.945168875587858,0.9870521263533877,0.9656565656565657,8959.0,0.9975698663426489,0.9963592233009708,0.9969641772920461,2472.0,0.9998191158382173,0.6375905504544825,0.7786386431509551,43346.0,0.9933469805527124,0.9974306269270298,0.9953846153846154,1946.0,,,,,,,,
xgboost,cross_station,5555,top20,1.0,False,0.9330169220445591,0.8360161654318122,0.8864524406601738,0.7967709807621743,0.0038772950165355227,0.9986856676095643,0.996755578259035,10.42322325706482,0.40487217903137207,231791.67366974903,93846,93846,20,9.0,xgboost_cross_station_bs1_top20_seed5555.json,0.5297471041300261,0.9961227049834644,0.6916620476680656,17538.0,0.9925158318940702,0.9745006908679814,0.983425764538108,15922.0,0.9708029197080292,1.0,0.9851851851851852,133.0,0.9949452401010952,1.0,0.9974662162162162,1181.0,0.9942716857610474,0.9975369458128078,0.9959016393442623,2436.0,0.956048785847709,0.9869555353901996,0.9712563487190936,8816.0,0.9877750611246944,0.9979415397282833,0.9928322752406308,2429.0,0.9999642128618974,0.6433801519686853,0.782985162456391,43430.0,0.994413407821229,0.998470168281489,0.9964376590330789,1961.0,,,,,,,,
xgboost,cross_station,6789,top20,1.0,False,0.9337819276673933,0.8378840650684878,0.8876638704288775,0.7986016727652901,0.0032202415181138587,0.9971466315326454,0.9938636004907769,9.303815841674805,0.4457242488861084,210690.8031920783,93910,93910,20,9.0,xgboost_cross_station_bs1_top20_seed6789.json,0.5293632615666514,0.9967797584818862,0.6914929689837439,17390.0,0.9924674009368274,0.979141947167926,0.985759642890824,16013.0,0.9705882352941176,1.0,0.9850746268656716,132.0,0.9915895710681245,1.0,0.995777027027027,1179.0,0.9943525615167407,0.9979757085020243,0.9961608405738533,2470.0,0.9621319908066105,0.9869765353093073,0.9743959210818001,8907.0,0.995480690221857,0.9967091731797614,0.9960945529290853,2431.0,0.9998574076714672,0.6454047586175158,0.7844497273108656,43458.0,0.9922680412371134,0.9974093264248705,0.9948320413436692,1930.0,,,,,,,,
xgboost,cross_station,789,top20,1.0,False,0.9346025525753553,0.8377575178643609,0.8877316075799505,0.7985234548543055,0.0021657357802348115,0.9987460894863054,0.9967237360460671,8.17352294921875,0.42626023292541504,220700.860022429,94076,94076,20,9.0,xgboost_cross_station_bs1_top20_seed789.json,0.5317216873690285,0.9978342642197652,0.6937570582291522,17546.0,0.9924568965517241,0.9772188241168394,0.9847789169130134,16022.0,0.9776119402985075,1.0,0.9886792452830189,131.0,0.9949109414758269,1.0,0.9974489795918368,1173.0,0.9979432332373509,0.9967132292522597,0.997327852004111,2434.0,0.9570815450643777,0.9866137266023823,0.9716232823148252,8815.0,0.9983779399837794,0.9959546925566343,0.9971648440664237,2472.0,0.9998932688202647,0.6457505227121292,0.784716114531418,43523.0,0.9939024390243902,0.9979591836734694,0.9959266802443992,1960.0,,,,,,,,
xgboost,cross_station,1011,top20_stable,1.0,False,0.9344721500248256,0.8357112326681037,0.8855166387533678,0.7950209856042677,0.002607939727615184,0.9979787601402287,0.9949219955548847,9.243185997009277,0.4167790412902832,224905.74312424133,93736,93736,20,9.0,xgboost_cross_station_bs1_top20_stable_seed1011.json,0.5233070818256453,0.9973920602723848,0.6864504806349966,17255.0,0.9933358720487433,0.9813154429744811,0.9872890711244283,15949.0,0.9924812030075187,1.0,0.9962264150943396,132.0,0.9857502095557418,1.0,0.9928239763613339,1176.0,0.9979649979649979,0.9959382615759546,0.9969505997153894,2462.0,0.9653531104715519,0.988327289211242,0.9767051181543286,8824.0,0.9959100204498977,0.9942833809718252,0.9950960359624029,2449.0,0.9999641512815917,0.6404022315586473,0.780775905502995,43557.0,0.996900826446281,0.9989648033126294,0.9979317476732161,1932.0,,,,,,,,
xgboost,cross_station,123,top20_stable,1.0,False,0.9327035251937027,0.8351557749526423,0.8863071752155487,0.7964543663821405,0.0034399724802201583,0.9990434066053875,0.9958621302195453,10.418981075286865,0.436281681060791,214521.95694404826,93592,93592,20,9.0,xgboost_cross_station_bs1_top20_stable_seed123.json,0.5286174806885225,0.9965600275197798,0.6908035927191797,17442.0,0.9928791377983064,0.9720512498429845,0.9823548079974611,15922.0,0.9859154929577465,0.9929078014184397,0.9893992932862191,141.0,0.9818031430934657,1.0,0.9908180300500835,1187.0,0.9979608482871125,0.9975540154912352,0.9977573904179409,2453.0,0.9500269251480883,0.9877939529675251,0.9685424101015646,8930.0,0.99836867862969,0.99836867862969,0.99836867862969,2452.0,0.9998916263275774,0.6411331418511999,0.7812967510655715,43172.0,0.9931578947368421,0.9968304278922345,0.994990772475613,1893.0,,,,,,,,
xgboost,cross_station,2026,top20_stable,1.0,False,0.9346696660160347,0.8367125296620525,0.8868143329127495,0.7973245901639344,0.003707294815490789,0.9972607767221293,0.9936442473661449,7.637049436569214,0.4013864994049072,233647.6192872506,93783,93783,20,9.0,xgboost_cross_station_bs1_top20_stable_seed2026.json,0.5305874491221676,0.9962927051845092,0.6924189872163314,17533.0,0.9925539362311462,0.9768869401816473,0.9846581223562093,15965.0,1.0,1.0,1.0,135.0,0.9839119390347163,1.0,0.9918907383696116,1162.0,0.9939049167005283,0.9975530179445351,0.9957256258904946,2452.0,0.9599609375,0.9873883928571429,0.973481514084507,8960.0,0.9975520195838433,0.9979591836734694,0.9977555600897776,2450.0,0.9997115869925733,0.6424335094059864,0.7822064257707823,43164.0,0.9928789420142421,0.9949031600407747,0.9938900203665988,1962.0,,,,,,,,
xgboost,cross_station,3141,top20_stable,1.0,False,0.9341170274866841,0.8341502809206753,0.8850125327935341,0.7940856337289358,0.001890250887845114,0.99778317390361,0.9948499895471904,10.024620294570923,0.3998992443084717,234341.5281067955,93713,93713,20,9.0,xgboost_cross_station_bs1_top20_stable_seed3141.json,0.5260059769976152,0.9981097491121549,0.6889394089156865,17458.0,0.9920568829671386,0.976851267818847,0.9843953599237247,15854.0,0.9928057553956835,1.0,0.9963898916967509,138.0,0.9974916387959866,1.0,0.9987442444537463,1193.0,0.993103448275862,0.9979616795760293,0.9955266368442456,2453.0,0.9589519650655022,0.9863013698630136,0.9724344071736964,8906.0,0.9987679671457905,0.9979482970865818,0.9983579638752053,2437.0,0.9998552507780271,0.6376497196002862,0.7786937222574508,43331.0,0.9928057553956835,0.9943386515697376,0.9935716122396503,1943.0,,,,,,,,
xgboost,cross_station,42,top20_stable,1.0,False,0.9334884659796887,0.8378269324357294,0.8874031191443132,0.7982135127690552,0.003417516218721038,0.9965663612571782,0.9926740670649418,7.891805648803711,0.4250495433807373,219981.41500470892,93503,93503,20,9.0,xgboost_cross_station_bs1_top20_stable_seed42.json,0.5279388750805486,0.996582483781279,0.6902292740657533,17264.0,0.9927889177051047,0.9815509693558474,0.9871379603132174,15990.0,0.9776119402985075,1.0,0.9886792452830189,131.0,0.9964601769911504,0.9842657342657343,0.990325417766051,1144.0,0.9863891112890312,0.9971671388101983,0.9917488428255182,2471.0,0.9662872154115587,0.9884671369387527,0.9772513422261582,8931.0,0.9943204868154158,0.9983706720977596,0.9963414634146341,2455.0,0.9999640326583462,0.6438032604668396,0.7832983504021863,43184.0,0.9948427024239299,0.9979306777030522,0.9963842975206612,1933.0,,,,,,,,
xgboost,cross_station,4242,top20_stable,1.0,False,0.9342117169394561,0.836301561737595,0.8867151758093329,0.7970157437142633,0.0029328886077405257,0.9974532761911886,0.9936539792735508,8.840408086776733,0.41950011253356934,224054.76707107827,93991,93991,20,9.0,xgboost_cross_station_bs1_top20_stable_seed4242.json,0.5271991972511935,0.9970671113922595,0.689712785424457,17389.0,0.9918315252074027,0.9763176078899428,0.9840134223938712,15919.0,0.986013986013986,1.0,0.9929577464788732,141.0,0.9931740614334471,1.0,0.9965753424657534,1164.0,0.9983792544570502,0.9987839481151196,0.9985815602836879,2467.0,0.9581927054980948,0.9858855158507898,0.9718418727915195,8927.0,0.993064055487556,0.9963160049119935,0.9946873722926032,2443.0,0.9998218929220247,0.6436581282821565,0.7831473214285715,43607.0,0.994335736354274,0.9984488107549121,0.9963880288957688,1934.0,,,,,,,,
xgboost,cross_station,456,top20_stable,1.0,False,0.9323175475774129,0.8324462675310366,0.8850049623445618,0.7942289808374919,0.002764499222484594,0.9976798010966922,0.9944024008487948,13.623358011245728,0.42498135566711426,220503.7909319546,93710,93710,20,9.0,xgboost_cross_station_bs1_top20_stable_seed456.json,0.5242997728993187,0.9972355007775154,0.6872668095578313,17363.0,0.9921214078140136,0.966895336396249,0.9793459552495697,15889.0,0.9858156028368794,1.0,0.9928571428571429,139.0,0.995766299745978,1.0,0.9978786593126856,1176.0,0.9966996699669967,0.9983471074380166,0.9975227085053675,2420.0,0.941834451901566,0.986828887152584,0.9638068243758857,8959.0,0.9987849331713244,0.9975728155339806,0.9981785063752276,2472.0,0.9997467804948632,0.6375905504544825,0.7786167065783913,43346.0,0.9933469805527124,0.9974306269270298,0.9953846153846154,1946.0,,,,,,,,
xgboost,cross_station,5555,top20_stable,1.0,False,0.9339647782691564,0.836391964863549,0.8865931277841369,0.7968102951197777,0.0028509522180408258,0.9985652992155506,0.9963623474937998,8.656711339950562,0.39946651458740234,234928.32708876958,93846,93846,20,9.0,xgboost_cross_station_bs1_top20_stable_seed5555.json,0.5300518291758858,0.9971490477819591,0.692169163483802,17538.0,0.9925215723873442,0.9752543650295189,0.983812208952387,15922.0,0.9708029197080292,1.0,0.9851851851851852,133.0,0.9974662162162162,1.0,0.9987315010570824,1181.0,0.9987694831829368,0.9995894909688013,0.9991793188346327,2436.0,0.9572104278957211,0.9870689655172413,0.9719104260903557,8816.0,0.9885807504078303,0.9979415397282833,0.9932390903503381,2429.0,0.9999642128618974,0.6433801519686853,0.782985162456391,43430.0,0.9979623025980642,0.9989801121876594,0.9984709480122325,1961.0,,,,,,,,
xgboost,cross_station,6789,top20_stable,1.0,False,0.9155973305130688,0.8345966618657793,0.8877895700307277,0.798575535807632,0.0019551466359977,0.9974937788816534,0.9923228756578436,9.593061685562134,0.42511463165283203,220905.1230132469,93910,93910,20,9.0,xgboost_cross_station_bs1_top20_stable_seed6789.json,0.5296469223961671,0.9980448533640023,0.6920393149783688,17390.0,0.9928648102544674,0.9819521638668581,0.9873783359497645,16013.0,0.9705882352941176,1.0,0.9850746268656716,132.0,0.9940978077571669,1.0,0.9970401691331924,1179.0,0.9933333333333333,0.8445344129554656,0.912910284463895,2470.0,0.9671284080914688,0.9876501627933086,0.9772815641837471,8907.0,0.9967091731797614,0.9967091731797614,0.9967091731797614,2431.0,0.9999643481051018,0.6454047586175158,0.7844826380634063,43458.0,0.8334778837814397,0.9958549222797928,0.9074598677998111,1930.0,,,,,,,,
xgboost,cross_station,789,top20_stable,1.0,False,0.9339106109763932,0.8377049189198592,0.8877010008279709,0.7985365216255064,0.0025076940613245184,0.9990145456521407,0.9973459222205646,9.009216070175171,0.4353609085083008,216087.38442396536,94076,94076,20,9.0,xgboost_cross_station_bs1_top20_stable_seed789.json,0.5316524908869987,0.9974923059386754,0.6936155035073118,17546.0,0.9924573746593142,0.9772812382973411,0.9848108431082738,16022.0,0.9703703703703703,1.0,0.9849624060150376,131.0,0.9898734177215189,1.0,0.9949109414758269,1173.0,0.9987644151565074,0.9963023829087921,0.9975318798848211,2434.0,0.9575030276340416,0.9866137266023823,0.9718404290982232,8815.0,0.9983779399837794,0.9959546925566343,0.9971648440664237,2472.0,0.9997865604211874,0.6457505227121292,0.7846832509702096,43523.0,0.9928970065956367,0.9984693877551021,0.9956754006614094,1960.0,,,,,,,,
xgboost,cross_station,1011,top50,1.0,False,0.9343226478247613,0.8353231917607793,0.8854084753167322,0.79498176017573,0.0033613445378151263,0.9987182336072409,0.9967286325068758,9.937254667282104,0.28818488121032715,325263.41980996664,93736,93736,50,9.0,xgboost_cross_station_bs1_top50_seed1011.json,0.5230708397968185,0.9966386554621849,0.6860687784249581,17255.0,0.9934482539278672,0.9792463477334002,0.9862961793495422,15949.0,0.9924812030075187,1.0,0.9962264150943396,132.0,0.9924050632911392,1.0,0.9961880559085133,1176.0,0.9963429500203169,0.9959382615759546,0.9961405646963234,2462.0,0.9622683142100618,0.9884406165004533,0.9751788908765653,8824.0,0.9910714285714286,0.9971416904859126,0.9940972928963974,2449.0,0.9999641512815917,0.6404022315586473,0.780775905502995,43557.0,0.996900826446281,0.9989648033126294,0.9979317476732161,1932.0,,,,,,,,
xgboost,cross_station,123,top50,1.0,False,0.9344112051575996,0.8376564696107384,0.8879744341811496,0.7991070256073539,0.0032106409815388145,0.9981495243016903,0.9954794261164941,10.965508460998535,0.46395421028137207,201726.80390860062,93592,93592,50,9.0,xgboost_cross_station_bs1_top50_seed123.json,0.5319422347325908,0.9967893590184612,0.693691896421019,17442.0,0.9932756964457252,0.9741238537872127,0.9836065573770492,15922.0,0.986013986013986,1.0,0.9929577464788732,141.0,0.9858803986710963,1.0,0.9928900041823505,1187.0,0.9983680130558955,0.9975540154912352,0.9979608482871125,2453.0,0.9533426935954207,0.9884658454647256,0.9705866182857771,8930.0,0.9979616795760293,0.99836867862969,0.998165137614679,2452.0,0.9997130765368338,0.6456499583063097,0.7845863709291525,43172.0,0.9931614939505523,0.9973586899101955,0.9952556668423828,1893.0,,,,,,,,
xgboost,cross_station,2026,top50,1.0,False,0.9345798645216229,0.8367738632404516,0.8869168283043358,0.7975737704918032,0.004163577254320424,0.9979266545085744,0.9949251852414095,10.483996868133545,0.4117100238800049,227788.96446624666,93783,93783,50,9.0,xgboost_cross_station_bs1_top50_seed2026.json,0.53077975376197,0.9958364227456796,0.6924724359482827,17533.0,0.9926260250460873,0.9780770435327278,0.9852978293791015,15965.0,1.0,1.0,1.0,135.0,0.9847457627118644,1.0,0.9923142613151152,1162.0,0.9935012185215272,0.9975530179445351,0.9955229955229955,2452.0,0.9592367736339983,0.9875,0.9731632204135504,8960.0,0.9955175224123879,0.9971428571428571,0.9963295269168027,2450.0,0.9997836746466686,0.6424335094059864,0.782228490832158,43164.0,0.9928789420142421,0.9949031600407747,0.9938900203665988,1962.0,,,,,,,,
xgboost,cross_station,3141,top50,1.0,False,0.933917771464873,0.8341375636016667,0.8850254678856174,0.7940856337289358,0.001775690227975713,0.9966807251230444,0.99274553073108,9.725270986557007,0.3298795223236084,284082.5018173408,93713,93713,50,9.0,xgboost_cross_station_bs1_top50_seed3141.json,0.526034592049262,0.9982243097720243,0.6889912428094175,17458.0,0.991930318944537,0.9769143433833732,0.9843650692767255,15854.0,0.9928057553956835,1.0,0.9963898916967509,138.0,0.9941666666666666,1.0,0.9970748015043878,1193.0,0.9955229955229955,0.9971463514064411,0.9963340122199593,2453.0,0.959043250327654,0.9859645183022682,0.9723175728047835,8906.0,0.9971311475409836,0.9983586376692655,0.9977445150707402,2437.0,0.9999638087655169,0.6376497196002862,0.7787266424283419,43331.0,0.9922958397534669,0.9943386515697376,0.9933161953727506,1943.0,,,,,,,,
xgboost,cross_station,42,top50,1.0,False,0.9344912435661645,0.8387515158728717,0.8880404529093744,0.7993284277076037,0.0038809082483781277,0.9956226861811052,0.9904002061432067,13.316504001617432,0.4431643486022949,210989.44510067432,93503,93503,50,9.0,xgboost_cross_station_bs1_top50_seed42.json,0.5292035942885278,0.9961190917516218,0.6911977491961415,17264.0,0.993725838139299,0.9806128830519074,0.9871258144732287,15990.0,0.9776119402985075,1.0,0.9886792452830189,131.0,0.9956483899042646,1.0,0.9978194505015264,1144.0,0.9903614457831326,0.9979765277215702,0.9941544043539609,2471.0,0.9650502402795981,0.9893628932930243,0.9770553436169624,8931.0,0.9947218838814454,0.9979633401221996,0.9963399755998373,2455.0,0.9998207564079584,0.645841052241571,0.7847606184667764,43184.0,0.9912416280267903,0.9953440248318676,0.9932885906040269,1933.0,,,,,,,,
xgboost,cross_station,4242,top50,1.0,False,0.9340864465027562,0.835728358618217,0.8862150143866073,0.796114983942978,0.0024153200299039624,0.9975720967850141,0.9940646774363834,11.815842628479004,0.3882021903991699,242118.67507330008,93991,93991,50,9.0,xgboost_cross_station_bs1_top50_seed4242.json,0.5262247838616715,0.997584679970096,0.6890018667831751,17389.0,0.9918989602602539,0.9768201520195993,0.9843018103557413,15919.0,0.986013986013986,1.0,0.9929577464788732,141.0,0.9931740614334471,1.0,0.9965753424657534,1164.0,0.9975698663426489,0.9983785974868261,0.9979740680713128,2467.0,0.9590324689474831,0.9859975355662597,0.9723280861640431,8927.0,0.9975429975429976,0.997134670487106,0.9973387922210849,2443.0,0.9999642818873451,0.6420070172220056,0.7819674878498408,43607.0,0.9907597535934292,0.9979317476732161,0.994332818134982,1934.0,,,,,,,,
xgboost,cross_station,456,top50,1.0,False,0.933053136368583,0.8328808462330609,0.884998504009983,0.7942289808374919,0.002822092956286356,0.9978112949058067,0.9947831787291237,14.749577045440674,0.42468810081481934,220656.05280723708,93710,93710,50,9.0,xgboost_cross_station_bs1_top50_seed456.json,0.5242853682170543,0.9971779070437137,0.6872407565443468,17363.0,0.9927148475275611,0.9690981181949777,0.9807643312101911,15889.0,0.9928571428571429,1.0,0.996415770609319,139.0,0.9966101694915255,1.0,0.99830220713073,1176.0,0.9975206611570248,0.9975206611570248,0.9975206611570248,2420.0,0.9449071108263933,0.9878334635562005,0.965893587994543,8959.0,0.9975728155339806,0.9975728155339806,0.9975728155339806,2472.0,0.9998191158382173,0.6375905504544825,0.7786386431509551,43346.0,0.992838874680307,0.9974306269270298,0.9951294539861574,1946.0,,,,,,,,
xgboost,cross_station,5555,top50,1.0,False,0.9339609851301324,0.8366529539672747,0.8867989180755743,0.7970068669077948,0.002109704641350211,0.9961391276271674,0.992268041898073,10.514707326889038,0.36851930618286133,254656.9431383687,93846,93846,50,9.0,xgboost_cross_station_bs1_top50_seed5555.json,0.5304780091540117,0.9978902953586498,0.6927111163886085,17538.0,0.9926578560939795,0.9765104886320813,0.9845179673895836,15922.0,0.9708029197080292,1.0,0.9851851851851852,133.0,0.9941077441077442,1.0,0.9970451667370198,1181.0,0.9987659399424106,0.9967159277504105,0.9977398808300801,2436.0,0.9581636023340306,0.9871823956442831,0.972456561819096,8816.0,0.9938549774682507,0.9987649238369699,0.9963039014373717,2429.0,1.0,0.6433801519686853,0.7829961329372863,43430.0,0.9944162436548223,0.9989801121876594,0.9966929534469601,1961.0,,,,,,,,
xgboost,cross_station,6789,top50,1.0,False,0.934505624741705,0.8383309098320941,0.8877493208594215,0.7986147412441191,0.0025301897642323176,0.9976911184012072,0.9942786189756837,11.898314714431763,0.4485476016998291,209364.62405353616,93910,93910,50,9.0,xgboost_cross_station_bs1_top50_seed6789.json,0.529551837831237,0.9974698102357676,0.6918198859330754,17390.0,0.9929795711846183,0.9804533816274277,0.9866767219708397,16013.0,0.9705882352941176,1.0,0.9850746268656716,132.0,0.9949367088607595,1.0,0.9974619289340102,1179.0,0.997168284789644,0.9979757085020243,0.9975718332658843,2470.0,0.9644853666557054,0.9878747052879757,0.9760399334442595,8907.0,0.9950738916256158,0.9971205265322912,0.9960961577974111,2431.0,0.9998930519411072,0.6454047586175158,0.784460697254891,43458.0,0.9927835051546392,0.9979274611398964,0.9953488372093023,1930.0,,,,,,,,
xgboost,cross_station,789,top50,1.0,False,0.9338811582663838,0.8375018217624483,0.887592788971368,0.7983927871422971,0.002678673201869372,0.9983227249956881,0.995870096776781,12.368369579315186,0.4371204376220703,215217.57370067676,94076,94076,50,9.0,xgboost_cross_station_bs1_top50_seed789.json,0.5314322157434402,0.9973213267981307,0.693386694139557,17546.0,0.9924501966755488,0.976345025589814,0.9843317392398692,16022.0,0.9776119402985075,1.0,0.9886792452830189,131.0,0.9890387858347386,1.0,0.9944891903348877,1173.0,0.9975278121137207,0.9946589975349219,0.996091339230611,2434.0,0.9567656765676568,0.9866137266023823,0.9714604858977939,8815.0,0.9983785974868261,0.9963592233009708,0.9973678882364851,2472.0,0.9998932688202647,0.6457505227121292,0.784716114531418,43523.0,0.9908814589665653,0.9979591836734694,0.9944077275038129,1960.0,,,,,,,,
xgboost,cross_station,1011,full,2.0,False,0.7943282586959232,0.7990934787006978,0.9228950751552152,0.9902590185797779,0.6902347145754854,0.9157184934551084,0.8701313771383491,13.222168684005737,0.43123912811279297,217364.32037188153,93736,93736,89,9.0,xgboost_cross_station_bs2_full_seed1011.json,0.8776683087027914,0.30976528542451465,0.45791390019276074,17255.0,0.8799531066822978,0.9412502351244593,0.9095701172407525,15949.0,0.9850746268656716,1.0,0.9924812030075187,132.0,0.9912280701754386,0.09608843537414966,0.17519379844961241,1176.0,0.8723707664884135,0.9939073923639318,0.9291816973609265,2462.0,0.8774151436031331,0.761672710788758,0.8154574132492114,8824.0,0.9858700040371418,0.9971416904859126,0.9914738124238733,2449.0,0.7853202077022934,1.0,0.8797527797133942,43557.0,0.9979296066252588,0.9979296066252588,0.9979296066252588,1932.0,,,,,,,,
xgboost,cross_station,123,full,2.0,False,0.7966834345909632,0.7944569469572925,0.9216079174048506,0.9905318450426789,0.6943584451324389,0.9096287388227599,0.8611580729973968,11.70970344543457,0.40479326248168945,231209.38186127436,93592,93592,89,9.0,xgboost_cross_station_bs2_full_seed123.json,0.8808658294778585,0.30564155486756106,0.45381799608410656,17442.0,0.8690869086908691,0.9427207637231504,0.9044075558099599,15922.0,0.986013986013986,1.0,0.9929577464788732,141.0,0.9673202614379085,0.12468407750631845,0.2208955223880597,1187.0,0.8801593048515568,0.9910313901345291,0.9323106423777565,2453.0,0.878936877076412,0.7406494960806271,0.8038893953205712,8930.0,0.9749203821656051,0.9987765089722676,0.9867042707493956,2452.0,0.7809696092619393,1.0,0.8770162109454354,43172.0,0.9978880675818373,0.9984152139461173,0.9981515711645101,1893.0,,,,,,,,
xgboost,cross_station,2026,full,2.0,False,0.7976196185394676,0.7966571518831216,0.9216163910205926,0.989888524590164,0.6883020589745052,0.9125351732365394,0.871378890569643,11.780900001525879,0.46119141578674316,203349.40501877348,93783,93783,89,9.0,xgboost_cross_station_bs2_full_seed2026.json,0.8763630532392559,0.3116979410254948,0.45984265219403425,17533.0,0.8607594936708861,0.9626056999686815,0.9088382270321417,15965.0,0.9926470588235294,1.0,0.996309963099631,135.0,0.9925373134328358,0.1144578313253012,0.2052469135802469,1162.0,0.8889294848374132,0.9922512234910277,0.9377529389092311,2452.0,0.9187410586552217,0.7167410714285715,0.8052664576802507,8960.0,0.9796,0.9995918367346939,0.9894949494949495,2450.0,0.7815034762456546,1.0,0.8773527379161754,43164.0,0.9979633401221996,0.9989806320081549,0.9984717269485481,1962.0,,,,,,,,
xgboost,cross_station,3141,full,2.0,False,0.8001177497516302,0.7999062872242321,0.9216590986768224,0.9901776932660153,0.692347347920724,0.9084645679188671,0.8704948387712674,12.665039777755737,0.4302244186401367,217823.52637307343,93713,93713,89,9.0,xgboost_cross_station_bs2_full_seed3141.json,0.8776143790849673,0.307652652079276,0.4555941979811689,17458.0,0.891541813406554,0.9420966317648543,0.916122305026528,15854.0,1.0,1.0,1.0,138.0,0.9849624060150376,0.10980720871751885,0.1975867269984917,1193.0,0.8812522490104354,0.9983693436608235,0.9361620795107034,2453.0,0.8882159979813273,0.7904783292162587,0.8365019011406845,8906.0,0.9712115153938424,0.9967172753385309,0.9837991089509923,2437.0,0.7819080787483985,1.0,0.8776076477498278,43331.0,0.9969167523124358,0.9984559958826557,0.9976857804062741,1943.0,,,,,,,,
xgboost,cross_station,42,full,2.0,False,0.7974978981774243,0.798442395309353,0.9222328127673094,0.98991329896772,0.6927131603336423,0.9102307490335251,0.8762882979558596,11.943296909332275,0.4119250774383545,226990.30751288246,93503,93503,89,9.0,xgboost_cross_station_bs2_full_seed42.json,0.8733947974975305,0.3072868396663577,0.4546233610420773,17264.0,0.8775533957981726,0.9430268918073796,0.9091128327254092,15990.0,0.9776119402985075,1.0,0.9886792452830189,131.0,0.9765625,0.10926573426573427,0.19654088050314467,1144.0,0.8889289578074288,0.9975718332658843,0.9401220442410374,2471.0,0.8828206465067779,0.7583697234352256,0.8158766487984099,8931.0,0.9943158749492489,0.9975560081466395,0.9959333062220415,2455.0,0.7831701124410592,1.0,0.8784020178186405,43184.0,0.9974173553719008,0.9989653388515262,0.9981907469630396,1933.0,,,,,,,,
xgboost,cross_station,4242,full,2.0,False,0.7945007622403115,0.8019006587463646,0.9221582375082853,0.9898436072165218,0.691414112369889,0.9119493465202235,0.8631878431400811,12.248873710632324,0.4040396213531494,232628.17563589264,93991,93991,89,9.0,xgboost_cross_station_bs2_full_seed4242.json,0.8733723958333334,0.30858588763011097,0.4560404538307908,17389.0,0.8875874125874126,0.9567812048495509,0.9208863629493031,15919.0,0.9791666666666666,1.0,0.9894736842105263,141.0,0.95,0.08161512027491409,0.15031645569620253,1164.0,0.8769727403156384,0.9910822861775436,0.9305423406279734,2467.0,0.915656299420137,0.778312983085023,0.84141689373297,8927.0,0.9721004384216819,0.9983626688497749,0.9850565428109854,2443.0,0.7838756066870394,1.0,0.8788455918659371,43607.0,0.9994813278008299,0.9963805584281282,0.9979285344381149,1934.0,,,,,,,,
xgboost,cross_station,456,full,2.0,False,0.7992522617032121,0.7985175681913483,0.9216657919468821,0.989076191598884,0.691239993088752,0.9137045582584103,0.8782213947296358,13.42026162147522,0.39768075942993164,235641.2719949832,93710,93710,89,9.0,xgboost_cross_station_bs2_full_seed456.json,0.8653753026634382,0.30876000691124805,0.4551320146022583,17363.0,0.8788768796992481,0.9416577506451004,0.9091848205876097,15889.0,0.9928571428571429,1.0,0.996415770609319,139.0,0.9705882352941176,0.11224489795918367,0.20121951219512196,1176.0,0.9913686806411838,0.996694214876033,0.9940243148567897,2420.0,0.8880674448767834,0.7642594039513338,0.8215249865018898,8959.0,0.8867313915857605,0.9975728155339806,0.9388920616790406,2472.0,0.7831963140301743,1.0,0.8784184981406613,43346.0,0.9984583761562179,0.9984583761562179,0.9984583761562179,1946.0,,,,,,,,
xgboost,cross_station,5555,full,2.0,False,0.7928336576783078,0.7922739577052503,0.9211915765342829,0.9900141531687372,0.693579655604972,0.9118093643424078,0.8648894057715679,11.645745754241943,0.42154741287231445,222622.6448895932,93846,93846,89,9.0,xgboost_cross_station_bs2_full_seed5555.json,0.8758148631029987,0.30642034439502797,0.4540001689617302,17538.0,0.8646062855154818,0.9365029518904661,0.8991196333815726,15922.0,1.0,1.0,1.0,133.0,0.9922480620155039,0.10838272650296359,0.19541984732824427,1181.0,0.8795487627365357,0.9922003284072249,0.9324845679012346,2436.0,0.8674844971690483,0.7299228675136116,0.792780583959591,8816.0,0.9762192664248287,0.9971181556195965,0.9865580448065173,2429.0,0.7812275147503238,1.0,0.8771788087495708,43430.0,0.9974528782475802,0.998470168281489,0.9979612640163099,1961.0,,,,,,,,
xgboost,cross_station,6789,full,2.0,False,0.803592467582049,0.8026960804214242,0.9224616021477229,0.9901332984840564,0.6890166762507188,0.9174250347567499,0.8844672568081404,12.029309749603271,0.3519105911254883,266857.555209279,93910,93910,89,9.0,xgboost_cross_station_bs2_full_seed6789.json,0.8774947265941911,0.31098332374928117,0.4592196323186006,17390.0,0.8770074643745759,0.9685255729719603,0.920497373653441,16013.0,0.9850746268656716,1.0,0.9924812030075187,132.0,0.9797297297297297,0.12298558100084818,0.2185380557648832,1179.0,0.8878470970068518,0.9967611336032388,0.9391569711996949,2470.0,0.9320618126131143,0.75165600089817,0.8321939092604101,8907.0,0.9877999186661245,0.9991772932949403,0.9934560327198364,2431.0,0.7839027381940186,1.0,0.8788626435851804,43458.0,0.9984439834024896,0.9974093264248705,0.997926386728875,1930.0,,,,,,,,
xgboost,cross_station,789,full,2.0,False,0.7970810076122694,0.7930638380921473,0.9213002098093471,0.9897687181497452,0.692921463581443,0.9157166134095908,0.8653597835695169,11.958827495574951,0.435197114944458,216168.71245115317,94076,94076,89,9.0,xgboost_cross_station_bs2_full_seed789.json,0.87311618862421,0.3070785364185569,0.45435763376481003,17546.0,0.8644606144606145,0.9342778679315941,0.8980142780010798,16022.0,0.9924242424242424,1.0,0.9961977186311787,131.0,0.9935897435897436,0.13213981244671782,0.23325808878856283,1173.0,0.8830836682499087,0.9930156121610517,0.9348288532198801,2434.0,0.8658125421443021,0.7283040272263188,0.7911275415896488,8815.0,0.9828821656050956,0.9987864077669902,0.9907704654895666,2472.0,0.7816911526994504,1.0,0.8774709932359552,43523.0,0.9979581419091373,0.9974489795918368,0.9977034957897423,1960.0,,,,,,,,
xgboost,cross_station,1011,top20,2.0,False,0.7909285773644669,0.7951443602753766,0.9227769348420867,0.9900236660085512,0.6902347145754854,0.9128571304172343,0.86563188941544,9.177573204040527,0.3383610248565674,277029.5427487107,93736,93736,20,9.0,xgboost_cross_station_bs2_top20_seed1011.json,0.8750818598559267,0.30976528542451465,0.45756110088601637,17255.0,0.8638435354526048,0.9388049407486363,0.8997656390841896,15949.0,0.9850746268656716,1.0,0.9924812030075187,132.0,0.9912280701754386,0.09608843537414966,0.17519379844961241,1176.0,0.8784510577267838,0.9951259138911455,0.9331555894115406,2462.0,0.8676052524705564,0.7263145965548504,0.7906976744186046,8824.0,0.9870654810024252,0.9971416904859126,0.992078001218769,2449.0,0.7853202077022934,1.0,0.8797527797133942,43557.0,0.9974133471288154,0.9979296066252588,0.9976714100905563,1932.0,,,,,,,,
xgboost,cross_station,123,top20,2.0,False,0.7963639718992911,0.7930416287991788,0.9214168311326462,0.990151017728168,0.6943584451324389,0.9060306305528972,0.857730931618005,11.762840509414673,0.3394289016723633,275733.73846149526,93592,93592,20,9.0,xgboost_cross_station_bs2_top20_seed123.json,0.876665022200296,0.30564155486756106,0.4532585129447774,17442.0,0.8625007179369364,0.9431604069840472,0.9010290102901028,15922.0,0.9929577464788732,1.0,0.9964664310954063,141.0,0.9801324503311258,0.12468407750631845,0.22122571001494767,1187.0,0.8798842257597684,0.9914390542193233,0.93233659191106,2453.0,0.876758658008658,0.7257558790593505,0.7941428746477147,8930.0,0.9890953150242326,0.9987765089722676,0.9939123376623377,2452.0,0.7809696092619393,1.0,0.8770162109454354,43172.0,0.9973614775725593,0.9984152139461173,0.9978880675818373,1893.0,,,,,,,,
xgboost,cross_station,2026,top20,2.0,False,0.7945152661332202,0.7938311631399987,0.9217546301383243,0.9901639344262295,0.6883020589745052,0.8898586266235688,0.7962856887282733,8.218510866165161,0.3545987606048584,264476.3897088338,93783,93783,20,9.0,xgboost_cross_station_bs2_top20_seed2026.json,0.8793242156074015,0.3116979410254948,0.46024928415024424,17533.0,0.8535712288159293,0.955903538991544,0.9018437536934168,15965.0,0.9926470588235294,1.0,0.996309963099631,135.0,1.0,0.11359724612736662,0.20401854714064915,1162.0,0.8842643300474626,0.9877650897226754,0.9331535349643614,2452.0,0.8983147672093688,0.7020089285714286,0.7881217892494675,8960.0,0.9902951880307319,0.9995918367346939,0.994921795653057,2450.0,0.7815034762456546,1.0,0.8773527379161754,43164.0,0.9913924050632912,0.9979612640163099,0.9946659893319787,1962.0,,,,,,,,
xgboost,cross_station,3141,top20,2.0,False,0.7947002760590355,0.7949716537145832,0.921784129812592,0.9904268572552619,0.692347347920724,0.9118323553589067,0.8831503747287076,8.12787389755249,0.40279674530029297,232655.80244481642,93713,93713,20,9.0,xgboost_cross_station_bs2_top20_seed3141.json,0.8803474840190133,0.307652652079276,0.4559616282524725,17458.0,0.8557161189533002,0.9673899331399016,0.9081327530568138,15854.0,1.0,1.0,1.0,138.0,0.9776119402985075,0.10980720871751885,0.1974378296910324,1193.0,0.9015544041450777,0.9930697105584998,0.9451018428709991,2453.0,0.9236888626988804,0.7040197619582305,0.7990314769975787,8906.0,0.9477175185329691,0.9967172753385309,0.9716,2437.0,0.7819080787483985,1.0,0.8776076477498278,43331.0,0.9964047252182845,0.9984559958826557,0.9974293059125964,1943.0,,,,,,,,
xgboost,cross_station,42,top20,2.0,False,0.7911853172521361,0.7916555491349491,0.9221255377395385,0.9896771993336744,0.692597312326228,0.9204236850246884,0.8898231287633178,6.824364185333252,0.2968418598175049,314992.63634005195,93503,93503,20,9.0,xgboost_cross_station_bs2_top20_seed42.json,0.8708565802428618,0.307402687673772,0.45440534292319545,17264.0,0.8737581778531621,0.9020637898686679,0.8876853960243707,15990.0,0.9849624060150376,1.0,0.9924242424242424,131.0,0.9765625,0.10926573426573427,0.19654088050314467,1144.0,0.9983772819472616,0.9959530554431404,0.997163695299838,2471.0,0.8129487793202489,0.7606091143209047,0.7859084861456586,8931.0,0.8814301349872309,0.9841140529531568,0.9299461123941494,2455.0,0.7831701124410592,1.0,0.8784020178186405,43184.0,0.9969040247678018,0.999482669425763,0.9981916817359855,1933.0,,,,,,,,
xgboost,cross_station,4242,top20,2.0,False,0.7922171774149852,0.7959051435301743,0.9219559664274419,0.9894519725333543,0.6914716199896487,0.911411099837196,0.8098479550301653,8.69598388671875,0.3445127010345459,272823.0329905169,93991,93991,20,9.0,xgboost_cross_station_bs2_top20_seed4242.json,0.8691074032075166,0.3085283800103514,0.45539427892369067,17389.0,0.8590596459578307,0.9572209309630002,0.9054877142942033,15919.0,0.9791666666666666,1.0,0.9894736842105263,141.0,0.9512195121951219,0.10051546391752578,0.18181818181818182,1164.0,0.8776022972002872,0.9910822861775436,0.9308966304968589,2467.0,0.9136350615869379,0.7145737649826369,0.8019360110629203,8927.0,0.9802737520128825,0.9967253376995497,0.988431093971991,2443.0,0.7838756066870394,1.0,0.8788455918659371,43607.0,0.9984464008285863,0.9968976215098242,0.9976714100905563,1934.0,,,,,,,,
xgboost,cross_station,456,top20,2.0,False,0.8009586951780229,0.8002178629129186,0.9217908116255088,0.989325055339437,0.691239993088752,0.9219679655807277,0.8837446359618366,9.546454191207886,0.36725950241088867,255160.1779799766,93710,93710,20,9.0,xgboost_cross_station_bs2_top20_seed456.json,0.8680375647668394,0.30876000691124805,0.4554993840010196,17363.0,0.8869781783681214,0.9414060041538171,0.9133819802766159,15889.0,0.9928571428571429,1.0,0.996415770609319,139.0,0.9705882352941176,0.11224489795918367,0.20121951219512196,1176.0,0.9946391752577319,0.996694214876033,0.9956656346749226,2420.0,0.8863435008226807,0.7816720616140195,0.830723606168446,8959.0,0.8872884407634137,0.9967637540453075,0.9388454943798819,2472.0,0.7831963140301743,1.0,0.8784184981406613,43346.0,0.9984583761562179,0.9984583761562179,0.9984583761562179,1946.0,,,,,,,,
xgboost,cross_station,5555,top20,2.0,False,0.7959015174010675,0.7925933147427756,0.9210064151035442,0.9896341143785711,0.6935226365606112,0.9026887196882044,0.8575220355357408,10.060996055603027,0.36699676513671875,255713.42560755045,93846,93846,20,9.0,xgboost_cross_station_bs2_top20_seed5555.json,0.871715861174181,0.30647736343938875,0.45350995612554845,17538.0,0.8643920523663327,0.9371938198718754,0.8993219828235649,15922.0,1.0,1.0,1.0,133.0,0.9806451612903225,0.12870448772226925,0.2275449101796407,1181.0,0.8752280189711784,0.9848111658456487,0.9267915781340544,2436.0,0.8701949106659448,0.7292422867513612,0.7935077758578128,8816.0,0.9966928482844151,0.9925895430218197,0.9946369636963697,2429.0,0.7812134621265268,1.0,0.87716995041556,43430.0,0.9839034205231388,0.9974502804691484,0.9906305393770575,1961.0,,,,,,,,
xgboost,cross_station,6789,top20,2.0,False,0.8009341556208189,0.8006368752997117,0.9221560532437008,0.9895582854155777,0.6891891891891891,0.9084298005726968,0.8726647726049066,8.78615117073059,0.24866008758544922,377664.1475191667,93910,93910,20,9.0,xgboost_cross_station_bs2_top20_seed6789.json,0.8712121212121212,0.3108108108108108,0.4581673306772908,17390.0,0.8739562624254473,0.9608443139948791,0.9153429710274258,16013.0,0.9850746268656716,1.0,0.9924812030075187,132.0,0.9797297297297297,0.12298558100084818,0.2185380557648832,1179.0,0.9987814784727863,0.9955465587044534,0.9971613949716139,2470.0,0.9197897939427465,0.7467160660154935,0.824265708266204,8907.0,0.8696124592538935,0.9876593994241053,0.924884437596302,2431.0,0.7839027381940186,1.0,0.8788626435851804,43458.0,0.9994810586403736,0.9979274611398964,0.9987036556909515,1930.0,,,,,,,,
xgboost,cross_station,789,top20,2.0,False,0.8006164760140708,0.7965559710707613,0.9213920425177411,0.989951652946557,0.692921463581443,0.9248029832861729,0.8755634844480793,9.607320308685303,0.3888857364654541,241911.67527780248,94076,94076,20,9.0,xgboost_cross_station_bs2_top20_seed789.json,0.8751015104758811,0.3070785364185569,0.4546259967092773,17546.0,0.8777751811170834,0.9377106478591936,0.9067535759550969,16022.0,0.9849624060150376,1.0,0.9924242424242424,131.0,1.0,0.13213981244671782,0.23343373493975902,1173.0,0.8830409356725146,0.9926047658175843,0.9346228239845261,2434.0,0.8703872734385187,0.7572319909245604,0.8098762436301868,8815.0,0.997978981406629,0.9987864077669902,0.9983825313384553,2472.0,0.7816911526994504,1.0,0.8774709932359552,43523.0,0.998467824310521,0.9974489795918368,0.9979581419091373,1960.0,,,,,,,,
xgboost,cross_station,1011,top20_stable,2.0,False,0.7927775422052407,0.7970656612867384,0.9227572422702399,0.9899844405800133,0.6902347145754854,0.9126334374315506,0.8779773751433084,9.477746486663818,0.3578922748565674,261911.2134721729,93736,93736,20,9.0,xgboost_cross_station_bs2_top20_stable_seed1011.json,0.8746522664048437,0.30976528542451465,0.4575023538474707,17255.0,0.8727909011373578,0.9382406420465232,0.9043331117423098,15949.0,0.9850746268656716,1.0,0.9924812030075187,132.0,0.9912280701754386,0.09608843537414966,0.17519379844961241,1176.0,0.8946983546617916,0.9939073923639318,0.9416971329613238,2462.0,0.8686708860759493,0.7466001813236628,0.803022915650902,8824.0,0.9698053237981724,0.9967333605553287,0.9830849778493758,2449.0,0.7853202077022934,1.0,0.8797527797133942,43557.0,0.9979296066252588,0.9979296066252588,0.9979296066252588,1932.0,,,,,,,,
xgboost,cross_station,123,top20_stable,2.0,False,0.7938076554910507,0.7925467452146238,0.9212642694761544,0.9898358502954695,0.6943011122577686,0.9080945639314534,0.8625071260599424,7.7392189502716064,0.3953855037689209,236710.7521845285,93592,93592,20,9.0,xgboost_cross_station_bs2_top20_stable_seed123.json,0.8732394366197183,0.3056988877422314,0.45286223883132326,17442.0,0.8628976486860305,0.9403969350584097,0.8999819679028671,15922.0,0.9790209790209791,0.9929078014184397,0.9859154929577465,141.0,0.9673202614379085,0.12468407750631845,0.2208955223880597,1187.0,0.8764044943820225,0.9857317570322055,0.9278587874136608,2453.0,0.8758258055817716,0.7274356103023516,0.7947635651801553,8930.0,0.9842615012106537,0.9946982055464927,0.9894523326572008,2452.0,0.7809696092619393,1.0,0.8770162109454354,43172.0,0.9926470588235294,0.9984152139461173,0.9955227811430076,1893.0,,,,,,,,
xgboost,cross_station,2026,top20_stable,2.0,False,0.7996114300074655,0.7994068100452908,0.9218608852755195,0.9903868852459017,0.6883590942793589,0.9231899403836091,0.877447371301507,7.256824731826782,0.3784983158111572,247776.5318427224,93783,93783,20,9.0,xgboost_cross_station_bs2_top20_stable_seed2026.json,0.8817169598192673,0.31164090572064107,0.4605141171512853,17533.0,0.8719111312627522,0.9636078922643282,0.9154690707846113,15965.0,0.9854014598540146,1.0,0.9926470588235294,135.0,0.9925373134328358,0.1144578313253012,0.2052469135802469,1162.0,0.8848946986201888,0.9938825448613376,0.9362274298885901,2452.0,0.9200110711320233,0.7419642857142857,0.8214506363524033,8960.0,0.9811547714514836,0.9987755102040816,0.9898867313915858,2450.0,0.7815034762456546,1.0,0.8773527379161754,43164.0,0.9969465648854962,0.9984709480122325,0.9977081741787625,1962.0,,,,,,,,
xgboost,cross_station,3141,top20_stable,2.0,False,0.849716326147947,0.8007225362764171,0.9251041825095057,0.9970756015998951,0.6924046282506587,0.9202262786738847,0.8888081707918529,9.890996932983398,0.35018110275268555,267612.9558772466,93713,93713,20,9.0,xgboost_cross_station_bs2_top20_stable_seed3141.json,0.9601287323440014,0.30759537174934126,0.4659233872717019,17458.0,0.8581352623722586,0.9427904629746436,0.8984731906708343,15854.0,1.0,1.0,1.0,138.0,0.9968847352024922,0.5364626990779547,0.6975476839237057,1193.0,0.8812522490104354,0.9983693436608235,0.9361620795107034,2453.0,0.8766126818556135,0.7171569728273074,0.7889081027667985,8906.0,0.9743281187324508,0.9967172753385309,0.9853955375253549,2437.0,0.7819080787483985,1.0,0.8776076477498278,43331.0,0.9964047252182845,0.9984559958826557,0.9974293059125964,1943.0,,,,,,,,
xgboost,cross_station,42,top20_stable,2.0,False,0.7986833802736125,0.800752215257194,0.92209823883844,0.989611616101995,0.6925393883225208,0.9093428475543703,0.8813996426504327,10.041479110717773,0.3515341281890869,265985.5544657263,93503,93503,20,9.0,xgboost_cross_station_bs2_top20_stable_seed42.json,0.8701639344262295,0.3074606116774791,0.45437425098442047,17264.0,0.8930121914956883,0.9390869293308318,0.9154702027130011,15990.0,0.9849624060150376,1.0,0.9924242424242424,131.0,0.9765625,0.10926573426573427,0.19654088050314467,1144.0,0.88816029143898,0.9866450829623634,0.9348159509202454,2471.0,0.8789271079100957,0.7925204344418318,0.8334903438530381,8931.0,0.9922035289290111,0.984928716904277,0.9885527391659853,2455.0,0.7831701124410592,1.0,0.8784020178186405,43184.0,0.9892418032786885,0.9989653388515262,0.9940797940797941,1933.0,,,,,,,,
xgboost,cross_station,4242,top20_stable,2.0,False,0.7914442471647267,0.7983416208384139,0.92231551683255,0.9901569149630558,0.691414112369889,0.9204257374896778,0.8687983609459127,7.489462375640869,0.20815372467041016,451546.0876274254,93991,93991,20,9.0,xgboost_cross_station_bs2_top20_stable_seed4242.json,0.876797385620915,0.30858588763011097,0.45650601897145776,17389.0,0.8781098875487968,0.9467303222564232,0.9111299195937368,15919.0,0.9791666666666666,1.0,0.9894736842105263,141.0,0.95,0.08161512027491409,0.15031645569620253,1164.0,0.8766583004661169,0.9910822861775436,0.930365296803653,2467.0,0.8887870055017029,0.7600537694634255,0.8193949640722179,8927.0,0.9810712847362062,0.997134670487106,0.9890377588306942,2443.0,0.7838756066870394,1.0,0.8788455918659371,43607.0,0.9994813278008299,0.9963805584281282,0.9979285344381149,1934.0,,,,,,,,
xgboost,cross_station,456,top20_stable,2.0,False,0.7954887480558327,0.7948643452929841,0.9218829128405381,0.9895084286219498,0.691239993088752,0.9246006681036566,0.8804437814922577,8.720246315002441,0.3714280128479004,252296.53326760305,93710,93710,20,9.0,xgboost_cross_station_bs2_top20_stable_seed456.json,0.8700097370983447,0.30876000691124805,0.45577045696068014,17363.0,0.8647379406307978,0.9386997293725219,0.9002021909044271,15889.0,0.9858156028368794,1.0,0.9928571428571429,139.0,0.9705882352941176,0.11224489795918367,0.20121951219512196,1176.0,0.9946391752577319,0.996694214876033,0.9956656346749226,2420.0,0.8730748805098247,0.7340104922424378,0.7975259232308531,8959.0,0.8876080691642652,0.9967637540453075,0.9390243902439024,2472.0,0.7831963140301743,1.0,0.8784184981406613,43346.0,0.9989717223650385,0.9984583761562179,0.9987149832947828,1946.0,,,,,,,,
xgboost,cross_station,5555,top20_stable,2.0,False,0.7926734819448862,0.7913967314659011,0.9210534339042787,0.9897389526655135,0.693579655604972,0.9150760781957301,0.8647228506155324,9.48246145248413,0.3726940155029297,251804.41889671903,93846,93846,20,9.0,xgboost_cross_station_bs2_top20_stable_seed5555.json,0.8728276758161442,0.30642034439502797,0.45359780544418654,17538.0,0.8620110113010722,0.9341791232257254,0.896645266298942,15922.0,1.0,1.0,1.0,133.0,1.0,0.10838272650296359,0.19556913674560733,1181.0,0.8795925791196799,0.9926108374384236,0.9326904532304725,2436.0,0.8601238556812062,0.7247050816696915,0.7866289091356808,8816.0,0.9918032786885246,0.9962947715109098,0.9940439515300883,2429.0,0.7812275147503238,1.0,0.8771788087495708,43430.0,0.9969450101832994,0.998470168281489,0.9977070063694268,1961.0,,,,,,,,
xgboost,cross_station,6789,top20_stable,2.0,False,0.8009209800709693,0.8005835800216111,0.9220360863978759,0.9893753267119707,0.6894767107533065,0.9203563411686999,0.8791439857653794,9.12578558921814,0.47348499298095703,198337.85947208878,93910,93910,20,9.0,xgboost_cross_station_bs2_top20_stable_seed6789.json,0.8691453404152584,0.3105232892466935,0.45756895309918233,17390.0,0.8745309835133599,0.9606569662149503,0.9155730143141981,16013.0,0.9850746268656716,1.0,0.9924812030075187,132.0,0.9797297297297297,0.12298558100084818,0.2185380557648832,1179.0,0.8900580551523948,0.9931174089068826,0.9387676999617298,2470.0,0.9186543499241693,0.7480633209834961,0.8246287128712871,8907.0,0.9824130879345603,0.9880707527766351,0.985233798195242,2431.0,0.7839027381940186,1.0,0.8788626435851804,43458.0,0.9958613554061045,0.9974093264248705,0.996634739839503,1930.0,,,,,,,,
xgboost,cross_station,789,top20_stable,2.0,False,0.7979714624825996,0.7939304018637299,0.921549433645644,0.990265255455377,0.692921463581443,0.9245277380002841,0.8682942148514687,9.841047763824463,0.3705134391784668,253907.11928990518,94076,94076,20,9.0,xgboost_cross_station_bs2_top20_stable_seed789.json,0.8785260068481983,0.3070785364185569,0.45508678575953376,17546.0,0.8725553532624655,0.9272874797153914,0.8990892311416382,16022.0,0.9849624060150376,1.0,0.9924242424242424,131.0,1.0,0.13213981244671782,0.23343373493975902,1173.0,0.8830409356725146,0.9926047658175843,0.9346228239845261,2434.0,0.8489254922146442,0.7483834373227454,0.7954901724345834,8815.0,0.9935613682092556,0.9987864077669902,0.9961670365140206,2472.0,0.7816911526994504,1.0,0.8774709932359552,43523.0,0.998467824310521,0.9974489795918368,0.9979581419091373,1960.0,,,,,,,,
xgboost,cross_station,1011,top50,2.0,False,0.7922588367197744,0.7969274175150436,0.9228500749442488,0.9901805677227024,0.6902926687916546,0.9107543074931661,0.8664133086190118,10.026230812072754,0.4031374454498291,232516.2325107444,93736,93736,50,9.0,xgboost_cross_station_bs2_top50_seed1011.json,0.8767842493847416,0.3097073312083454,0.45773019271948606,17255.0,0.871588991679758,0.9392438397391686,0.9041525832930951,15949.0,0.9850746268656716,1.0,0.9924812030075187,132.0,0.9912280701754386,0.09608843537414966,0.17519379844961241,1176.0,0.8717491984324902,0.9939073923639318,0.9288289998102107,2462.0,0.8717948717948718,0.7436536718041704,0.802642040242187,8824.0,0.9866666666666667,0.9971416904859126,0.991876523151909,2449.0,0.7853202077022934,1.0,0.8797527797133942,43557.0,0.9974133471288154,0.9979296066252588,0.9976714100905563,1932.0,,,,,,,,
xgboost,cross_station,123,top50,2.0,False,0.7955553649095699,0.7934185820727043,0.9216935547912989,0.9907025607353906,0.6943584451324389,0.9098741264969286,0.8625781572742514,9.607803106307983,0.3853142261505127,242897.8575097842,93592,93592,50,9.0,xgboost_cross_station_bs2_top50_seed123.json,0.882762046696473,0.30564155486756106,0.45406924747668326,17442.0,0.8643111980665209,0.9433488255244316,0.9021021021021021,15922.0,0.986013986013986,1.0,0.9929577464788732,141.0,0.9673202614379085,0.12468407750631845,0.2208955223880597,1187.0,0.8795224312590448,0.9910313901345291,0.9319532298255703,2453.0,0.8777104377104377,0.7297872340425532,0.7969428309385509,8930.0,0.9733704292527822,0.9987765089722676,0.9859098228663447,2452.0,0.7809696092619393,1.0,0.8770162109454354,43172.0,0.9978880675818373,0.9984152139461173,0.9981515711645101,1893.0,,,,,,,,
xgboost,cross_station,2026,top50,2.0,False,0.7969065981887451,0.7960083943962822,0.9217151368642101,0.9900852459016394,0.6883020589745052,0.9105735105838115,0.8703101312720591,11.152432441711426,0.3847959041595459,243721.40915802275,93783,93783,50,9.0,xgboost_cross_station_bs2_top50_seed2026.json,0.8784761292396721,0.3116979410254948,0.46013303022648816,17533.0,0.8558518600654211,0.966927654243658,0.9080054114463855,15965.0,0.9926470588235294,1.0,0.996309963099631,135.0,0.9925373134328358,0.1144578313253012,0.2052469135802469,1162.0,0.8889294848374132,0.9922512234910277,0.9377529389092311,2452.0,0.9246555262386397,0.7040178571428571,0.7993917120770498,8960.0,0.9796,0.9995918367346939,0.9894949494949495,2450.0,0.7815034762456546,1.0,0.8773527379161754,43164.0,0.9979633401221996,0.9989806320081549,0.9984717269485481,1962.0,,,,,,,,
xgboost,cross_station,3141,top50,2.0,False,0.8005749690436829,0.8007177023174028,0.9216064453125,0.9900727821126484,0.692347347920724,0.9106859402706046,0.8771444509711004,11.786765336990356,0.40901732444763184,229117.43439365845,93713,93713,50,9.0,xgboost_cross_station_bs2_top50_seed3141.json,0.8764686684073107,0.307652652079276,0.4554396675994234,17458.0,0.8950994488377666,0.9424120095874858,0.9181466232409513,15854.0,0.9928057553956835,1.0,0.9963898916967509,138.0,0.9776119402985075,0.10980720871751885,0.1974378296910324,1193.0,0.8812522490104354,0.9983693436608235,0.9361620795107034,2453.0,0.8903646159629119,0.7978890635526611,0.8415941256587908,8906.0,0.9719887955182073,0.9967172753385309,0.9841977309562399,2437.0,0.7819080787483985,1.0,0.8776076477498278,43331.0,0.9979423868312757,0.9984559958826557,0.9981991252894263,1943.0,,,,,,,,
xgboost,cross_station,42,top50,2.0,False,0.7981479799588365,0.7984824018134064,0.9222036197436116,0.9898214824433689,0.6925393883225208,0.9118605704493352,0.8829287435003716,12.131745338439941,0.38872766494750977,240536.0061333062,93503,93503,50,9.0,xgboost_cross_station_bs2_top50_seed42.json,0.8724523339907956,0.3074606116774791,0.4546856261778311,17264.0,0.8777447725551867,0.9424640400250156,0.9089538285231762,15990.0,0.9849624060150376,1.0,0.9924242424242424,131.0,0.9765625,0.10926573426573427,0.19654088050314467,1144.0,0.8889289578074288,0.9975718332658843,0.9401220442410374,2471.0,0.8818631277647672,0.7589295711566454,0.8157910573509057,8931.0,0.9983693436608235,0.9975560081466395,0.9979625101874491,2455.0,0.7831701124410592,1.0,0.8784020178186405,43184.0,0.9974186886938565,0.999482669425763,0.9984496124031008,1933.0,,,,,,,,
xgboost,cross_station,4242,top50,2.0,False,0.7924752486364756,0.7997612931208096,0.9220533591189116,0.9896347353854991,0.691414112369889,0.907817203343703,0.8553599916515666,12.391510963439941,0.39909958839416504,235507.6345184579,93991,93991,50,9.0,xgboost_cross_station_bs2_top50_seed4242.json,0.8711038961038962,0.30858588763011097,0.4557306042719436,17389.0,0.8833235810415447,0.9483007726615994,0.9146596382804689,15919.0,0.9791666666666666,1.0,0.9894736842105263,141.0,0.95,0.08161512027491409,0.15031645569620253,1164.0,0.8769727403156384,0.9910822861775436,0.9305423406279734,2467.0,0.9009162303664922,0.771031701579478,0.8309289551518078,8927.0,0.9705296694544007,0.9975440032746623,0.9838514331853048,2443.0,0.7838756066870394,1.0,0.8788455918659371,43607.0,0.9994813278008299,0.9963805584281282,0.9979285344381149,1934.0,,,,,,,,
xgboost,cross_station,456,top50,2.0,False,0.7987977427341869,0.7984234683604293,0.9218500213557874,0.9894429381639095,0.691239993088752,0.9112464194083957,0.8788121302903018,8.909582138061523,0.3782176971435547,247767.35913663986,93710,93710,50,9.0,xgboost_cross_station_bs2_top50_seed456.json,0.8693043619263824,0.30876000691124805,0.455673608159796,17363.0,0.8780544975095225,0.9430423563471584,0.9093888450567458,15889.0,0.9928571428571429,1.0,0.996415770609319,139.0,0.9705882352941176,0.11224489795918367,0.20121951219512196,1176.0,0.9384495520062329,0.9954545454545455,0.9661118909163826,2420.0,0.886983632112237,0.7621386315436991,0.8198355045926637,8959.0,0.9319727891156463,0.9975728155339806,0.9636576787807737,2472.0,0.7831963140301743,1.0,0.8784184981406613,43346.0,0.9984583761562179,0.9984583761562179,0.9984583761562179,1946.0,,,,,,,,
xgboost,cross_station,5555,top50,2.0,False,0.7942851648956273,0.793402599128163,0.9211314151225253,0.9898831053100592,0.6935226365606112,0.9128057166598236,0.8705594397031702,9.165037870407104,0.38027262687683105,246786.10388224546,93846,93846,50,9.0,xgboost_cross_station_bs2_top50_seed5555.json,0.8744102814380998,0.30647736343938875,0.4538737597635634,17538.0,0.8674202898550725,0.9397688732571285,0.9021463885204389,15922.0,1.0,1.0,1.0,133.0,0.9922480620155039,0.10838272650296359,0.19541984732824427,1181.0,0.8795487627365357,0.9922003284072249,0.9324845679012346,2436.0,0.8730137355238352,0.7353675136116152,0.7983007018840045,8816.0,0.985353946297803,0.9971181556195965,0.9912011458972785,2429.0,0.7812275147503238,1.0,0.8771788087495708,43430.0,0.9974528782475802,0.998470168281489,0.9979612640163099,1961.0,,,,,,,,
xgboost,cross_station,6789,top50,2.0,False,0.8037551219954571,0.8030709791847691,0.9226321267491615,0.9904730789336121,0.6890166762507188,0.9191272541759048,0.88322644182748,10.322317838668823,0.3951079845428467,237681.85831186644,93910,93910,50,9.0,xgboost_cross_station_bs2_top50_seed6789.json,0.8812123187225028,0.31098332374928117,0.4597271220300081,17390.0,0.8805375241999772,0.9657153562730282,0.9211615785554729,16013.0,0.9924812030075187,1.0,0.9962264150943396,132.0,0.9797297297297297,0.12298558100084818,0.2185380557648832,1179.0,0.888487910501624,0.9967611336032388,0.9395153596641862,2470.0,0.9280526243661779,0.7603008869428539,0.8358430017279684,8907.0,0.9731570512820513,0.9991772932949403,0.9859955348081997,2431.0,0.7839027381940186,1.0,0.8788626435851804,43458.0,0.9984439834024896,0.9974093264248705,0.997926386728875,1930.0,,,,,,,,
xgboost,cross_station,789,top50,2.0,False,0.7997362234529146,0.7958501561422223,0.9212870895744771,0.9897425846073435,0.692921463581443,0.9199496376954992,0.8682489609236084,9.855426549911499,0.335651159286499,280279.0855839122,94076,94076,50,9.0,xgboost_cross_station_bs2_top50_seed789.json,0.8728333063340353,0.3070785364185569,0.45431932206248155,17546.0,0.8753937696884844,0.936587192610161,0.9049571824870342,16022.0,0.9924242424242424,1.0,0.9961977186311787,131.0,1.0,0.13213981244671782,0.23343373493975902,1173.0,0.8829981718464351,0.9921939194741167,0.934416715031921,2434.0,0.8736495388669302,0.7522404991491776,0.8084120694910089,8815.0,0.983273596176822,0.9987864077669902,0.9909692956050572,2472.0,0.7816911526994504,1.0,0.8774709932359552,43523.0,0.9974489795918368,0.9974489795918368,0.9974489795918368,1960.0,,,,,,,,
xgboost,holdout_attack,1011,full,,False,0.10995390801216044,0.6916475693876585,0.975062896246352,0.9541121789821964,0.0012555779900571796,,0.25115553685224246,25.35856533050537,0.3679172992706299,229195.52890600244,215675,84325,89,9.0,xgboost_holdout_attack_full_seed1011.json,0.9805923902178983,0.9987444220099428,0.989585172109444,58937.0,0.0,0.0,0.0,0.0,0.0,0.0,0.0,0.0,0.0,0.0,0.0,2399.0,0.0,0.0,0.0,0.0,0.0,0.0,0.0,18042.0,0.0,0.0,0.0,4947.0,0.0,0.0,0.0,0.0,0.0,0.0,0.0,0.0,,,,,,,,
xgboost,holdout_attack,123,full,,False,0.12371419927390076,0.6917373270186435,0.9753514036006283,0.9538758468567827,0.0008992653172031152,,0.2598124477021823,33.856324434280396,0.36991143226623535,227959.97269775916,215675,84325,89,9.0,xgboost_holdout_attack_full_seed123.json,0.9805012072267089,0.9991007346827969,0.9897135941912061,58937.0,0.0,0.0,0.0,0.0,0.0,0.0,0.0,0.0,0.0,0.0,0.0,2399.0,0.0,0.0,0.0,0.0,0.0,0.0,0.0,18042.0,0.0,0.0,0.0,4947.0,0.0,0.0,0.0,0.0,0.0,0.0,0.0,0.0,,,,,,,,
xgboost,holdout_attack,2026,full,,False,0.12362434262479628,0.6912349012774497,0.9735972267010642,0.9513549708523712,0.0012725452601930875,,0.2747413652940323,22.76888394355774,0.316821813583374,266159.07233865146,215675,84325,89,9.0,xgboost_holdout_attack_full_seed2026.json,0.979449889345558,0.998727454739807,0.9889947409983703,58937.0,0.0,0.0,0.0,0.0,0.0,0.0,0.0,0.0,0.0,0.0,0.0,2399.0,0.0,0.0,0.0,0.0,0.0,0.0,0.0,18042.0,0.0,0.0,0.0,4947.0,0.0,0.0,0.0,0.0,0.0,0.0,0.0,0.0,,,,,,,,
xgboost,holdout_attack,3141,full,,False,0.10995432563138098,0.6916501963549399,0.9749727525935494,0.9513549708523712,8.483635067953917e-05,,0.2770216024287038,24.517019271850586,0.37850046157836914,222787.04667455304,215675,84325,89,9.0,xgboost_holdout_attack_full_seed3141.json,0.9794737979290974,0.9999151636493204,0.9895889306824288,58937.0,0.0,0.0,0.0,0.0,0.0,0.0,0.0,0.0,0.0,0.0,0.0,2399.0,0.0,0.0,0.0,0.0,0.0,0.0,0.0,18042.0,0.0,0.0,0.0,4947.0,0.0,0.0,0.0,0.0,0.0,0.0,0.0,0.0,,,,,,,,
xgboost,holdout_attack,42,full,,False,0.12372348287619464,0.6917892354840708,0.9754720025818945,0.9524184654167324,0.00013573816108726266,,0.2523492467396377,29.91394066810608,0.32073163986206055,262914.5039643307,215675,84325,89,9.0,xgboost_holdout_attack_full_seed42.json,0.9799125330495368,0.9998642618389127,0.9897878630095571,58937.0,0.0,0.0,0.0,0.0,0.0,0.0,0.0,0.0,0.0,0.0,0.0,2399.0,0.0,0.0,0.0,0.0,0.0,0.0,0.0,18042.0,0.0,0.0,0.0,4947.0,0.0,0.0,0.0,0.0,0.0,0.0,0.0,0.0,,,,,,,,
xgboost,holdout_attack,4242,full,,False,0.10985707327723754,0.6910384458898895,0.972885732730794,0.949740034662045,0.0011537743692417327,,0.26954913033060446,27.294647693634033,0.3468344211578369,243127.54114340196,215675,84325,89,9.0,xgboost_holdout_attack_full_seed4242.json,0.9787846038739713,0.9988462256307583,0.9887136594951378,58937.0,0.0,0.0,0.0,0.0,0.0,0.0,0.0,0.0,0.0,0.0,0.0,2399.0,0.0,0.0,0.0,0.0,0.0,0.0,0.0,18042.0,0.0,0.0,0.0,4947.0,0.0,0.0,0.0,0.0,0.0,0.0,0.0,0.0,,,,,,,,
xgboost,holdout_attack,456,full,,False,0.14135807947194592,0.6915926226963124,0.9747617509287676,0.9508035292264062,1.6967270135907833e-05,,0.25565998053191286,24.161484241485596,0.3706939220428467,227478.77692543686,215675,84325,89,9.0,xgboost_holdout_attack_full_seed456.json,0.979247320760987,0.9999830327298641,0.9895065563036215,58937.0,0.0,0.0,0.0,0.0,0.0,0.0,0.0,0.0,0.0,0.0,0.0,2399.0,0.0,0.0,0.0,0.0,0.0,0.0,0.0,18042.0,0.0,0.0,0.0,4947.0,0.0,0.0,0.0,0.0,0.0,0.0,0.0,0.0,,,,,,,,
xgboost,holdout_attack,5555,full,,False,0.12369451422905972,0.6916272597799554,0.9749561783490822,0.9530092957302663,0.0008483635067953917,,0.2603378739040034,23.183293342590332,0.3704800605773926,227610.09018563543,215675,84325,89,9.0,xgboost_holdout_attack_full_seed5555.json,0.9801431424766978,0.9991516364932046,0.9895561138324778,58937.0,0.0,0.0,0.0,0.0,0.0,0.0,0.0,0.0,0.0,0.0,0.0,2399.0,0.0,0.0,0.0,0.0,0.0,0.0,0.0,18042.0,0.0,0.0,0.0,4947.0,0.0,0.0,0.0,0.0,0.0,0.0,0.0,0.0,,,,,,,,
xgboost,holdout_attack,6789,full,,False,0.1237026329722416,0.6916726550356362,0.9751303892547172,0.9536789034189381,0.0010010689380185623,,0.27906674723262603,23.62321949005127,0.311129093170166,271028.97752438753,215675,84325,89,9.0,xgboost_holdout_attack_full_seed6789.json,0.9804176241382756,0.9989989310619815,0.9896210637779328,58937.0,0.0,0.0,0.0,0.0,0.0,0.0,0.0,0.0,0.0,0.0,0.0,2399.0,0.0,0.0,0.0,0.0,0.0,0.0,0.0,18042.0,0.0,0.0,0.0,4947.0,0.0,0.0,0.0,0.0,0.0,0.0,0.0,0.0,,,,,,,,
xgboost,holdout_attack,789,full,,False,0.12368783775833522,0.6915899288669317,0.9748525177683371,0.9535607373562313,0.0011877089095135485,,0.2561772573421231,26.67944574356079,0.38671207427978516,218056.28944233866,215675,84325,89,9.0,xgboost_holdout_attack_full_seed789.json,0.9803650534590147,0.9988122910904864,0.9895027020666818,58937.0,0.0,0.0,0.0,0.0,0.0,0.0,0.0,0.0,0.0,0.0,0.0,2399.0,0.0,0.0,0.0,0.0,0.0,0.0,0.0,18042.0,0.0,0.0,0.0,4947.0,0.0,0.0,0.0,0.0,0.0,0.0,0.0,0.0,,,,,,,,
xgboost,holdout_attack,1011,top20,,False,0.10986606934527976,0.6910950342250196,0.9731048387096775,0.9505671971009926,0.0013404143407367188,,0.2753995840088175,17.800188541412354,0.32653355598449707,258242.9843871958,215675,84325,20,9.0,xgboost_holdout_attack_top20_seed1011.json,0.9791226523380966,0.9986595856592633,0.9887946241075178,58937.0,0.0,0.0,0.0,0.0,0.0,0.0,0.0,0.0,0.0,0.0,0.0,2399.0,0.0,0.0,0.0,0.0,0.0,0.0,0.0,18042.0,0.0,0.0,0.0,4947.0,0.0,0.0,0.0,0.0,0.0,0.0,0.0,0.0,,,,,,,,
xgboost,holdout_attack,123,top20,,False,0.11912748962067933,0.6660911336637038,0.8712489187570697,0.7736332125413581,0.0009841016678826544,,0.26495508052419997,14.580768585205078,0.3141152858734131,268452.39245689736,215675,84325,20,9.0,xgboost_holdout_attack_top20_seed123.json,0.9110729427784483,0.9990158983321173,0.9530199169654346,58937.0,0.0,0.0,0.0,0.0,0.0,0.0,0.0,0.0,0.0,0.0,0.0,2399.0,0.0,0.0,0.0,0.0,0.0,0.0,0.0,18042.0,0.0,0.0,0.0,4947.0,0.0,0.0,0.0,0.0,0.0,0.0,0.0,0.0,,,,,,,,
xgboost,holdout_attack,2026,top20,,False,0.11909338880435134,0.6659004618760326,0.8705600638552614,0.7732787143532377,0.0013913161511444423,,0.2877355288240088,16.93697762489319,0.34922146797180176,241465.68219227836,215675,84325,20,9.0,xgboost_holdout_attack_top20_seed2026.json,0.9109130024299268,0.9986086838488556,0.9527471104348108,58937.0,0.0,0.0,0.0,0.0,0.0,0.0,0.0,0.0,0.0,0.0,0.0,2399.0,0.0,0.0,0.0,0.0,0.0,0.0,0.0,18042.0,0.0,0.0,0.0,4947.0,0.0,0.0,0.0,0.0,0.0,0.0,0.0,0.0,,,,,,,,
xgboost,holdout_attack,3141,top20,,False,0.10979567957131092,0.6906522585478704,0.9714065853954882,0.9447376713407909,0.0001527054312231705,,0.26014060797142635,17.322333097457886,0.3289930820465088,256312.38041679922,215675,84325,20,9.0,xgboost_holdout_attack_top20_seed3141.json,0.9767449569872868,0.9998472945687769,0.9881611161417984,58937.0,0.0,0.0,0.0,0.0,0.0,0.0,0.0,0.0,0.0,0.0,0.0,2399.0,0.0,0.0,0.0,0.0,0.0,0.0,0.0,18042.0,0.0,0.0,0.0,4947.0,0.0,0.0,0.0,0.0,0.0,0.0,0.0,0.0,,,,,,,,
xgboost,holdout_attack,42,top20,,False,0.12360285973215185,0.6911147815270757,0.9730789441772101,0.9482038758468568,0.00028844359231043317,,0.27867095048650525,14.359987258911133,0.30762338638305664,274117.65077898663,215675,84325,20,9.0,xgboost_holdout_attack_top20_seed42.json,0.9781688387150328,0.9997115564076896,0.9888228778572148,58937.0,0.0,0.0,0.0,0.0,0.0,0.0,0.0,0.0,0.0,0.0,0.0,2399.0,0.0,0.0,0.0,0.0,0.0,0.0,0.0,18042.0,0.0,0.0,0.0,4947.0,0.0,0.0,0.0,0.0,0.0,0.0,0.0,0.0,,,,,,,,
xgboost,holdout_attack,4242,top20,,False,0.10656536032904645,0.6703324491600011,0.8905834676892239,0.8050259965337955,0.001221643449785364,,0.2679719419115873,15.25934624671936,0.31653380393981934,266401.24672444846,215675,84325,20,9.0,xgboost_holdout_attack_top20_seed4242.json,0.9224320300869702,0.9987783565502146,0.9590882429614181,58937.0,0.0,0.0,0.0,0.0,0.0,0.0,0.0,0.0,0.0,0.0,0.0,2399.0,0.0,0.0,0.0,0.0,0.0,0.0,0.0,18042.0,0.0,0.0,0.0,4947.0,0.0,0.0,0.0,0.0,0.0,0.0,0.0,0.0,,,,,,,,
xgboost,holdout_attack,456,top20,,False,0.14096612798857497,0.6896750050025319,0.967874342145368,0.9380809831416417,0.0001527054312231705,,0.2699285042389205,18.238178491592407,0.35338497161865234,238620.78688223753,215675,84325,20,9.0,xgboost_holdout_attack_top20_seed456.json,0.9740165289256199,0.9998472945687769,0.9867628959200248,58937.0,0.0,0.0,0.0,0.0,0.0,0.0,0.0,0.0,0.0,0.0,0.0,2399.0,0.0,0.0,0.0,0.0,0.0,0.0,0.0,18042.0,0.0,0.0,0.0,4947.0,0.0,0.0,0.0,0.0,0.0,0.0,0.0,0.0,,,,,,,,
xgboost,holdout_attack,5555,top20,,False,0.12365270718696182,0.6913934992923065,0.9741408848130606,0.9518670237907673,0.0010350034782903778,,0.2548651544485184,15.460970640182495,0.280681848526001,300429.1173185307,215675,84325,20,9.0,xgboost_holdout_attack_top20_seed5555.json,0.9796665446437486,0.9989649965217097,0.9892216574956946,58937.0,0.0,0.0,0.0,0.0,0.0,0.0,0.0,0.0,0.0,0.0,0.0,2399.0,0.0,0.0,0.0,0.0,0.0,0.0,0.0,18042.0,0.0,0.0,0.0,4947.0,0.0,0.0,0.0,0.0,0.0,0.0,0.0,0.0,,,,,,,,
xgboost,holdout_attack,6789,top20,,False,0.14126400295594632,0.6911323545271539,0.973208521626856,0.9500551441625965,0.00101803620815447,,0.26861426552394346,15.702353715896606,0.3073732852935791,274340.692684009,215675,84325,20,9.0,xgboost_holdout_attack_top20_seed6789.json,0.9789176157619087,0.9989819637918456,0.9888480206916243,58937.0,0.0,0.0,0.0,0.0,0.0,0.0,0.0,0.0,0.0,0.0,0.0,2399.0,0.0,0.0,0.0,0.0,0.0,0.0,0.0,18042.0,0.0,0.0,0.0,4947.0,0.0,0.0,0.0,0.0,0.0,0.0,0.0,0.0,,,,,,,,
xgboost,holdout_attack,789,top20,,False,0.12357038492543329,0.6909332014325775,0.972519268794641,0.9492673704112179,0.0012555779900571796,,0.2601725650235408,14.83473253250122,0.2885918617248535,292194.6568278365,215675,84325,20,9.0,xgboost_holdout_attack_top20_seed789.json,0.9785872221575701,0.9987444220099428,0.9885630794034663,58937.0,0.0,0.0,0.0,0.0,0.0,0.0,0.0,0.0,0.0,0.0,0.0,2399.0,0.0,0.0,0.0,0.0,0.0,0.0,0.0,18042.0,0.0,0.0,0.0,4947.0,0.0,0.0,0.0,0.0,0.0,0.0,0.0,0.0,,,,,,,,
xgboost,holdout_attack,1011,top20_stable,,False,0.1098329424189669,0.6908866545641253,0.9723545080313181,0.9489916495982353,0.0012725452601930875,,0.28000053669122177,16.12458038330078,0.3088984489440918,272986.15544444567,215675,84325,20,9.0,xgboost_holdout_attack_top20_stable_seed1011.json,0.9784729956613528,0.998727454739807,0.9884964817707022,58937.0,0.0,0.0,0.0,0.0,0.0,0.0,0.0,0.0,0.0,0.0,0.0,2399.0,0.0,0.0,0.0,0.0,0.0,0.0,0.0,18042.0,0.0,0.0,0.0,4947.0,0.0,0.0,0.0,0.0,0.0,0.0,0.0,0.0,,,,,,,,
xgboost,holdout_attack,123,top20_stable,,False,0.1235084833940289,0.690587084332654,0.9712587921416445,0.946391996218686,0.0010350034782903778,,0.2618446307527031,28.008041858673096,0.34653353691101074,243338.64119378012,215675,84325,20,9.0,xgboost_holdout_attack_top20_stable_seed123.json,0.9774059133090958,0.9989649965217097,0.9880678671522312,58937.0,0.0,0.0,0.0,0.0,0.0,0.0,0.0,0.0,0.0,0.0,0.0,2399.0,0.0,0.0,0.0,0.0,0.0,0.0,0.0,18042.0,0.0,0.0,0.0,4947.0,0.0,0.0,0.0,0.0,0.0,0.0,0.0,0.0,,,,,,,,
xgboost,holdout_attack,2026,top20_stable,,False,0.12351119280840027,0.6906022337905662,0.9713397022883804,0.9471403812824957,0.0013064798004649033,,0.28227490291051427,15.880802631378174,0.26939964294433594,313010.80832324433,215675,84325,20,9.0,xgboost_holdout_attack_top20_stable_seed2026.json,0.9777083817813361,0.9986935201995351,0.9880895424672022,58937.0,0.0,0.0,0.0,0.0,0.0,0.0,0.0,0.0,0.0,0.0,0.0,2399.0,0.0,0.0,0.0,0.0,0.0,0.0,0.0,18042.0,0.0,0.0,0.0,4947.0,0.0,0.0,0.0,0.0,0.0,0.0,0.0,0.0,,,,,,,,
xgboost,holdout_attack,3141,top20_stable,,False,0.12365697449930331,0.6914173596030063,0.974149769771387,0.9499763667874587,0.00016967270135907834,,0.2852106390572179,14.868008613586426,0.3282153606414795,256919.7244004402,215675,84325,20,9.0,xgboost_holdout_attack_top20_stable_seed3141.json,0.9789026031197569,0.999830327298641,0.9892557959944265,58937.0,0.0,0.0,0.0,0.0,0.0,0.0,0.0,0.0,0.0,0.0,0.0,2399.0,0.0,0.0,0.0,0.0,0.0,0.0,0.0,18042.0,0.0,0.0,0.0,4947.0,0.0,0.0,0.0,0.0,0.0,0.0,0.0,0.0,,,,,,,,
xgboost,holdout_attack,42,top20_stable,,False,0.12232902877548478,0.6839922650640494,0.9466569918109257,0.8992831258862455,0.0002714763221745253,,0.261840916654622,14.673323631286621,0.3270454406738281,257838.78786464955,215675,84325,20,9.0,xgboost_holdout_attack_top20_stable_seed42.json,0.9584078857477472,0.9997285236778255,0.9786322302038782,58937.0,0.0,0.0,0.0,0.0,0.0,0.0,0.0,0.0,0.0,0.0,0.0,2399.0,0.0,0.0,0.0,0.0,0.0,0.0,0.0,18042.0,0.0,0.0,0.0,4947.0,0.0,0.0,0.0,0.0,0.0,0.0,0.0,0.0,,,,,,,,
xgboost,holdout_attack,4242,top20_stable,,False,0.12342011020438973,0.6900929532277372,0.9695044215553352,0.943556010713723,0.0012555779900571796,,0.27808504223760344,29.548509120941162,0.2892293930053711,291550.58939128654,215675,84325,20,9.0,xgboost_holdout_attack_top20_stable_seed4242.json,0.9762339126973597,0.9987444220099428,0.9873608816351178,58937.0,0.0,0.0,0.0,0.0,0.0,0.0,0.0,0.0,0.0,0.0,0.0,2399.0,0.0,0.0,0.0,0.0,0.0,0.0,0.0,18042.0,0.0,0.0,0.0,4947.0,0.0,0.0,0.0,0.0,0.0,0.0,0.0,0.0,,,,,,,,
xgboost,holdout_attack,456,top20_stable,,False,0.14129031407304754,0.69126108133605,0.9735868884263282,0.9487947061603907,0.00011877089095135484,,0.2641663793408287,15.680783987045288,0.33095598220825195,254792.19150944074,215675,84325,20,9.0,xgboost_holdout_attack_top20_stable_seed456.json,0.978416071725054,0.9998812291090486,0.9890321985113328,58937.0,0.0,0.0,0.0,0.0,0.0,0.0,0.0,0.0,0.0,0.0,0.0,2399.0,0.0,0.0,0.0,0.0,0.0,0.0,0.0,18042.0,0.0,0.0,0.0,4947.0,0.0,0.0,0.0,0.0,0.0,0.0,0.0,0.0,,,,,,,,
xgboost,holdout_attack,5555,top20_stable,,False,0.12355118381186582,0.6908258400540704,0.9721015737055817,0.9476918229084607,0.0008992653172031152,,0.27433957745660753,16.67899513244629,0.295513391494751,285350.85863104725,215675,84325,20,9.0,xgboost_holdout_attack_top20_stable_seed5555.json,0.9779445957616422,0.9991007346827969,0.9884094704949266,58937.0,0.0,0.0,0.0,0.0,0.0,0.0,0.0,0.0,0.0,0.0,0.0,2399.0,0.0,0.0,0.0,0.0,0.0,0.0,0.0,18042.0,0.0,0.0,0.0,4947.0,0.0,0.0,0.0,0.0,0.0,0.0,0.0,0.0,,,,,,,,
xgboost,holdout_attack,6789,top20_stable,,False,0.10932574995845298,0.6876962410638849,0.9607334653788823,0.926618875059083,0.00101803620815447,,0.26368973098134485,14.982645273208618,0.3276669979095459,257349.68897685062,215675,84325,20,9.0,xgboost_holdout_attack_top20_stable_seed6789.json,0.9693282844912743,0.9989819637918456,0.9839317496260769,58937.0,0.0,0.0,0.0,0.0,0.0,0.0,0.0,0.0,0.0,0.0,0.0,2399.0,0.0,0.0,0.0,0.0,0.0,0.0,0.0,18042.0,0.0,0.0,0.0,4947.0,0.0,0.0,0.0,0.0,0.0,0.0,0.0,0.0,,,,,,,,
xgboost,holdout_attack,789,top20_stable,,False,0.12360782139797409,0.6911425242556679,0.9732618164220036,0.9505671971009926,0.0012046761796494561,,0.275375961585027,14.612553358078003,0.28623414039611816,294601.4751535334,215675,84325,20,9.0,xgboost_holdout_attack_top20_stable_seed789.json,0.9791254303820628,0.9987953238203505,0.9888625711837927,58937.0,0.0,0.0,0.0,0.0,0.0,0.0,0.0,0.0,0.0,0.0,0.0,2399.0,0.0,0.0,0.0,0.0,0.0,0.0,0.0,18042.0,0.0,0.0,0.0,4947.0,0.0,0.0,0.0,0.0,0.0,0.0,0.0,0.0,,,,,,,,
xgboost,holdout_attack,1011,top50,,False,0.10994374215528062,0.6915836226819088,0.97483593026533,0.9536789034189381,0.0012555779900571796,,0.254507075908604,25.422428369522095,0.39389538764953613,214079.6837027886,215675,84325,50,9.0,xgboost_holdout_attack_top50_seed1011.json,0.9804127317243791,0.9987444220099428,0.9894936793975255,58937.0,0.0,0.0,0.0,0.0,0.0,0.0,0.0,0.0,0.0,0.0,0.0,2399.0,0.0,0.0,0.0,0.0,0.0,0.0,0.0,18042.0,0.0,0.0,0.0,4947.0,0.0,0.0,0.0,0.0,0.0,0.0,0.0,0.0,,,,,,,,
xgboost,holdout_attack,123,top50,,False,0.12368925186529542,0.6915978357246289,0.9748559455212154,0.9529305183551284,0.0008992653172031152,,0.26319423080586035,22.198812007904053,0.31421852111816406,268364.19349160197,215675,84325,50,9.0,xgboost_holdout_attack_top50_seed123.json,0.9801095224620916,0.9991007346827969,0.9895140149223633,58937.0,0.0,0.0,0.0,0.0,0.0,0.0,0.0,0.0,0.0,0.0,0.0,2399.0,0.0,0.0,0.0,0.0,0.0,0.0,0.0,18042.0,0.0,0.0,0.0,4947.0,0.0,0.0,0.0,0.0,0.0,0.0,0.0,0.0,,,,,,,,
xgboost,holdout_attack,2026,top50,,False,0.12361811155913978,0.6912000608086353,0.9734730901028018,0.9511186387269576,0.0012725452601930875,,0.2725772585050243,24.514086723327637,0.327103853225708,257792.74431785464,215675,84325,50,9.0,xgboost_holdout_attack_top50_seed2026.json,0.9793521122073774,0.998727454739807,0.9889448924731182,58937.0,0.0,0.0,0.0,0.0,0.0,0.0,0.0,0.0,0.0,0.0,0.0,2399.0,0.0,0.0,0.0,0.0,0.0,0.0,0.0,18042.0,0.0,0.0,0.0,4947.0,0.0,0.0,0.0,0.0,0.0,0.0,0.0,0.0,,,,,,,,
xgboost,holdout_attack,3141,top50,,False,0.10995432563138098,0.6916501963549399,0.9749727525935494,0.9513549708523712,8.483635067953917e-05,,0.27621760758669933,21.80640697479248,0.18494558334350586,455944.9243152795,215675,84325,50,9.0,xgboost_holdout_attack_top50_seed3141.json,0.9794737979290974,0.9999151636493204,0.9895889306824288,58937.0,0.0,0.0,0.0,0.0,0.0,0.0,0.0,0.0,0.0,0.0,0.0,2399.0,0.0,0.0,0.0,0.0,0.0,0.0,0.0,18042.0,0.0,0.0,0.0,4947.0,0.0,0.0,0.0,0.0,0.0,0.0,0.0,0.0,,,,,,,,
xgboost,holdout_attack,42,top50,,False,0.12372348287619464,0.6917892354840708,0.9754720025818945,0.9524184654167324,0.00013573816108726266,,0.2568125373015529,19.378171682357788,0.2818140983581543,299222.07757268526,215675,84325,50,9.0,xgboost_holdout_attack_top50_seed42.json,0.9799125330495368,0.9998642618389127,0.9897878630095571,58937.0,0.0,0.0,0.0,0.0,0.0,0.0,0.0,0.0,0.0,0.0,0.0,2399.0,0.0,0.0,0.0,0.0,0.0,0.0,0.0,18042.0,0.0,0.0,0.0,4947.0,0.0,0.0,0.0,0.0,0.0,0.0,0.0,0.0,,,,,,,,
xgboost,holdout_attack,4242,top50,,False,0.12358505617788824,0.6910152344814657,0.9728028407715277,0.9495824799117694,0.0011537743692417327,,0.2627204786445067,16.53349804878235,0.31879377365112305,264512.69431718066,215675,84325,50,9.0,xgboost_holdout_attack_top50_seed4242.json,0.9787195132088646,0.9988462256307583,0.988680449423106,58937.0,0.0,0.0,0.0,0.0,0.0,0.0,0.0,0.0,0.0,0.0,0.0,2399.0,0.0,0.0,0.0,0.0,0.0,0.0,0.0,18042.0,0.0,0.0,0.0,4947.0,0.0,0.0,0.0,0.0,0.0,0.0,0.0,0.0,,,,,,,,
xgboost,holdout_attack,456,top50,,False,0.14135807947194592,0.6915926226963124,0.9747617509287676,0.9508035292264062,1.6967270135907833e-05,,0.25107565441972446,14.962900876998901,0.3431992530822754,245702.7491833868,215675,84325,50,9.0,xgboost_holdout_attack_top50_seed456.json,0.979247320760987,0.9999830327298641,0.9895065563036215,58937.0,0.0,0.0,0.0,0.0,0.0,0.0,0.0,0.0,0.0,0.0,0.0,2399.0,0.0,0.0,0.0,0.0,0.0,0.0,0.0,18042.0,0.0,0.0,0.0,4947.0,0.0,0.0,0.0,0.0,0.0,0.0,0.0,0.0,,,,,,,,
xgboost,holdout_attack,5555,top50,,False,0.1236851612252785,0.6915749632620684,0.9747702724488151,0.9526547975421459,0.0008483635067953917,,0.26593390858995797,19.36987829208374,0.30771398544311523,274036.9433601468,215675,84325,50,9.0,xgboost_holdout_attack_top50_seed5555.json,0.9799963387641665,0.9991516364932046,0.989481289802228,58937.0,0.0,0.0,0.0,0.0,0.0,0.0,0.0,0.0,0.0,0.0,0.0,2399.0,0.0,0.0,0.0,0.0,0.0,0.0,0.0,18042.0,0.0,0.0,0.0,4947.0,0.0,0.0,0.0,0.0,0.0,0.0,0.0,0.0,,,,,,,,
xgboost,holdout_attack,6789,top50,,False,0.12371510938905185,0.6917424158493969,0.9753779871554831,0.9541515676697653,0.0010010689380185623,,0.2796792253402253,21.26349711418152,0.3215291500091553,262262.3796243635,215675,84325,50,9.0,xgboost_holdout_attack_top50_seed6789.json,0.9806135705006496,0.9989989310619815,0.9897208751124148,58937.0,0.0,0.0,0.0,0.0,0.0,0.0,0.0,0.0,0.0,0.0,0.0,2399.0,0.0,0.0,0.0,0.0,0.0,0.0,0.0,18042.0,0.0,0.0,0.0,4947.0,0.0,0.0,0.0,0.0,0.0,0.0,0.0,0.0,,,,,,,,
xgboost,holdout_attack,789,top50,,False,0.12368783775833522,0.6915899288669317,0.9748525177683371,0.9535607373562313,0.0011877089095135485,,0.25482395818450715,18.38626766204834,0.31609439849853516,266771.57330388686,215675,84325,50,9.0,xgboost_holdout_attack_top50_seed789.json,0.9803650534590147,0.9988122910904864,0.9895027020666818,58937.0,0.0,0.0,0.0,0.0,0.0,0.0,0.0,0.0,0.0,0.0,0.0,2399.0,0.0,0.0,0.0,0.0,0.0,0.0,0.0,18042.0,0.0,0.0,0.0,4947.0,0.0,0.0,0.0,0.0,0.0,0.0,0.0,0.0,,,,,,,,
xgboost,random,1011,full,,False,0.9983406656271647,0.9993332454041611,0.9998078084674098,0.9997254632807138,0.0001696712619300106,0.9999994309517424,0.9999730644529815,30.014347791671753,0.33014678955078125,181737.34199154208,240000,60000,89,9.0,xgboost_random_full_seed1011.json,0.9995759297739706,0.99983032873807,0.9997031130715074,23575.0,0.997845137192932,0.9995682832062167,0.998705966930266,6949.0,1.0,1.0,1.0,57.0,0.995850622406639,1.0,0.997920997920998,480.0,0.9959555106167847,0.9959555106167847,0.9959555106167847,989.0,0.9991659716430359,0.996119733924612,0.9976405274115198,3608.0,0.9989868287740629,0.9969666329625885,0.9979757085020243,989.0,0.9998670271707815,0.9995568947181851,0.9997119368920206,22568.0,0.9974522292993631,0.9974522292993631,0.9974522292993631,785.0,,,,,,,,
xgboost,random,123,full,,False,0.9968063383622395,0.999383308754564,0.9998901883270191,0.9999176389842142,0.00021208907741251324,0.9999990726009942,0.9999516977486768,26.5723819732666,0.30682969093322754,195548.22030915268,240000,60000,89,9.0,xgboost_random_full_seed123.json,0.9998727357570102,0.9997879109225875,0.9998303215406804,23575.0,0.997986770204199,0.9987048496186501,0.9983456807883191,6949.0,0.9824561403508771,0.9824561403508771,0.9824561403508771,57.0,0.9979166666666667,0.9979166666666667,0.9979166666666667,480.0,0.997979797979798,0.9989888776541962,0.9984840828701365,989.0,0.9969486823855755,0.996119733924612,0.9965340357687509,3608.0,0.9989878542510121,0.9979777553083923,0.9984825493171472,989.0,0.9998227657406177,0.9998670684154555,0.9998449165872787,22568.0,1.0,0.9987261146496815,0.9993626513702996,785.0,,,,,,,,
xgboost,random,2026,full,,False,0.9993182638310382,0.9993999901674511,0.999739129240866,0.9995058339052848,4.241781548250265e-05,0.9999990771977908,0.9999947118729325,34.132678270339966,0.34448719024658203,174171.9335254595,240000,60000,89,9.0,xgboost_random_full_seed2026.json,0.9992370295015259,0.9999575821845175,0.9995971759916891,23575.0,0.9988489208633093,0.9989926608145057,0.9989207856680337,6949.0,1.0,1.0,1.0,57.0,1.0,1.0,1.0,480.0,0.9989888776541962,0.9989888776541962,0.9989888776541962,989.0,0.9980593290823399,0.9977827050997783,0.997920997920998,3608.0,1.0,0.9989888776541962,0.9994941831057157,989.0,0.999955656068467,0.9992024104927331,0.9995788913761386,22568.0,0.9987277353689568,1.0,0.9993634627625716,785.0,,,,,,,,
xgboost,random,3141,full,,False,0.9985095275181765,0.9994166037913119,0.999835255354201,0.9996980096087852,4.241781548250265e-05,0.9999981154894423,0.999977657602255,27.625280380249023,0.34485864639282227,173984.32844179028,240000,60000,89,9.0,xgboost_random_full_seed3141.json,0.9995336018655926,0.9999575821845175,0.9997455470737914,23575.0,0.9984184040258807,0.9992804720103612,0.998849252013809,6949.0,1.0,1.0,1.0,57.0,0.995850622406639,1.0,0.997920997920998,480.0,0.9979695431472081,0.993933265925177,0.9959473150962512,989.0,0.9986122675548155,0.9972283813747228,0.9979198446817362,3608.0,1.0,0.9979777553083923,0.9989878542510121,989.0,1.0,0.9995125841900036,0.9997562326869807,22568.0,0.9949302915082383,1.0,0.9974587039390089,785.0,,,,,,,,
xgboost,random,42,full,,False,0.9983689172929933,0.999349980032424,0.9997803404722679,0.9996431022649279,0.00012725344644750795,0.9999992300551113,0.9999837894433443,34.590622425079346,0.33188772201538086,180784.03032101135,240000,60000,89,9.0,xgboost_random_full_seed42.json,0.9994488022047912,0.9998727465535525,0.9996607294317218,23575.0,0.9987055947073206,0.9992804720103612,0.998992950654582,6949.0,1.0,1.0,1.0,57.0,0.997920997920998,1.0,0.9989594172736732,480.0,0.9959555106167847,0.9959555106167847,0.9959555106167847,989.0,0.9986126526082131,0.9975055432372506,0.9980587909040488,3608.0,1.0,0.9969666329625885,0.9984810126582279,989.0,0.9998670153818875,0.999468273661822,0.9996676047598998,22568.0,0.9949109414758269,0.9961783439490446,0.9955442393380013,785.0,,,,,,,,
xgboost,random,4242,full,,False,0.9977024691781915,0.9994666839433682,0.9998627316403569,0.9998627316403569,0.00021208907741251324,0.9999995282910391,0.9999445720091953,29.49245834350586,0.31856226921081543,188346.2223842137,240000,60000,89,9.0,xgboost_random_full_seed4242.json,0.9997879109225875,0.9997879109225875,0.9997879109225875,23575.0,0.9987054085155351,0.9991365664124334,0.9989209409395008,6949.0,0.9827586206896551,1.0,0.991304347826087,57.0,0.995850622406639,1.0,0.997920997920998,480.0,0.9989858012170385,0.9959555106167847,0.9974683544303797,989.0,0.9983356449375866,0.9975055432372506,0.9979204214612505,3608.0,0.9979757085020243,0.9969666329625885,0.9974709155285787,989.0,0.9998227500332344,0.9997784473590925,0.9998005982053838,22568.0,0.9974587039390089,1.0,0.9987277353689568,785.0,,,,,,,,
xgboost,random,456,full,,False,0.9991373128806786,0.9993665351157724,0.999794100286887,0.9998078242964996,0.0003393425238600212,0.9999992138919337,0.9999767613546149,30.51314401626587,0.32861995697021484,182581.72922053613,240000,60000,89,9.0,xgboost_random_full_seed456.json,0.9997030626961907,0.99966065747614,0.9996818596364716,23575.0,0.9977011494252873,0.9992804720103612,0.9984901862103673,6949.0,1.0,1.0,1.0,57.0,0.997920997920998,1.0,0.9989594172736732,480.0,1.0,0.9979777553083923,0.9989878542510121,989.0,0.9986099527383931,0.9955654101995566,0.9970853573907009,3608.0,1.0,1.0,1.0,989.0,0.9996455314812354,0.9996898263027295,0.9996676784013115,22568.0,0.9987277353689568,1.0,0.9993634627625716,785.0,,,,,,,,
xgboost,random,5555,full,,False,0.9987547699501876,0.9993167314637796,0.9997666213637549,0.9996705559368566,0.00021208907741251324,0.9999980768077177,0.9998488679378629,28.794618606567383,0.3257112503051758,184212.24303361608,240000,60000,89,9.0,xgboost_random_full_seed5555.json,0.9994911373081163,0.9997879109225875,0.9996395020887673,23575.0,0.998704476752555,0.9984170384227946,0.9985607369027059,6949.0,1.0,1.0,1.0,57.0,0.9937888198757764,1.0,0.9968847352024922,480.0,1.0,0.9969666329625885,0.9984810126582279,989.0,0.9969529085872576,0.9975055432372506,0.9972291493488501,3608.0,0.9989888776541962,0.9989888776541962,0.9989888776541962,989.0,0.999822695035461,0.999468273661822,0.999645452933877,22568.0,0.9987277353689568,1.0,0.9993634627625716,785.0,,,,,,,,
xgboost,random,6789,full,,False,0.998381069154592,0.999166744937296,0.9996979764421625,0.9995881949210706,0.00029692470837751854,0.9999933732751081,0.9993021614758703,29.8953537940979,0.30740928649902344,195179.529816158,240000,60000,89,9.0,xgboost_random_full_seed6789.json,0.9993639486070475,0.9997030752916225,0.9995334831841893,23575.0,0.9989916450590608,0.9979853216290113,0.998488229789072,6949.0,1.0,1.0,1.0,57.0,0.9958419958419958,0.9979166666666667,0.9968782518210197,480.0,0.9979736575481256,0.9959555106167847,0.9969635627530364,989.0,0.9958517699115044,0.998059866962306,0.9969545957918051,3608.0,0.9989888776541962,0.9989888776541962,0.9989888776541962,989.0,0.9996897300651567,0.999379652605459,0.9995346672871103,22568.0,0.9987244897959183,0.9974522292993631,0.9980879541108987,785.0,,,,,,,,
xgboost,random,789,full,,False,0.9993283802391968,0.9995499505590625,0.9998764499965681,0.9998078242964996,8.48356309650053e-05,0.9999993213402605,0.9999919510244616,35.297402143478394,0.34012508392333984,176405.68965952328,240000,60000,89,9.0,xgboost_random_full_seed789.json,0.9997031382527566,0.999915164369035,0.999809140069982,23575.0,0.9984184040258807,0.9992804720103612,0.998849252013809,6949.0,1.0,1.0,1.0,57.0,1.0,1.0,1.0,480.0,1.0,0.9979777553083923,0.9989878542510121,989.0,0.998611882287618,0.9969512195121951,0.9977808599167822,3608.0,1.0,1.0,1.0,989.0,0.9999113593050569,0.9996898263027295,0.9998005805322284,22568.0,0.9974587039390089,1.0,0.9987277353689568,785.0,,,,,,,,
xgboost,random,1011,top20,,False,0.998363936847046,0.9993498923994127,0.9998078084674098,0.9997254632807138,0.0001696712619300106,0.9999995555131189,0.9999776812541915,19.053518295288086,0.33435988426208496,179447.36442416502,240000,60000,20,9.0,xgboost_random_top20_seed1011.json,0.9995759297739706,0.99983032873807,0.9997031130715074,23575.0,0.9978454467107153,0.9997121888041445,0.998777945510747,6949.0,1.0,1.0,1.0,57.0,0.995850622406639,1.0,0.997920997920998,480.0,0.9969635627530364,0.9959555106167847,0.9964592817400101,989.0,0.9994438264738599,0.996119733924612,0.9977790116601888,3608.0,0.9979757085020243,0.9969666329625885,0.9974709155285787,989.0,0.9998670271707815,0.9995568947181851,0.9997119368920206,22568.0,0.9974522292993631,0.9974522292993631,0.9974522292993631,785.0,,,,,,,,
xgboost,random,123,top20,,False,0.9969586783334687,0.9995167019726973,0.9998490110221954,0.9998901853122856,0.00029692470837751854,0.9999994979811587,0.9999519425999925,18.48459815979004,0.31716156005859375,189178.03276322436,240000,60000,20,9.0,xgboost_random_top20_seed123.json,0.9998303071440693,0.9997030752916225,0.9997666871699153,23575.0,0.998849252013809,0.9992804720103612,0.9990648154809006,6949.0,0.9824561403508771,0.9824561403508771,0.9824561403508771,57.0,0.9958419958419958,0.9979166666666667,0.9968782518210197,480.0,0.997979797979798,0.9989888776541962,0.9984840828701365,989.0,0.9977827050997783,0.9977827050997783,0.9977827050997783,3608.0,1.0,0.9979777553083923,0.9989878542510121,989.0,0.9998227657406177,0.9998670684154555,0.9998449165872787,22568.0,1.0,0.9987261146496815,0.9993626513702996,785.0,,,,,,,,
xgboost,random,2026,top20,,False,0.9991382730288922,0.9993334065479095,0.9996979515624141,0.9995058339052848,0.0001696712619300106,0.9999983448276573,0.9999932218638575,18.29811692237854,0.3184933662414551,188386.9692736803,240000,60000,20,9.0,xgboost_random_top20_seed2026.json,0.9992369324685234,0.99983032873807,0.99953354253244,23575.0,0.9989925158318941,0.9988487552165779,0.9989206303518745,6949.0,1.0,1.0,1.0,57.0,1.0,1.0,1.0,480.0,0.9989878542510121,0.9979777553083923,0.9984825493171472,989.0,0.9969545957918051,0.998059866962306,0.9975069252077562,3608.0,1.0,0.9989888776541962,0.9994941831057157,989.0,0.999955656068467,0.9992024104927331,0.9995788913761386,22568.0,0.9974587039390089,1.0,0.9987277353689568,785.0,,,,,,,,
xgboost,random,3141,top20,,False,0.9986832314787883,0.9994666043034054,0.999835255354201,0.9996980096087852,4.241781548250265e-05,0.9999982342951337,0.9999731801052923,19.87159490585327,0.29700279235839844,202018.30266833637,240000,60000,20,9.0,xgboost_random_top20_seed3141.json,0.9995336018655926,0.9999575821845175,0.9997455470737914,23575.0,0.9984188587034641,0.9995682832062167,0.998993240327916,6949.0,1.0,1.0,1.0,57.0,0.995850622406639,1.0,0.997920997920998,480.0,0.9979716024340771,0.9949443882709808,0.9964556962025316,989.0,0.9991668980838656,0.9972283813747228,0.9981966985712304,3608.0,1.0,0.9979777553083923,0.9989878542510121,989.0,1.0,0.9995125841900036,0.9997562326869807,22568.0,0.9961928934010152,1.0,0.9980928162746344,785.0,,,,,,,,
xgboost,random,42,top20,,False,0.9981795333500614,0.9991831142728492,0.9997528898163147,0.9996431022649279,0.00021208907741251324,0.999998898987585,0.9999779989374176,18.816357612609863,0.3625915050506592,165475.47078251914,240000,60000,20,9.0,xgboost_random_top20_seed42.json,0.9994487554594411,0.9997879109225875,0.9996183044234276,23575.0,0.9968436154949785,0.9998560944020722,0.9983475824412673,6949.0,1.0,1.0,1.0,57.0,0.997920997920998,1.0,0.9989594172736732,480.0,0.9969635627530364,0.9959555106167847,0.9964592817400101,989.0,0.9994425863991081,0.9939024390243902,0.9966648137854364,3608.0,1.0,0.9979777553083923,0.9989878542510121,989.0,0.9998670153818875,0.999468273661822,0.9996676047598998,22568.0,0.9936467598475223,0.9961783439490446,0.9949109414758269,785.0,,,,,,,,
xgboost,random,4242,top20,,False,0.9966638508532153,0.9993832293249448,0.9998215535819687,0.9998352779684283,0.00029692470837751854,0.9999993901087455,0.9999264010869635,21.47899842262268,0.3347666263580322,179229.33553068736,240000,60000,20,9.0,xgboost_random_top20_seed4242.json,0.9997454823110206,0.9997030752916225,0.9997242783516087,23575.0,0.997701809824763,0.9995682832062167,0.9986341743943642,6949.0,0.9824561403508771,0.9824561403508771,0.9824561403508771,57.0,0.995850622406639,1.0,0.997920997920998,480.0,0.9979736575481256,0.9959555106167847,0.9969635627530364,989.0,0.9991659716430359,0.996119733924612,0.9976405274115198,3608.0,0.9979757085020243,0.9969666329625885,0.9974709155285787,989.0,0.9998227500332344,0.9997784473590925,0.9998005982053838,22568.0,0.9987277353689568,1.0,0.9993634627625716,785.0,,,,,,,,
xgboost,random,456,top20,,False,0.9989697191040707,0.9993498612824604,0.9997666469918052,0.999780370624571,0.00038176033934252384,0.9999989439479029,0.9999576107966137,20.78314733505249,0.33478307723999023,179220.52839304306,240000,60000,20,9.0,xgboost_random_top20_seed456.json,0.9996606430813608,0.9996182396606574,0.9996394409213345,23575.0,0.9975585236248743,0.9995682832062167,0.9985623921794134,6949.0,1.0,1.0,1.0,57.0,0.995850622406639,1.0,0.997920997920998,480.0,1.0,0.9979777553083923,0.9989878542510121,989.0,0.9991652754590985,0.9952882483370288,0.9972229936128854,3608.0,1.0,1.0,1.0,989.0,0.9996455314812354,0.9996898263027295,0.9996676784013115,22568.0,0.9987261146496815,0.9987261146496815,0.9987261146496815,785.0,,,,,,,,
xgboost,random,5555,top20,,False,0.9988146028430263,0.9993500627096259,0.9997528898163147,0.9996431022649279,0.00021208907741251324,0.9999972965179427,0.999562807940817,22.290124893188477,0.3222784996032715,186174.38046242826,240000,60000,20,9.0,xgboost_random_top20_seed5555.json,0.9994487554594411,0.9997879109225875,0.9996183044234276,23575.0,0.9989920806335493,0.9984170384227946,0.998704476752555,6949.0,1.0,1.0,1.0,57.0,0.9937888198757764,1.0,0.9968847352024922,480.0,1.0,0.9969666329625885,0.9984810126582279,989.0,0.9972306840210468,0.998059866962306,0.9976451031998892,3608.0,0.9989888776541962,0.9989888776541962,0.9989888776541962,989.0,0.999822695035461,0.999468273661822,0.999645452933877,22568.0,0.9987277353689568,1.0,0.9993634627625716,785.0,,,,,,,,
xgboost,random,6789,top20,,False,0.9984095656014433,0.9991333805887271,0.9996704654675271,0.9993960192175704,8.48356309650053e-05,0.9999944824926276,0.9997307893422184,21.88480043411255,0.32978200912475586,181938.36637492897,240000,60000,20,9.0,xgboost_random_top20_seed6789.json,0.9990675990675991,0.999915164369035,0.9994912020351918,23575.0,0.9987041036717063,0.9981292272269391,0.9984165826975673,6949.0,1.0,1.0,1.0,57.0,0.995850622406639,1.0,0.997920997920998,480.0,0.9979757085020243,0.9969666329625885,0.9974709155285787,989.0,0.9966768208252562,0.9975055432372506,0.9970910098351572,3608.0,1.0,0.9979777553083923,0.9989878542510121,989.0,0.9999113042706994,0.9990694789081885,0.9994902143316267,22568.0,0.9961832061068703,0.9974522292993631,0.9968173138128581,785.0,,,,,,,,
xgboost,random,789,top20,,False,0.999225807785279,0.9995333058002377,0.999835264400637,0.9997529169526425,0.00012725344644750795,0.9999995144959508,0.9999945561028399,18.770167112350464,0.30586910247802734,196162.3436754623,240000,60000,20,9.0,xgboost_random_top20_seed789.json,0.9996183367965735,0.9998727465535525,0.9997455254898634,23575.0,0.9988490864623795,0.9991365664124334,0.9989928057553957,6949.0,1.0,1.0,1.0,57.0,1.0,1.0,1.0,480.0,1.0,0.9979777553083923,0.9989878542510121,989.0,0.9983356449375866,0.9975055432372506,0.9979204214612505,3608.0,0.998989898989899,1.0,0.9994946942900454,989.0,0.9999113593050569,0.9996898263027295,0.9998005805322284,22568.0,0.9974554707379135,0.9987261146496815,0.9980903882877148,785.0,,,,,,,,
xgboost,random,1011,top20_stable,,False,0.9982994889048113,0.9992999035964841,0.9997940833276134,0.9997254632807138,0.00021208907741251324,0.999999516393183,0.9999804329732938,17.739216327667236,0.3198103904724121,187611.16520126257,240000,60000,20,9.0,xgboost_random_top20_stable_seed1011.json,0.9995759117896522,0.9997879109225875,0.9996819001166366,23575.0,0.997701809824763,0.9995682832062167,0.9986341743943642,6949.0,1.0,1.0,1.0,57.0,0.995850622406639,1.0,0.997920997920998,480.0,0.9959555106167847,0.9959555106167847,0.9959555106167847,989.0,0.9988879621907145,0.9958425720620843,0.9973629424011103,3608.0,0.9989868287740629,0.9969666329625885,0.9979757085020243,989.0,0.9998670271707815,0.9995568947181851,0.9997119368920206,22568.0,0.9974522292993631,0.9974522292993631,0.9974522292993631,785.0,,,,,,,,
xgboost,random,123,top20_stable,,False,0.9965717048551291,0.9994000170256423,0.9998352824905288,0.9998627316403569,0.00029692470837751854,0.9999993141145394,0.9999527938199722,23.499428272247314,0.3256187438964844,184264.57667029838,240000,60000,20,9.0,xgboost_random_top20_stable_seed123.json,0.9997878929283502,0.9997030752916225,0.9997454823110206,23575.0,0.9984179490867252,0.9989926608145057,0.998705222270177,6949.0,0.9824561403508771,0.9824561403508771,0.9824561403508771,57.0,0.9958419958419958,0.9979166666666667,0.9968782518210197,480.0,0.9989878542510121,0.9979777553083923,0.9984825493171472,989.0,0.997504159733777,0.9969512195121951,0.9972276129747712,3608.0,1.0,0.9979777553083923,0.9989878542510121,989.0,0.9998227657406177,0.9998670684154555,0.9998449165872787,22568.0,0.9961832061068703,0.9974522292993631,0.9968173138128581,785.0,,,,,,,,
xgboost,random,2026,top20_stable,,False,0.999161629523866,0.99935005797925,0.9996979515624141,0.9995058339052848,0.0001696712619300106,0.9999989562896415,0.9999945400163506,24.011574029922485,0.3345918655395508,179322.9488805598,240000,60000,20,9.0,xgboost_random_top20_stable_seed2026.json,0.9992369324685234,0.99983032873807,0.99953354253244,23575.0,0.9989926608145057,0.9989926608145057,0.9989926608145057,6949.0,1.0,1.0,1.0,57.0,1.0,1.0,1.0,480.0,0.9989878542510121,0.9979777553083923,0.9984825493171472,989.0,0.9972306840210468,0.998059866962306,0.9976451031998892,3608.0,1.0,0.9989888776541962,0.9994941831057157,989.0,0.999955656068467,0.9992024104927331,0.9995788913761386,22568.0,0.9974587039390089,1.0,0.9987277353689568,785.0,,,,,,,,
xgboost,random,3141,top20_stable,,False,0.9982452988885863,0.9993665928680071,0.9998215241834731,0.9996705559368566,4.241781548250265e-05,0.9999985436781963,0.9999878435185914,17.306834936141968,0.3136169910430908,191316.16498340815,240000,60000,20,9.0,xgboost_random_top20_stable_seed3141.json,0.9994912236072246,0.9999575821845175,0.9997243485083014,23575.0,0.9984181765890136,0.9991365664124334,0.9987772423218011,6949.0,1.0,1.0,1.0,57.0,0.995850622406639,1.0,0.997920997920998,480.0,0.9979674796747967,0.9929221435793731,0.9954384186517993,989.0,0.9986122675548155,0.9972283813747228,0.9979198446817362,3608.0,0.9989878542510121,0.9979777553083923,0.9984825493171472,989.0,1.0,0.9995125841900036,0.9997562326869807,22568.0,0.9936628643852978,0.9987261146496815,0.9961880559085133,785.0,,,,,,,,
xgboost,random,42,top20_stable,,False,0.9984436625081187,0.9993332502011478,0.9997391507296916,0.9995881949210706,0.0001696712619300106,0.9999941756523647,0.999832768430191,22.58148169517517,0.3289511203765869,182397.91957939323,240000,60000,20,9.0,xgboost_random_top20_stable_seed42.json,0.9993640295090308,0.99983032873807,0.999597124742902,23575.0,0.9985621854780733,0.999424377608289,0.9989930955120828,6949.0,1.0,1.0,1.0,57.0,0.997920997920998,1.0,0.9989594172736732,480.0,0.9979736575481256,0.9959555106167847,0.9969635627530364,989.0,0.9986122675548155,0.9972283813747228,0.9979198446817362,3608.0,1.0,0.9979777553083923,0.9989878542510121,989.0,0.9998670153818875,0.999468273661822,0.9996676047598998,22568.0,0.9949044585987261,0.9949044585987261,0.9949044585987261,785.0,,,,,,,,
xgboost,random,4242,top20_stable,,False,0.9977493043681629,0.9995000350689992,0.9998627316403569,0.9998627316403569,0.00021208907741251324,0.999999324963849,0.9999270419163651,20.674742460250854,0.31569933891296387,190054.24657079054,240000,60000,20,9.0,xgboost_random_top20_stable_seed4242.json,0.9997879109225875,0.9997879109225875,0.9997879109225875,23575.0,0.9989928057553957,0.9991365664124334,0.9990646809122958,6949.0,0.9827586206896551,1.0,0.991304347826087,57.0,0.995850622406639,1.0,0.997920997920998,480.0,0.9989858012170385,0.9959555106167847,0.9974683544303797,989.0,0.9983365677848628,0.998059866962306,0.9981981981981982,3608.0,0.9979757085020243,0.9969666329625885,0.9974709155285787,989.0,0.9998227500332344,0.9997784473590925,0.9998005982053838,22568.0,0.9974587039390089,1.0,0.9987277353689568,785.0,,,,,,,,
xgboost,random,456,top20_stable,,False,0.9988551714495136,0.9993166758173786,0.9997254783539682,0.999780370624571,0.0005090137857900318,0.9999991749747283,0.9999575054395373,30.379191637039185,0.31133484840393066,192718.5482370257,240000,60000,20,9.0,xgboost_random_top20_stable_seed456.json,0.9996605998896949,0.99949098621421,0.9995757858567005,23575.0,0.9978442081057776,0.9991365664124334,0.9984899690803193,6949.0,1.0,1.0,1.0,57.0,0.9937888198757764,1.0,0.9968847352024922,480.0,1.0,0.9979777553083923,0.9989878542510121,989.0,0.9983337961677312,0.9963968957871396,0.997364405604106,3608.0,1.0,1.0,1.0,989.0,0.9996455314812354,0.9996898263027295,0.9996676784013115,22568.0,0.9987261146496815,0.9987261146496815,0.9987261146496815,785.0,,,,,,,,
xgboost,random,5555,top20_stable,,False,0.9987781298766758,0.9993333864829147,0.9997666213637549,0.9996705559368566,0.00021208907741251324,0.99999800625485,0.9998361281021637,20.007290363311768,0.31760549545288086,188913.6077902073,240000,60000,20,9.0,xgboost_random_top20_stable_seed5555.json,0.9994911373081163,0.9997879109225875,0.9996395020887673,23575.0,0.9987046632124352,0.9985609440207224,0.9986327984457077,6949.0,1.0,1.0,1.0,57.0,0.9937888198757764,1.0,0.9968847352024922,480.0,1.0,0.9969666329625885,0.9984810126582279,989.0,0.9972291493488501,0.9975055432372506,0.9973673271442428,3608.0,0.9989888776541962,0.9989888776541962,0.9989888776541962,989.0,0.999822695035461,0.999468273661822,0.999645452933877,22568.0,0.9987277353689568,1.0,0.9993634627625716,785.0,,,,,,,,
xgboost,random,6789,top20_stable,,False,0.9984193571188593,0.999233376692103,0.9996979764421625,0.9995881949210706,0.00029692470837751854,0.999994417141283,0.99958137934425,24.427992343902588,0.3166022300720215,189512.2469173734,240000,60000,20,9.0,xgboost_random_top20_stable_seed6789.json,0.9993639486070475,0.9997030752916225,0.9995334831841893,23575.0,0.9991359447004609,0.9984170384227946,0.9987763621967898,6949.0,1.0,1.0,1.0,57.0,0.9958419958419958,0.9979166666666667,0.9968782518210197,480.0,0.9979757085020243,0.9969666329625885,0.9974709155285787,989.0,0.9969554386936064,0.9983370288248337,0.9976457554355352,3608.0,0.9989878542510121,0.9979777553083923,0.9984825493171472,989.0,0.9996897300651567,0.999379652605459,0.9995346672871103,22568.0,0.9974522292993631,0.9974522292993631,0.9974522292993631,785.0,,,,,,,,
xgboost,random,789,top20_stable,,False,0.9991663424654376,0.9995332978533028,0.999862724102902,0.9998078242964996,0.00012725344644750795,0.9999995023654675,0.9999940274191688,18.70048189163208,0.33895039558410645,177017.0525884863,240000,60000,20,9.0,xgboost_random_top20_stable_seed789.json,0.999703125662666,0.9998727465535525,0.9997879289137719,23575.0,0.998561978717285,0.9992804720103612,0.9989210961662951,6949.0,1.0,1.0,1.0,57.0,1.0,1.0,1.0,480.0,0.9989878542510121,0.9979777553083923,0.9984825493171472,989.0,0.9986122675548155,0.9972283813747228,0.9979198446817362,3608.0,0.998989898989899,1.0,0.9994946942900454,989.0,0.9999113593050569,0.9996898263027295,0.9998005805322284,22568.0,0.9974554707379135,0.9987261146496815,0.9980903882877148,785.0,,,,,,,,
xgboost,random,1011,top50,,False,0.9983406656271647,0.9993332454041611,0.9998078084674098,0.9997254632807138,0.0001696712619300106,0.9999994081290562,0.9999729576917574,24.923242568969727,0.3093888759613037,193930.6958389299,240000,60000,50,9.0,xgboost_random_top50_seed1011.json,0.9995759297739706,0.99983032873807,0.9997031130715074,23575.0,0.997845137192932,0.9995682832062167,0.998705966930266,6949.0,1.0,1.0,1.0,57.0,0.995850622406639,1.0,0.997920997920998,480.0,0.9959555106167847,0.9959555106167847,0.9959555106167847,989.0,0.9991659716430359,0.996119733924612,0.9976405274115198,3608.0,0.9989868287740629,0.9969666329625885,0.9979757085020243,989.0,0.9998670271707815,0.9995568947181851,0.9997119368920206,22568.0,0.9974522292993631,0.9974522292993631,0.9974522292993631,785.0,,,,,,,,
xgboost,random,123,top50,,False,0.9978866893443872,0.9994333425196712,0.9999039134672139,0.9999176389842142,0.0001696712619300106,0.9999991379472262,0.9999525065902736,23.395697832107544,0.3157675266265869,190013.20573078885,240000,60000,50,9.0,xgboost_random_top50_seed123.json,0.9998727411555103,0.99983032873807,0.9998515344970201,23575.0,0.9979870596693027,0.9988487552165779,0.9984177215189873,6949.0,0.9827586206896551,1.0,0.991304347826087,57.0,0.9979166666666667,0.9979166666666667,0.9979166666666667,480.0,0.997979797979798,0.9989888776541962,0.9984840828701365,989.0,0.9975020815986678,0.996119733924612,0.9968104285119955,3608.0,1.0,0.9979777553083923,0.9989878542510121,989.0,0.9998227657406177,0.9998670684154555,0.9998449165872787,22568.0,1.0,0.9987261146496815,0.9993626513702996,785.0,,,,,,,,
xgboost,random,2026,top50,,False,0.9984462226367375,0.9994167323249734,0.999739129240866,0.9995058339052848,4.241781548250265e-05,0.9999991203845658,0.9999953647950789,23.969281673431396,0.3369917869567871,178045.8821914668,240000,60000,50,9.0,xgboost_random_top50_seed2026.json,0.9992370295015259,0.9999575821845175,0.9995971759916891,23575.0,0.9989926608145057,0.9989926608145057,0.9989926608145057,6949.0,0.9827586206896551,1.0,0.991304347826087,57.0,1.0,1.0,1.0,480.0,0.9989888776541962,0.9989888776541962,0.9989888776541962,989.0,0.998059866962306,0.998059866962306,0.998059866962306,3608.0,1.0,0.9989888776541962,0.9994941831057157,989.0,0.999955656068467,0.9992024104927331,0.9995788913761386,22568.0,1.0,1.0,1.0,785.0,,,,,,,,
xgboost,random,3141,top50,,False,0.9984757944435158,0.9993832728657954,0.9998215241834731,0.9996705559368566,4.241781548250265e-05,0.9999984208650259,0.9999799476096973,22.438204526901245,0.3249218463897705,184659.7902439132,240000,60000,50,9.0,xgboost_random_top50_seed3141.json,0.9994912236072246,0.9999575821845175,0.9997243485083014,23575.0,0.9984179490867252,0.9989926608145057,0.998705222270177,6949.0,1.0,1.0,1.0,57.0,0.995850622406639,1.0,0.997920997920998,480.0,0.9979695431472081,0.993933265925177,0.9959473150962512,989.0,0.9983351831298557,0.9972283813747228,0.9977814753189129,3608.0,1.0,0.9979777553083923,0.9989878542510121,989.0,1.0,0.9995125841900036,0.9997562326869807,22568.0,0.9949302915082383,1.0,0.9974587039390089,785.0,,,,,,,,
xgboost,random,42,top50,,False,0.9983454949918156,0.9993333027856037,0.9997803404722679,0.9996431022649279,0.00012725344644750795,0.9999991881873337,0.9999831717206155,25.37844753265381,0.324251651763916,185041.46293041963,240000,60000,50,9.0,xgboost_random_top50_seed42.json,0.9994488022047912,0.9998727465535525,0.9996607294317218,23575.0,0.998561978717285,0.9992804720103612,0.9989210961662951,6949.0,1.0,1.0,1.0,57.0,0.997920997920998,1.0,0.9989594172736732,480.0,0.9959555106167847,0.9959555106167847,0.9959555106167847,989.0,0.9986122675548155,0.9972283813747228,0.9979198446817362,3608.0,1.0,0.9969666329625885,0.9984810126582279,989.0,0.9998670153818875,0.999468273661822,0.9996676047598998,22568.0,0.9949109414758269,0.9961783439490446,0.9955442393380013,785.0,,,,,,,,
xgboost,random,4242,top50,,False,0.9977492638092915,0.9995000206117665,0.9998627316403569,0.9998627316403569,0.00021208907741251324,0.9999995519196124,0.9999773888028203,23.994414806365967,0.2971963882446289,201886.70647845382,240000,60000,50,9.0,xgboost_random_top50_seed4242.json,0.9997879109225875,0.9997879109225875,0.9997879109225875,23575.0,0.998849252013809,0.9992804720103612,0.9990648154809006,6949.0,0.9827586206896551,1.0,0.991304347826087,57.0,0.995850622406639,1.0,0.997920997920998,480.0,0.9989858012170385,0.9959555106167847,0.9974683544303797,989.0,0.9986130374479889,0.9977827050997783,0.9981976985997505,3608.0,0.9979757085020243,0.9969666329625885,0.9974709155285787,989.0,0.9998227500332344,0.9997784473590925,0.9998005982053838,22568.0,0.9974587039390089,1.0,0.9987277353689568,785.0,,,,,,,,
xgboost,random,456,top50,,False,0.9991373128806786,0.9993665351157724,0.999794100286887,0.9998078242964996,0.0003393425238600212,0.9999991583431692,0.9999726287521287,25.348039388656616,0.29499149322509766,203395.69573355833,240000,60000,50,9.0,xgboost_random_top50_seed456.json,0.9997030626961907,0.99966065747614,0.9996818596364716,23575.0,0.9977011494252873,0.9992804720103612,0.9984901862103673,6949.0,1.0,1.0,1.0,57.0,0.997920997920998,1.0,0.9989594172736732,480.0,1.0,0.9979777553083923,0.9989878542510121,989.0,0.9986099527383931,0.9955654101995566,0.9970853573907009,3608.0,1.0,1.0,1.0,989.0,0.9996455314812354,0.9996898263027295,0.9996676784013115,22568.0,0.9987277353689568,1.0,0.9993634627625716,785.0,,,,,,,,
xgboost,random,5555,top50,,False,0.9987781890525476,0.9993334075509488,0.9997666213637549,0.9996705559368566,0.00021208907741251324,0.9999978822981297,0.9998162458030468,22.17412233352661,0.3292233943939209,182247.0730260714,240000,60000,50,9.0,xgboost_random_top50_seed5555.json,0.9994911373081163,0.9997879109225875,0.9996395020887673,23575.0,0.9988482579902102,0.9984170384227946,0.9986326016552717,6949.0,1.0,1.0,1.0,57.0,0.9937888198757764,1.0,0.9968847352024922,480.0,1.0,0.9969666329625885,0.9984810126582279,989.0,0.9969537524231514,0.9977827050997783,0.9973680565175232,3608.0,0.9989888776541962,0.9989888776541962,0.9989888776541962,989.0,0.999822695035461,0.999468273661822,0.999645452933877,22568.0,0.9987277353689568,1.0,0.9993634627625716,785.0,,,,,,,,
xgboost,random,6789,top50,,False,0.9984761906107332,0.9992000815394928,0.9996979764421625,0.9995881949210706,0.00029692470837751854,0.9999933001644412,0.9993092905051858,30.07248282432556,0.30618834495544434,195957.81808328148,240000,60000,50,9.0,xgboost_random_top50_seed6789.json,0.9993639486070475,0.9997030752916225,0.9995334831841893,23575.0,0.9991355712433367,0.9979853216290113,0.9985601151907847,6949.0,1.0,1.0,1.0,57.0,0.9958419958419958,0.9979166666666667,0.9968782518210197,480.0,0.9979757085020243,0.9969666329625885,0.9974709155285787,989.0,0.9961283185840708,0.9983370288248337,0.9972314507198228,3608.0,0.9989888776541962,0.9989888776541962,0.9989888776541962,989.0,0.9996897300651567,0.999379652605459,0.9995346672871103,22568.0,0.9987244897959183,0.9974522292993631,0.9980879541108987,785.0,,,,,,,,
xgboost,random,789,top50,,False,0.9991849129704077,0.9994832394135779,0.9998627203338641,0.999780370624571,8.48356309650053e-05,0.9999993334146059,0.9999917599189447,23.99152398109436,0.34505486488342285,173885.3907197369,240000,60000,50,9.0,xgboost_random_top50_seed789.json,0.9996607438191765,0.999915164369035,0.9997879379082195,23575.0,0.9979879275653923,0.9992804720103612,0.9986337815488603,6949.0,1.0,1.0,1.0,57.0,1.0,1.0,1.0,480.0,1.0,0.9979777553083923,0.9989878542510121,989.0,0.9986107252014449,0.996119733924612,0.9973636742056334,3608.0,1.0,1.0,1.0,989.0,0.9999113593050569,0.9996898263027295,0.9998005805322284,22568.0,0.9974554707379135,0.9987261146496815,0.9980903882877148,785.0,,,,,,,,
xgboost,temporal,1011,full,,False,0.9951773518500963,0.9956150903092588,0.998046677976982,0.9961009720112028,0.0,0.9995585719230056,0.9986206860368928,30.950197219848633,0.40506601333618164,222161.3194818037,210010,89990,89,9.0,xgboost_temporal_full_seed1011.json,0.994012481025468,1.0,0.9969972510044407,35361.0,0.9841269841269841,0.9994242947610823,0.9917166523850328,10422.0,1.0,1.0,1.0,84.0,0.9972222222222222,1.0,0.9986091794158554,718.0,0.9966307277628033,0.9979757085020243,0.9973027646662171,1482.0,0.9996191201675871,0.9698817442719881,0.9845259307887086,5412.0,1.0,0.9885367498314228,0.9942353340115293,1483.0,1.0,0.9940919295758005,0.9970372126096231,33852.0,0.9965957446808511,0.9957482993197279,0.9961718417694598,1176.0,,,,,,,,
xgboost,temporal,123,full,,False,0.9950841083880724,0.9947934109558942,0.9973939694250216,0.9948196961376533,2.8279743219931563e-05,0.999532198250109,0.9971199525593791,26.639020204544067,0.44971537590026855,200106.56700329704,210009,89991,89,9.0,xgboost_temporal_full_seed123.json,0.9920601520635188,0.99997172025678,0.9960002253394175,35361.0,0.9845775380830731,0.9984647860295529,0.9914725358486971,10422.0,1.0,1.0,1.0,85.0,0.990358126721763,1.0,0.9951557093425606,719.0,1.0,0.9959514170040485,0.9979716024340771,1482.0,0.9979107312440646,0.9708056171470806,0.9841715837782149,5412.0,0.9986440677966102,0.9932569116655429,0.9959432048681541,1483.0,1.0,0.9918170807361674,0.995891731553578,33851.0,0.99830220713073,1.0,0.9991503823279524,1176.0,,,,,,,,
xgboost,temporal,2026,full,,False,0.9747166527867255,0.9515751373599882,0.9663308263563691,0.9348550300190365,0.0,0.9991704594045875,0.9975789574525893,25.982725858688354,0.4344213008880615,207156.0483245934,210007,89993,89,9.0,xgboost_temporal_full_seed2026.json,0.9085560123329908,1.0,0.9520873440045233,35361.0,0.9318669527896996,1.0,0.9647320188836435,10422.0,1.0,1.0,1.0,85.0,0.9944674965421854,1.0,0.9972260748959778,719.0,0.9986495611073599,0.9979757085020243,0.9983125210934863,1482.0,1.0,0.8599408721359941,0.9246969998013114,5412.0,1.0,0.9865229110512129,0.9932157394843962,1484.0,1.0,0.8952499113789436,0.944730197325353,33852.0,0.9974489795918368,0.9974489795918368,0.9974489795918368,1176.0,,,,,,,,
xgboost,temporal,3141,full,,False,0.9841689587632642,0.960835990773221,0.969342514857089,0.9405088779059125,0.0,0.999037530912461,0.996686241692633,26.671804666519165,0.4375646114349365,205663.34124893273,210009,89991,89,9.0,xgboost_temporal_full_seed3141.json,0.915827095905312,1.0,0.9560644568215,35361.0,0.9765654293213348,0.9996161965073882,0.9879563774300616,10422.0,1.0,1.0,1.0,85.0,0.9944598337950139,1.0,0.9972222222222222,718.0,0.9993234100135318,0.9966261808367072,0.9979729729729729,1482.0,0.99961307796479,0.9549066715948993,0.9767485822306238,5411.0,0.9993183367416496,0.9878706199460916,0.9935615045747205,1484.0,0.9999020088192063,0.9042892591279688,0.9496951928893853,33852.0,0.9982993197278912,0.9982993197278912,0.9982993197278912,1176.0,,,,,,,,
xgboost,temporal,42,full,,False,0.9930724137588915,0.994638709046096,0.9987537570559343,0.9975106164885049,0.0,0.9994614998607274,0.9983295310853801,26.966567516326904,0.49781084060668945,180777.50153115226,210007,89993,89,9.0,xgboost_temporal_full_seed42.json,0.9961686903118573,1.0,0.9980806683790115,35361.0,0.9688516968851697,0.9998080982536941,0.9840865089483875,10422.0,1.0,1.0,1.0,85.0,0.9986111111111111,1.0,0.9993050729673384,719.0,0.9973063973063973,0.9986513823331086,0.9979784366576819,1483.0,1.0,0.9395787139689579,0.9688482423549586,5412.0,0.9993188010899182,0.9892110586648685,0.9942392409352762,1483.0,1.0,0.9961892945763914,0.9980910099889012,33852.0,0.9974468085106383,0.9965986394557823,0.9970225435984688,1176.0,,,,,,,,
xgboost,temporal,4242,full,,False,0.9940580306869788,0.9950810760935418,0.9977159525578579,0.9954423150842897,0.0,0.9993459009141925,0.9978559806878287,29.025932550430298,0.46985435485839844,191535.9495329607,210006,89994,89,9.0,xgboost_temporal_full_seed4242.json,0.9930075821398484,1.0,0.9964915247072748,35361.0,0.9833883907503539,0.9997121473805411,0.9914830851215682,10422.0,0.9883720930232558,1.0,0.9941520467836257,85.0,0.9917241379310345,1.0,0.9958448753462604,719.0,0.9993238674780257,0.9966284558327714,0.9979743416610398,1483.0,0.9992373689227836,0.9684035476718403,0.9835788683494416,5412.0,0.9993178717598908,0.987862440997977,0.9935571380128857,1483.0,1.0,0.9928512347867187,0.9964127953514571,33852.0,0.9966044142614601,0.9974511469838573,0.9970276008492569,1177.0,,,,,,,,
xgboost,temporal,456,full,,False,0.9776788785432051,0.9398489247178671,0.9512363692213178,0.9070073954748481,0.0,0.9992500032372571,0.9976445997206973,27.473127365112305,0.40349459648132324,223024.05232870416,210011,89989,89,9.0,xgboost_temporal_full_seed456.json,0.8743849064068643,1.0,0.9329832985937047,35361.0,0.9732860078460677,0.9998080982536941,0.9863687996970845,10422.0,1.0,1.0,1.0,84.0,0.9944598337950139,1.0,0.9972222222222222,718.0,0.9993243243243243,0.9973027646662171,0.9983125210934863,1483.0,1.0,0.9478839401219737,0.9732447817836812,5411.0,1.0,0.9898853674983142,0.994916977295832,1483.0,1.0,0.8501964491447815,0.9190337053535789,33851.0,0.9957591178965225,0.9982993197278912,0.9970276008492569,1176.0,,,,,,,,
xgboost,temporal,5555,full,,False,0.9938471662613788,0.9947663966335709,0.9985242761161881,0.9970529013362621,0.0,0.9994079327518265,0.9981019241023746,26.151671171188354,0.3547639846801758,253664.41884208744,210009,89991,89,9.0,xgboost_temporal_full_seed5555.json,0.9954675975451832,1.0,0.9977286514396964,35361.0,0.9717403469501958,0.9997121473805411,0.985527809307605,10422.0,1.0,1.0,1.0,84.0,0.9972260748959778,1.0,0.9986111111111111,719.0,1.0,0.9993252361673415,0.9996625042186973,1482.0,0.9996092986911506,0.9456662354463131,0.9718898385565052,5411.0,1.0,0.987862440997977,0.9938941655359566,1483.0,1.0,0.9954803261254874,0.997735044632944,33852.0,0.9991511035653651,1.0,0.9995753715498938,1177.0,,,,,,,,
xgboost,temporal,6789,full,,False,0.9776045272115987,0.9330184971185016,0.9438795236622333,0.8937233438890008,0.0,0.9992495887510694,0.9969864338329545,26.883556365966797,0.4225897789001465,212953.56511986098,210008,89992,89,9.0,xgboost_temporal_full_seed6789.json,0.8589647047392329,1.0,0.9241323437173322,35361.0,0.9854235683861808,0.9989445403953175,0.9921379901843999,10422.0,1.0,1.0,1.0,84.0,0.9958448753462604,1.0,0.9979181124219292,719.0,0.9986504723346828,0.9979770734996628,0.9983136593591906,1483.0,0.998292220113852,0.9720990391722099,0.9850215315483992,5412.0,1.0,0.9925826028320971,0.9962774957698816,1483.0,1.0,0.8287199787303181,0.9063388472473507,33851.0,0.9983007646559049,0.9983007646559049,0.9983007646559049,1177.0,,,,,,,,
xgboost,temporal,789,full,,False,0.9538400837294674,0.8529608342689646,0.8700229590253791,0.7699474657245886,0.0,0.9987211678544554,0.9964782655582743,28.371335744857788,0.5233032703399658,171969.11447072818,210008,89992,89,9.0,xgboost_temporal_full_seed789.json,0.7377787978050867,1.0,0.8491055348781367,35361.0,0.9838526912181303,0.9997121473805411,0.991719017704169,10422.0,1.0,1.0,1.0,85.0,0.9944598337950139,1.0,0.9972222222222222,718.0,0.9986486486486487,0.9966284558327714,0.9976375295308809,1483.0,0.9998093785741518,0.9691426459719142,0.9842371927190843,5412.0,1.0,0.9898853674983142,0.994916977295832,1483.0,1.0,0.6290212992230658,0.7722689685187871,33851.0,0.996607294317218,0.9983007646559049,0.9974533106960951,1177.0,,,,,,,,
xgboost,temporal,1011,top20,,False,0.9493839040395109,0.9659229035606874,0.9974950681286415,0.9950026542678797,0.0,0.9994341294324843,0.9968563529622395,16.613954544067383,0.5811748504638672,154841.52476345818,210010,89990,20,9.0,xgboost_temporal_top20_seed1011.json,0.9923387775719819,1.0,0.9961546587787873,35361.0,0.804416647363138,0.9996161965073882,0.8914559534505626,10422.0,1.0,1.0,1.0,84.0,0.9958391123439667,1.0,0.9979152189020153,718.0,0.9966261808367072,0.9966261808367072,0.9966261808367072,1482.0,1.0,0.5328898743532889,0.695274831243973,5412.0,1.0,0.9514497639919083,0.9751209398756047,1483.0,0.9999702849671649,0.9940919295758005,0.9970224427820161,33852.0,0.9974358974358974,0.9923469387755102,0.9948849104859335,1176.0,,,,,,,,
xgboost,temporal,123,top20,,False,0.9910677053871068,0.9933560124173898,0.9967494903862046,0.9935200439319055,0.0,0.9995244957138029,0.996622829432086,14.520496845245361,0.4397141933441162,204657.93772905093,210009,89991,20,9.0,xgboost_temporal_top20_seed123.json,0.9900881982360353,1.0,0.9950194158365693,35361.0,0.9781159011928243,0.9992323930147764,0.9885613935165409,10422.0,0.9883720930232558,1.0,0.9941520467836257,85.0,0.9944674965421854,1.0,0.9972260748959778,719.0,1.0,0.9959514170040485,0.9979716024340771,1482.0,0.9994216310005783,0.9578713968957872,0.9782054910840645,5412.0,1.0,0.947403910991234,0.9729916897506925,1483.0,1.0,0.9918466219609465,0.995906623557678,33851.0,0.9991503823279524,1.0,0.9995750106247344,1176.0,,,,,,,,
xgboost,temporal,2026,top20,,False,0.8478309802134522,0.9053618789674496,0.960273281759965,0.9236161956362572,5.6559486439863127e-05,0.9972098905398806,0.9803520272650696,20.8685622215271,0.4506533145904541,199694.5258946649,210007,89993,20,9.0,xgboost_temporal_top20_seed2026.json,0.8944399473843975,0.9999434405135601,0.9442538020909831,35361.0,0.8003993548882574,1.0,0.8891353495713006,10422.0,1.0,1.0,1.0,85.0,0.9986111111111111,1.0,0.9993050729673384,719.0,0.9986477349560514,0.9966261808367072,0.9976359338061466,1482.0,1.0,0.520879526977088,0.684971449398615,5412.0,1.0,0.10579514824797843,0.19134673979280925,1484.0,0.9693295062405264,0.8878648233486943,0.9268104657796142,33852.0,0.9982949701619779,0.9957482993197279,0.9970200085142614,1176.0,,,,,,,,
xgboost,temporal,3141,top20,,False,0.9698635918137364,0.951894871249187,0.9687296478427894,0.9393556653853194,0.0,0.9992082679894432,0.9967125607977887,22.682140111923218,0.4337179660797119,207487.36976106907,210009,89991,20,9.0,xgboost_temporal_top20_seed3141.json,0.9143352122873248,1.0,0.9552508948470319,35361.0,0.9145816872969889,0.9996161965073882,0.9552101957548251,10422.0,1.0,1.0,1.0,85.0,0.9958391123439667,1.0,0.9979152189020153,718.0,0.9993234100135318,0.9966261808367072,0.9979729729729729,1482.0,0.9995501574448943,0.8212899648863426,0.9016942274525718,5411.0,0.9992892679459844,0.9474393530997305,0.9726738152888273,1484.0,1.0,0.9043187994800898,0.9497556813774917,33852.0,0.9982993197278912,0.9982993197278912,0.9982993197278912,1176.0,,,,,,,,
xgboost,temporal,42,top20,,False,0.9902025459472399,0.9935454524807058,0.9982947982177891,0.99659540196222,0.0,0.9994329374956767,0.9981352913470327,15.775580167770386,0.4416654109954834,203758.31513987473,210007,89993,20,9.0,xgboost_temporal_top20_seed42.json,0.9947674909275044,1.0,0.9973768827212727,35361.0,0.9647254883807055,0.9998080982536941,0.9819535409697027,10422.0,1.0,1.0,1.0,85.0,0.9972260748959778,1.0,0.9986111111111111,719.0,0.9973045822102425,0.9979770734996628,0.9976407145264578,1483.0,1.0,0.9310790835181079,0.9643096354415845,5412.0,1.0,0.9554956169925826,0.9772413793103448,1483.0,1.0,0.9961892945763914,0.9980910099889012,33852.0,0.9965986394557823,0.9965986394557823,0.9965986394557823,1176.0,,,,,,,,
xgboost,temporal,4242,top20,,False,0.9904821331260868,0.9935649152337416,0.997136511316287,0.9943257737997181,5.6559486439863127e-05,0.9994066574162915,0.9971392802626361,18.59564185142517,0.4678843021392822,192342.42223670526,210006,89994,20,9.0,xgboost_temporal_top20_seed4242.json,0.9913089797863691,0.9999434405135601,0.9956074897930451,35361.0,0.9763823805060918,0.9996161965073882,0.9878626967570643,10422.0,0.9883720930232558,1.0,0.9941520467836257,85.0,0.9889958734525447,1.0,0.9944674965421854,719.0,0.9986504723346828,0.9979770734996628,0.9983136593591906,1483.0,0.99961307796479,0.954730229120473,0.9766562706738493,5412.0,1.0,0.947403910991234,0.9729916897506925,1483.0,1.0,0.9928512347867187,0.9964127953514571,33852.0,0.9982993197278912,0.9974511469838573,0.9978750531236719,1177.0,,,,,,,,
xgboost,temporal,456,top20,,False,0.9713323911051022,0.9368448500777303,0.9507629958993172,0.9061470308266822,0.0,0.9992480888447134,0.9976317787879699,16.39002752304077,0.4508349895477295,199605.18168803965,210011,89989,20,9.0,xgboost_temporal_top20_seed456.json,0.8733698873740368,1.0,0.9324051734366966,35361.0,0.9533394327538883,0.9998080982536941,0.9760209816410641,10422.0,0.9882352941176471,1.0,0.9940828402366864,84.0,0.9944598337950139,1.0,0.9972222222222222,718.0,0.9993243243243243,0.9973027646662171,0.9983125210934863,1483.0,1.0,0.9064867861763075,0.9509499806126406,5411.0,1.0,0.952124072825354,0.975474956822107,1483.0,1.0,0.8505214026173525,0.9192235241531241,33851.0,0.9982993197278912,0.9982993197278912,0.9982993197278912,1176.0,,,,,,,,
xgboost,temporal,5555,top20,,False,0.9701424522161114,0.979198935889333,0.9981294014084507,0.9962657880285557,0.0,0.9994116401853221,0.9977923614990521,15.85474967956543,0.4477965831756592,200964.01665641746,210009,89991,20,9.0,xgboost_temporal_top20_seed5555.json,0.9942640236187262,1.0,0.9971237627950258,35361.0,0.8678993836415125,0.9998080982536941,0.9291956482967719,10422.0,1.0,1.0,1.0,84.0,0.9986111111111111,1.0,0.9993050729673384,719.0,1.0,0.9993252361673415,0.9996625042186973,1482.0,0.9997392438070404,0.7085566438735909,0.8293316028552887,5411.0,1.0,0.959541469993257,0.9793530626290433,1483.0,1.0,0.9954803261254874,0.997735044632944,33852.0,0.9991511035653651,1.0,0.9995753715498938,1177.0,,,,,,,,
xgboost,temporal,6789,top20,,False,0.9748805871519775,0.9331548514529218,0.944348901470503,0.8945653566656294,0.0,0.9992960122967758,0.9968500072900712,15.45770525932312,0.4465370178222656,201533.12358936245,210008,89992,20,9.0,xgboost_temporal_top20_seed6789.json,0.8599255854672795,1.0,0.9246881619204519,35361.0,0.9854714651979869,0.9957781615812704,0.9905980050589415,10422.0,1.0,1.0,1.0,84.0,0.9917241379310345,1.0,0.9958448753462604,719.0,0.9986486486486487,0.9966284558327714,0.9976375295308809,1483.0,0.9918913822364699,0.9719142645971914,0.9818012132524498,5412.0,0.9992967651195499,0.9581928523263655,0.9783132530120482,1483.0,1.0,0.8315263950843402,0.9080146453975064,33851.0,0.9966044142614601,0.9974511469838573,0.9970276008492569,1177.0,,,,,,,,
xgboost,temporal,789,top20,,False,0.9545856921103015,0.8635731182598387,0.8804893542900469,0.7864948472478995,0.0,0.9986568766625616,0.9956684461233135,18.85181212425232,0.4470977783203125,201280.35602880447,210008,89992,20,9.0,xgboost_temporal_top20_seed789.json,0.7519617224880383,1.0,0.8584225475202097,35361.0,0.9785855170470555,0.9997121473805411,0.9890360244909583,10422.0,1.0,1.0,1.0,85.0,0.9972222222222222,1.0,0.9986091794158554,718.0,0.9986504723346828,0.9979770734996628,0.9983136593591906,1483.0,0.9990364232029293,0.9578713968957872,0.9780209414206207,5412.0,1.0,0.9548213081591369,0.9768885822697482,1483.0,1.0,0.6573513337862987,0.7932552626419265,33851.0,0.9991496598639455,0.9983007646559049,0.9987250318742031,1177.0,,,,,,,,
xgboost,temporal,1011,top20_stable,,False,0.992946395820051,0.9948958493473884,0.9975226630454729,0.9950575701550458,0.0,0.99938605597296,0.9980934229991829,16.891685247421265,0.41298961639404297,217898.94086377817,210010,89990,20,9.0,xgboost_temporal_top20_stable_seed1011.json,0.992422328870927,1.0,0.9961967545638946,35361.0,0.9832908524497309,0.9994242947610823,0.9912919343326195,10422.0,1.0,1.0,1.0,84.0,0.9986091794158554,1.0,0.9993041057759221,718.0,0.9966307277628033,0.9979757085020243,0.9973027646662171,1482.0,0.9996184662342618,0.9682187730968219,0.9836681058757274,5412.0,1.0,0.9514497639919083,0.9751209398756047,1483.0,1.0,0.9940919295758005,0.9970372126096231,33852.0,0.9974446337308348,0.9957482993197279,0.9965957446808511,1176.0,,,,,,,,
xgboost,temporal,123,top20_stable,,False,0.9875942113601659,0.9910072047375506,0.9967218533924685,0.9934651290499725,0.0,0.9994688116997933,0.9970280205655343,19.675867795944214,0.4420351982116699,203583.33536350544,210009,89991,20,9.0,xgboost_temporal_top20_stable_seed123.json,0.9900050394758945,1.0,0.994977419490989,35361.0,0.9594731509625126,0.9995202456342352,0.9790873631279665,10422.0,0.9883720930232558,1.0,0.9941520467836257,85.0,0.9958448753462604,1.0,0.9979181124219292,719.0,1.0,0.99527665317139,0.9976327358809605,1482.0,0.9997990757484428,0.9194382852919438,0.957936278756377,5412.0,1.0,0.9487525286581254,0.9737024221453288,1483.0,1.0,0.9918761631857257,0.9959215151200558,33851.0,0.9982949701619779,0.9957482993197279,0.9970200085142614,1176.0,,,,,,,,
xgboost,temporal,2026,top20_stable,,False,0.9469253597405801,0.9323022720040058,0.9638017202955039,0.9301325230634061,0.0,0.9991622842243889,0.9975265337997402,16.568737030029297,0.45324182510375977,198554.04999174134,210007,89993,20,9.0,xgboost_temporal_top20_stable_seed2026.json,0.9025728725305018,1.0,0.9487919075919988,35361.0,0.8321622484829128,1.0,0.9083936198030158,10422.0,1.0,1.0,1.0,85.0,0.9986111111111111,1.0,0.9993050729673384,719.0,1.0,0.9966261808367072,0.9983102399459277,1482.0,1.0,0.6123429416112343,0.7595691038276415,5412.0,1.0,0.9386792452830188,0.9683698296836983,1484.0,1.0,0.8898440269408011,0.9417116060961312,33852.0,0.996607294317218,0.9991496598639455,0.9978768577494692,1176.0,,,,,,,,
xgboost,temporal,3141,top20_stable,,False,0.9628981610688473,0.9410143413187134,0.9619791369777119,0.9267435475013729,0.0,0.999120264993617,0.9965521126585222,18.069653034210205,0.4543123245239258,198081.79338806545,210009,89991,20,9.0,xgboost_temporal_top20_stable_seed3141.json,0.898330919899398,1.0,0.9464429099084631,35361.0,0.8937886067261496,0.9996161965073882,0.9437449044297491,10422.0,1.0,1.0,1.0,85.0,0.9958391123439667,1.0,0.9979152189020153,718.0,0.999322951929587,0.9959514170040485,0.9976343359242987,1482.0,0.9997607655502392,0.7723156532988357,0.8714419768532999,5411.0,0.9992897727272727,0.9481132075471698,0.9730290456431535,1484.0,1.0,0.8839950372208437,0.9384260783668094,33852.0,0.9974489795918368,0.9974489795918368,0.9974489795918368,1176.0,,,,,,,,
xgboost,temporal,42,top20_stable,,False,0.9846459374177213,0.989518769578597,0.998267247306899,0.9965404890906429,0.0,0.9996531352998398,0.9987467066962353,23.502115964889526,0.3993716239929199,225336.49010976154,210007,89993,20,9.0,xgboost_temporal_top20_stable_seed42.json,0.9946835443037975,1.0,0.9973346871430384,35361.0,0.934194011117088,0.9998080982536941,0.9658880237300704,10422.0,1.0,1.0,1.0,85.0,0.9986111111111111,1.0,0.9993050729673384,719.0,0.9973082099596231,0.9993256911665542,0.9983159312899966,1483.0,1.0,0.8658536585365854,0.9281045751633987,5412.0,0.9992947813822285,0.9554956169925826,0.9769045156842469,1483.0,1.0,0.9961892945763914,0.9980910099889012,33852.0,1.0,0.9957482993197279,0.9978696207925011,1176.0,,,,,,,,
xgboost,temporal,4242,top20_stable,,False,0.9910388699695051,0.9940614582586658,0.997099746686736,0.9942708619332637,8.483922965979469e-05,0.9993736374122381,0.9976364426018011,17.138054132461548,0.43503832817077637,206864.53163426195,210006,89994,20,9.0,xgboost_temporal_top20_stable_seed4242.json,0.9912253651425528,0.9999151607703402,0.9955513008221647,35361.0,0.9826119826119826,0.9976971790443293,0.9900971243572653,10422.0,0.9883720930232558,1.0,0.9941520467836257,85.0,0.9889958734525447,1.0,0.9944674965421854,719.0,0.9986495611073599,0.9973027646662171,0.9979757085020243,1483.0,0.9960045662100456,0.9672949002217295,0.9814398200224972,5412.0,0.9992887624466572,0.947403910991234,0.9726548978885428,1483.0,1.0,0.9928512347867187,0.9964127953514571,33852.0,0.9974468085106383,0.9957519116397621,0.9965986394557823,1177.0,,,,,,,,
xgboost,temporal,456,top20_stable,,False,0.9726144541635503,0.9388625484490049,0.9519908681931109,0.9083803177857509,0.0,0.9992821725736272,0.9978996794653747,18.42580795288086,0.43500185012817383,206870.3845132719,210011,89989,20,9.0,xgboost_temporal_top20_stable_seed456.json,0.8760095129564485,1.0,0.9339073249963685,35361.0,0.958337165455716,0.9998080982536941,0.9786334820380371,10422.0,0.9882352941176471,1.0,0.9940828402366864,84.0,0.9944598337950139,1.0,0.9972222222222222,718.0,0.9993243243243243,0.9973027646662171,0.9983125210934863,1483.0,1.0,0.9170208833856958,0.956714547382628,5411.0,1.0,0.952124072825354,0.975474956822107,1483.0,1.0,0.8540958908156332,0.9213071395567453,33851.0,0.9974511469838573,0.9982993197278912,0.9978750531236719,1176.0,,,,,,,,
xgboost,temporal,5555,top20_stable,,False,0.9644126443531049,0.9754561410701273,0.9981202490440779,0.9962657880285557,2.8279743219931563e-05,0.9993739173931844,0.9974545738148015,16.950186252593994,0.4428236484527588,203220.85397749575,210009,89991,20,9.0,xgboost_temporal_top20_stable_seed5555.json,0.994263862332696,0.99997172025678,0.9971096228410292,35361.0,0.8469603381014305,0.999904049126847,0.9170993575640236,10422.0,1.0,1.0,1.0,84.0,0.9972260748959778,1.0,0.9986111111111111,719.0,1.0,0.9993252361673415,0.9996625042186973,1482.0,1.0,0.6536684531509888,0.7905677246312025,5411.0,1.0,0.959541469993257,0.9793530626290433,1483.0,1.0,0.9954803261254874,0.997735044632944,33852.0,0.9991511035653651,1.0,0.9995753715498938,1177.0,,,,,,,,
xgboost,temporal,6789,top20_stable,,False,0.9720721273660539,0.9239898345187308,0.9359406345558304,0.8796104775676814,2.8279743219931563e-05,0.9991785180591299,0.9968128824733911,16.578109979629517,0.4744889736175537,189660.8878260996,210008,89992,20,9.0,xgboost_temporal_top20_stable_seed6789.json,0.8431695161790305,0.99997172025678,0.9149007736293306,35361.0,0.9855760106282027,0.9965457685664939,0.9910305343511451,10422.0,0.9882352941176471,1.0,0.9940828402366864,84.0,0.9958448753462604,1.0,0.9979181124219292,719.0,0.9986504723346828,0.9979770734996628,0.9983136593591906,1483.0,0.9933924863130074,0.9722838137472284,0.9827248109067139,5412.0,1.0,0.9575185434929198,0.9782983120909404,1483.0,1.0,0.8075093793388674,0.8935050501748766,33851.0,0.9982993197278912,0.9974511469838573,0.9978750531236719,1177.0,,,,,,,,
xgboost,temporal,789,top20_stable,,False,0.9639979233484455,0.9015531883660356,0.9167071514262203,0.8462228405117973,0.0,0.9986970340486719,0.9965179167796209,19.003199815750122,0.46646881103515625,192921.7942787982,210008,89992,20,9.0,xgboost_temporal_top20_stable_seed789.json,0.8080297975412458,1.0,0.8938235405634266,35361.0,0.9714711914972963,0.9998080982536941,0.9854359750331001,10422.0,1.0,0.9882352941176471,0.9940828402366864,85.0,0.9972222222222222,1.0,0.9986091794158554,718.0,0.9986513823331086,0.9986513823331086,0.9986513823331086,1483.0,0.9992172211350293,0.9434589800443459,0.9705379205474245,5412.0,0.9992942836979535,0.9548213081591369,0.976551724137931,1483.0,1.0,0.7537148090159818,0.8595637159942727,33851.0,0.9991496598639455,0.9983007646559049,0.9987250318742031,1177.0,,,,,,,,
xgboost,temporal,1011,top50,,False,0.9953585988486849,0.9956931834353243,0.9980742425353972,0.996155887898369,0.0,0.9994372387395491,0.9983512154319522,26.2878897190094,0.43819427490234375,205365.53112213808,210010,89990,50,9.0,xgboost_temporal_top50_seed1011.json,0.9940963144134267,1.0,0.9970394180341736,35361.0,0.9844074844074844,0.9995202456342352,0.9919063035612264,10422.0,1.0,1.0,1.0,84.0,0.9972222222222222,1.0,0.9986091794158554,718.0,0.9973027646662171,0.9979757085020243,0.9976391231028667,1482.0,0.9998096325909004,0.9704360679970436,0.9849038912330051,5412.0,0.9993197278911564,0.9905596763317599,0.9949204199119539,1483.0,1.0,0.9940919295758005,0.9970372126096231,33852.0,0.9965957446808511,0.9957482993197279,0.9961718417694598,1176.0,,,,,,,,
xgboost,temporal,123,top50,,False,0.9951032510415941,0.9948602876273744,0.9973940172508717,0.9948380010982977,5.6559486439863127e-05,0.9994948226316072,0.9970569931736346,16.497185468673706,0.42660951614379883,210944.66155711914,210009,89991,50,9.0,xgboost_temporal_top50_seed123.json,0.9920877640919166,0.9999434405135601,0.9960001126728825,35361.0,0.9847696528237632,0.9988485895221646,0.9917591578145096,10422.0,1.0,1.0,1.0,85.0,0.9889958734525447,1.0,0.9944674965421854,719.0,1.0,0.9959514170040485,0.9979716024340771,1482.0,0.9986699600988029,0.9711751662971175,0.9847306791569087,5412.0,0.9986440677966102,0.9932569116655429,0.9959432048681541,1483.0,1.0,0.9918466219609465,0.995906623557678,33851.0,0.99830220713073,1.0,0.9991503823279524,1176.0,,,,,,,,
xgboost,temporal,2026,top50,,False,0.9727186488571691,0.9497413464530499,0.9659101663795877,0.9340679455264314,0.0,0.9991580294913436,0.9975557300785718,21.146238565444946,0.3963172435760498,227073.13764088374,210007,89993,50,9.0,xgboost_temporal_top50_seed2026.json,0.9075533198162359,1.0,0.9515365157957053,35361.0,0.9222192726307407,1.0,0.9595359756939649,10422.0,1.0,1.0,1.0,85.0,0.9958448753462604,1.0,0.9979181124219292,719.0,0.9986495611073599,0.9979757085020243,0.9983125210934863,1482.0,1.0,0.8383222468588323,0.9120514624585385,5412.0,1.0,0.9865229110512129,0.9932157394843962,1484.0,1.0,0.8939796762377408,0.9440224596428293,33852.0,0.9974511469838573,0.9982993197278912,0.9978750531236719,1176.0,,,,,,,,
xgboost,temporal,3141,top50,,False,0.9846344682574356,0.9612177396541861,0.9694008451554482,0.9406187076697785,0.0,0.9990458432982519,0.9966790984327228,22.401018619537354,0.3294260501861572,273175.1175996752,210009,89991,50,9.0,xgboost_temporal_top50_seed3141.json,0.9159694340111385,1.0,0.9561420111943325,35361.0,0.9791353383458646,0.9996161965073882,0.9892697749501472,10422.0,1.0,1.0,1.0,85.0,0.9944598337950139,1.0,0.9972222222222222,718.0,0.9993234100135318,0.9966261808367072,0.9979729729729729,1482.0,0.9996151625938041,0.9600813158381075,0.9794494720965309,5411.0,0.9993183367416496,0.9878706199460916,0.9935615045747205,1484.0,0.9999020280199863,0.9044665012406948,0.9497929365781025,33852.0,0.9982993197278912,0.9982993197278912,0.9982993197278912,1176.0,,,,,,,,
xgboost,temporal,42,top50,,False,0.9882723005195795,0.9921627637346735,0.9987537570559343,0.9975106164885049,0.0,0.9994262760789316,0.9981936120108846,21.02258586883545,0.3882791996002197,231773.94022821373,210007,89993,50,9.0,xgboost_temporal_top50_seed42.json,0.9961686903118573,1.0,0.9980806683790115,35361.0,0.949690120306234,0.9998080982536941,0.974104889221277,10422.0,0.9770114942528736,1.0,0.9883720930232558,85.0,0.9986111111111111,1.0,0.9993050729673384,719.0,0.995965030262273,0.9986513823331086,0.9973063973063973,1483.0,1.0,0.8994826311899483,0.9470817120622568,5412.0,0.9993188010899182,0.9892110586648685,0.9942392409352762,1483.0,1.0,0.9961892945763914,0.9980910099889012,33852.0,1.0,0.9957482993197279,0.9978696207925011,1176.0,,,,,,,,
xgboost,temporal,4242,top50,,False,0.9935283321374706,0.9946097735648034,0.9977159525578579,0.9954423150842897,0.0,0.999243916346967,0.9977153785318433,26.787795543670654,0.41791653633117676,215339.64841411423,210006,89994,50,9.0,xgboost_temporal_top50_seed4242.json,0.9930075821398484,1.0,0.9964915247072748,35361.0,0.9791412195809452,0.999904049126847,0.9894137194398291,10422.0,0.9883720930232558,1.0,0.9941520467836257,85.0,0.9917241379310345,1.0,0.9958448753462604,719.0,0.9986504723346828,0.9979770734996628,0.9983136593591906,1483.0,0.9996151625938041,0.9599039172209904,0.9793571495899708,5412.0,1.0,0.987862440997977,0.9938941655359566,1483.0,1.0,0.9928512347867187,0.9964127953514571,33852.0,0.9982993197278912,0.9974511469838573,0.9978750531236719,1177.0,,,,,,,,
xgboost,temporal,456,top50,,False,0.9780787275114106,0.9402542436474733,0.9513571620532115,0.9072270630445926,0.0,0.9993296964180826,0.997765237877151,27.140056133270264,0.4401547908782959,204448.53007378086,210011,89989,50,9.0,xgboost_temporal_top50_seed456.json,0.8746444383981795,1.0,0.9331310199234728,35361.0,0.9755640857597603,0.9998080982536941,0.9875373169691513,10422.0,1.0,1.0,1.0,84.0,0.9944598337950139,1.0,0.9972222222222222,718.0,0.9993243243243243,0.9973027646662171,0.9983125210934863,1483.0,1.0,0.9525041581962669,0.9756743965925225,5411.0,0.9993192648059904,0.9898853674983142,0.994579945799458,1483.0,1.0,0.8505214026173525,0.9192235241531241,33851.0,0.9957591178965225,0.9982993197278912,0.9970276008492569,1176.0,,,,,,,,
xgboost,temporal,5555,top50,,False,0.989816231612228,0.9920446855504085,0.9984967368189485,0.9969979864543291,0.0,0.9994251746840312,0.9981542364072986,19.90543031692505,0.42774391174316406,210385.22707024406,210009,89991,50,9.0,xgboost_temporal_top50_seed5555.json,0.9953835327234342,1.0,0.9976864260925994,35361.0,0.9508121920058404,0.9997121473805411,0.9746492048643592,10422.0,1.0,1.0,1.0,84.0,0.9972260748959778,1.0,0.9986111111111111,719.0,0.9993252361673415,0.9993252361673415,0.9993252361673415,1482.0,0.9995904157280361,0.9020513768249862,0.9483194093646784,5411.0,1.0,0.98583951449764,0.9928692699490662,1483.0,1.0,0.9954803261254874,0.997735044632944,33852.0,0.9991503823279524,0.9991503823279524,0.9991503823279524,1177.0,,,,,,,,
xgboost,temporal,6789,top50,,False,0.9775580205117514,0.9329852612428957,0.9438795236622333,0.8937233438890008,0.0,0.9991875663947284,0.9968298279769721,18.18856453895569,0.4335594177246094,207565.55231182085,210008,89992,50,9.0,xgboost_temporal_top50_seed6789.json,0.8589647047392329,1.0,0.9241323437173322,35361.0,0.9855113636363636,0.9985607369027059,0.9919931369745496,10422.0,1.0,1.0,1.0,84.0,0.9958448753462604,1.0,0.9979181124219292,719.0,0.9986504723346828,0.9979770734996628,0.9983136593591906,1483.0,0.9975355450236967,0.9722838137472284,0.9847478244596238,5412.0,1.0,0.9925826028320971,0.9962774957698816,1483.0,1.0,0.8287199787303181,0.9063388472473507,33851.0,0.9983007646559049,0.9983007646559049,0.9983007646559049,1177.0,,,,,,,,
xgboost,temporal,789,top50,,False,0.9540885205324725,0.8530390408107078,0.8700229590253791,0.7699474657245886,0.0,0.9985936013084183,0.9962576450840643,21.391562938690186,0.4493112564086914,200288.77246321132,210008,89992,50,9.0,xgboost_temporal_top50_seed789.json,0.7377787978050867,1.0,0.8491055348781367,35361.0,0.9843174303259329,0.9997121473805411,0.9919550625981816,10422.0,1.0,1.0,1.0,85.0,0.9944598337950139,1.0,0.9972222222222222,718.0,0.9986504723346828,0.9979770734996628,0.9983136593591906,1483.0,0.9998095600837935,0.9700665188470067,0.984713495263997,5412.0,1.0,0.9898853674983142,0.994916977295832,1483.0,1.0,0.6290212992230658,0.7722689685187871,33851.0,0.9983007646559049,0.9983007646559049,0.9983007646559049,1177.0,,,,,,,,
